timestamp,sessionId,deviceId,roomId,flameRaw,tempC,humidity,gasRaw,smokeRaw,fireAngle,label,distance_cm,environment_notes,data_source
2026-09-16 05:42:53.329334+00:00,SYNTH_FALSE_001,dev_001,Kitchen,897,25.79,55.84,124,103,90,NORMAL,100,Synthetic simulation of FALSE_ALARM condition,synthetic
2026-09-16 05:42:54.329334+00:00,SYNTH_FALSE_001,dev_001,Kitchen,888,26.11,56.38,119,109,90,NORMAL,100,Synthetic simulation of FALSE_ALARM condition,synthetic
2026-09-16 05:42:55.329334+00:00,SYNTH_FALSE_001,dev_001,Kitchen,887,25.88,56.01,123,104,90,NORMAL,100,Synthetic simulation of FALSE_ALARM condition,synthetic
2026-09-16 05:42:56.329334+00:00,SYNTH_FALSE_001,dev_001,Kitchen,888,25.83,55.99,119,104,90,NORMAL,100,Synthetic simulation of FALSE_ALARM condition,synthetic
2026-09-16 05:42:57.329334+00:00,SYNTH_FALSE_001,dev_001,Kitchen,888,25.42,55.79,124,106,90,NORMAL,100,Synthetic simulation of FALSE_ALARM condition,synthetic
2026-09-16 05:42:58.329334+00:00,SYNTH_FALSE_001,dev_001,Kitchen,884,25.79,56.43,120,107,90,NORMAL,100,Synthetic simulation of FALSE_ALARM condition,synthetic
2026-09-16 05:42:59.329334+00:00,SYNTH_FALSE_001,dev_001,Kitchen,898,25.75,56.44,128,106,90,NORMAL,100,Synthetic simulation of FALSE_ALARM condition,synthetic
2026-09-16 05:43:00.329334+00:00,SYNTH_FALSE_001,dev_001,Kitchen,888,25.82,55.85,127,104,90,NORMAL,100,Synthetic simulation of FALSE_ALARM condition,synthetic
2026-09-16 05:43:01.329334+00:00,SYNTH_FALSE_001,dev_001,Kitchen,888,26.12,56.11,126,105,90,NORMAL,100,Synthetic simulation of FALSE_ALARM condition,synthetic
2026-09-16 05:43:02.329334+00:00,SYNTH_FALSE_001,dev_001,Kitchen,894,25.89,56.14,120,102,90,NORMAL,100,Synthetic simulation of FALSE_ALARM condition,synthetic
2026-09-16 05:43:03.329334+00:00,SYNTH_FALSE_001,dev_001,Kitchen,886,25.81,56.1,123,108,90,NORMAL,100,Synthetic simulation of FALSE_ALARM condition,synthetic
2026-09-16 05:43:04.329334+00:00,SYNTH_FALSE_001,dev_001,Kitchen,891,25.88,56.01,126,103,90,NORMAL,100,Synthetic simulation of FALSE_ALARM condition,synthetic
2026-09-16 05:43:05.329334+00:00,SYNTH_FALSE_001,dev_001,Kitchen,891,26.04,56.31,126,105,90,NORMAL,100,Synthetic simulation of FALSE_ALARM condition,synthetic
2026-09-16 05:43:06.329334+00:00,SYNTH_FALSE_001,dev_001,Kitchen,893,25.85,55.87,125,99,90,NORMAL,100,Synthetic simulation of FALSE_ALARM condition,synthetic
2026-09-16 05:43:07.329334+00:00,SYNTH_FALSE_001,dev_001,Kitchen,888,26.17,55.94,123,105,90,NORMAL,100,Synthetic simulation of FALSE_ALARM condition,synthetic
2026-09-16 05:43:08.329334+00:00,SYNTH_FALSE_001,dev_001,Kitchen,897,25.78,56.2,121,105,90,NORMAL,100,Synthetic simulation of FALSE_ALARM condition,synthetic
2026-09-16 05:43:09.329334+00:00,SYNTH_FALSE_001,dev_001,Kitchen,899,25.96,56.36,123,103,90,NORMAL,100,Synthetic simulation of FALSE_ALARM condition,synthetic
2026-09-16 05:43:10.329334+00:00,SYNTH_FALSE_001,dev_001,Kitchen,887,25.88,55.83,126,106,90,NORMAL,100,Synthetic simulation of FALSE_ALARM condition,synthetic
2026-09-16 05:43:11.329334+00:00,SYNTH_FALSE_001,dev_001,Kitchen,895,25.83,56.7,122,106,90,NORMAL,100,Synthetic simulation of FALSE_ALARM condition,synthetic
2026-09-16 05:43:12.329334+00:00,SYNTH_FALSE_001,dev_001,Kitchen,883,25.72,56.06,121,107,90,NORMAL,100,Synthetic simulation of FALSE_ALARM condition,synthetic
2026-09-16 05:43:13.329334+00:00,SYNTH_FALSE_001,dev_001,Kitchen,887,25.69,56.42,120,104,90,NORMAL,100,Synthetic simulation of FALSE_ALARM condition,synthetic
2026-09-16 05:43:14.329334+00:00,SYNTH_FALSE_001,dev_001,Kitchen,889,25.82,55.58,121,106,90,NORMAL,100,Synthetic simulation of FALSE_ALARM condition,synthetic
2026-09-16 05:43:15.329334+00:00,SYNTH_FALSE_001,dev_001,Kitchen,889,25.86,56.17,125,107,90,NORMAL,100,Synthetic simulation of FALSE_ALARM condition,synthetic
2026-09-16 05:43:16.329334+00:00,SYNTH_FALSE_001,dev_001,Kitchen,891,26.0,55.75,120,105,90,NORMAL,100,Synthetic simulation of FALSE_ALARM condition,synthetic
2026-09-16 05:43:17.329334+00:00,SYNTH_FALSE_001,dev_001,Kitchen,889,25.9,56.08,121,106,90,NORMAL,100,Synthetic simulation of FALSE_ALARM condition,synthetic
2026-09-16 05:43:18.329334+00:00,SYNTH_FALSE_001,dev_001,Kitchen,895,25.87,56.41,119,104,90,NORMAL,100,Synthetic simulation of FALSE_ALARM condition,synthetic
2026-09-16 05:43:19.329334+00:00,SYNTH_FALSE_001,dev_001,Kitchen,892,25.88,56.53,126,104,90,NORMAL,100,Synthetic simulation of FALSE_ALARM condition,synthetic
2026-09-16 05:43:20.329334+00:00,SYNTH_FALSE_001,dev_001,Kitchen,890,25.98,56.05,118,104,90,NORMAL,100,Synthetic simulation of FALSE_ALARM condition,synthetic
2026-09-16 05:43:21.329334+00:00,SYNTH_FALSE_001,dev_001,Kitchen,892,25.78,55.94,120,105,90,NORMAL,100,Synthetic simulation of FALSE_ALARM condition,synthetic
2026-09-16 05:43:22.329334+00:00,SYNTH_FALSE_001,dev_001,Kitchen,888,25.79,56.47,120,108,90,NORMAL,100,Synthetic simulation of FALSE_ALARM condition,synthetic
2026-09-16 05:43:23.329334+00:00,SYNTH_FALSE_001,dev_001,Kitchen,891,26.06,56.11,115,106,90,NORMAL,100,Synthetic simulation of FALSE_ALARM condition,synthetic
2026-09-16 05:43:24.329334+00:00,SYNTH_FALSE_001,dev_001,Kitchen,888,25.67,55.98,122,105,90,NORMAL,100,Synthetic simulation of FALSE_ALARM condition,synthetic
2026-09-16 05:43:25.329334+00:00,SYNTH_FALSE_001,dev_001,Kitchen,897,25.64,56.05,129,104,90,NORMAL,100,Synthetic simulation of FALSE_ALARM condition,synthetic
2026-09-16 05:43:26.329334+00:00,SYNTH_FALSE_001,dev_001,Kitchen,891,25.87,55.68,117,104,90,NORMAL,100,Synthetic simulation of FALSE_ALARM condition,synthetic
2026-09-16 05:43:27.329334+00:00,SYNTH_FALSE_001,dev_001,Kitchen,890,25.92,56.19,123,98,90,NORMAL,100,Synthetic simulation of FALSE_ALARM condition,synthetic
2026-09-16 05:43:28.329334+00:00,SYNTH_FALSE_001,dev_001,Kitchen,888,25.82,55.8,123,103,90,NORMAL,100,Synthetic simulation of FALSE_ALARM condition,synthetic
2026-09-16 05:43:29.329334+00:00,SYNTH_FALSE_001,dev_001,Kitchen,889,26.1,56.48,124,101,90,NORMAL,100,Synthetic simulation of FALSE_ALARM condition,synthetic
2026-09-16 05:43:30.329334+00:00,SYNTH_FALSE_001,dev_001,Kitchen,889,25.85,56.01,122,105,90,NORMAL,100,Synthetic simulation of FALSE_ALARM condition,synthetic
2026-09-16 05:43:31.329334+00:00,SYNTH_FALSE_001,dev_001,Kitchen,899,25.77,56.2,127,107,90,NORMAL,100,Synthetic simulation of FALSE_ALARM condition,synthetic
2026-09-16 05:43:32.329334+00:00,SYNTH_FALSE_001,dev_001,Kitchen,888,25.85,55.84,128,102,90,NORMAL,100,Synthetic simulation of FALSE_ALARM condition,synthetic
2026-09-16 05:43:33.329334+00:00,SYNTH_FALSE_001,dev_001,Kitchen,888,25.63,55.94,127,113,90,NORMAL,100,Synthetic simulation of FALSE_ALARM condition,synthetic
2026-09-16 05:43:34.329334+00:00,SYNTH_FALSE_001,dev_001,Kitchen,880,25.82,55.5,124,109,90,NORMAL,100,Synthetic simulation of FALSE_ALARM condition,synthetic
2026-09-16 05:43:35.329334+00:00,SYNTH_FALSE_001,dev_001,Kitchen,885,25.55,56.33,123,108,90,NORMAL,100,Synthetic simulation of FALSE_ALARM condition,synthetic
2026-09-16 05:43:36.329334+00:00,SYNTH_FALSE_001,dev_001,Kitchen,893,25.77,56.32,123,108,90,NORMAL,100,Synthetic simulation of FALSE_ALARM condition,synthetic
2026-09-16 05:43:37.329334+00:00,SYNTH_FALSE_001,dev_001,Kitchen,893,25.92,56.31,121,105,90,NORMAL,100,Synthetic simulation of FALSE_ALARM condition,synthetic
2026-09-16 05:43:38.329334+00:00,SYNTH_FALSE_001,dev_001,Kitchen,891,25.78,55.89,128,105,90,NORMAL,100,Synthetic simulation of FALSE_ALARM condition,synthetic
2026-09-16 05:43:39.329334+00:00,SYNTH_FALSE_001,dev_001,Kitchen,888,26.0,56.1,121,103,90,NORMAL,100,Synthetic simulation of FALSE_ALARM condition,synthetic
2026-09-16 05:43:40.329334+00:00,SYNTH_FALSE_001,dev_001,Kitchen,899,25.57,56.24,131,102,90,NORMAL,100,Synthetic simulation of FALSE_ALARM condition,synthetic
2026-09-16 05:43:41.329334+00:00,SYNTH_FALSE_001,dev_001,Kitchen,378,25.84,56.08,122,107,45,FALSE_ALARM,100,Synthetic simulation of FALSE_ALARM condition,synthetic
2026-09-16 05:43:42.329334+00:00,SYNTH_FALSE_001,dev_001,Kitchen,383,26.05,56.17,123,106,45,FALSE_ALARM,100,Synthetic simulation of FALSE_ALARM condition,synthetic
2026-09-16 05:43:43.329334+00:00,SYNTH_FALSE_001,dev_001,Kitchen,383,25.68,56.43,122,108,45,FALSE_ALARM,100,Synthetic simulation of FALSE_ALARM condition,synthetic
2026-09-16 05:43:44.329334+00:00,SYNTH_FALSE_001,dev_001,Kitchen,380,25.74,56.12,118,106,45,FALSE_ALARM,100,Synthetic simulation of FALSE_ALARM condition,synthetic
2026-09-16 05:43:45.329334+00:00,SYNTH_FALSE_001,dev_001,Kitchen,897,25.9,56.27,121,108,90,NORMAL,100,Synthetic simulation of FALSE_ALARM condition,synthetic
2026-09-16 05:43:46.329334+00:00,SYNTH_FALSE_001,dev_001,Kitchen,891,25.75,56.02,127,106,90,NORMAL,100,Synthetic simulation of FALSE_ALARM condition,synthetic
2026-09-16 05:43:47.329334+00:00,SYNTH_FALSE_001,dev_001,Kitchen,888,25.75,56.91,129,105,90,NORMAL,100,Synthetic simulation of FALSE_ALARM condition,synthetic
2026-09-16 05:43:48.329334+00:00,SYNTH_FALSE_001,dev_001,Kitchen,894,25.65,56.38,128,109,90,NORMAL,100,Synthetic simulation of FALSE_ALARM condition,synthetic
2026-09-16 05:43:49.329334+00:00,SYNTH_FALSE_001,dev_001,Kitchen,894,25.9,55.87,122,108,90,NORMAL,100,Synthetic simulation of FALSE_ALARM condition,synthetic
2026-09-16 05:43:50.329334+00:00,SYNTH_FALSE_001,dev_001,Kitchen,889,25.74,55.74,126,107,90,NORMAL,100,Synthetic simulation of FALSE_ALARM condition,synthetic
2026-09-16 05:43:51.329334+00:00,SYNTH_FALSE_001,dev_001,Kitchen,883,26.02,55.45,119,110,90,NORMAL,100,Synthetic simulation of FALSE_ALARM condition,synthetic
2026-09-16 05:43:52.329334+00:00,SYNTH_FALSE_001,dev_001,Kitchen,890,25.95,56.31,126,108,90,NORMAL,100,Synthetic simulation of FALSE_ALARM condition,synthetic
2026-09-16 05:43:53.329334+00:00,SYNTH_FALSE_001,dev_001,Kitchen,896,26.09,55.96,124,104,90,NORMAL,100,Synthetic simulation of FALSE_ALARM condition,synthetic
2026-09-16 05:43:54.329334+00:00,SYNTH_FALSE_001,dev_001,Kitchen,891,25.84,55.88,120,106,90,NORMAL,100,Synthetic simulation of FALSE_ALARM condition,synthetic
2026-09-16 05:43:55.329334+00:00,SYNTH_FALSE_001,dev_001,Kitchen,900,25.59,56.55,120,105,90,NORMAL,100,Synthetic simulation of FALSE_ALARM condition,synthetic
2026-09-16 05:43:56.329334+00:00,SYNTH_FALSE_001,dev_001,Kitchen,881,26.05,55.34,126,104,90,NORMAL,100,Synthetic simulation of FALSE_ALARM condition,synthetic
2026-09-16 05:43:57.329334+00:00,SYNTH_FALSE_001,dev_001,Kitchen,885,26.01,55.93,124,111,90,NORMAL,100,Synthetic simulation of FALSE_ALARM condition,synthetic
2026-09-16 05:43:58.329334+00:00,SYNTH_FALSE_001,dev_001,Kitchen,886,25.97,55.76,124,107,90,NORMAL,100,Synthetic simulation of FALSE_ALARM condition,synthetic
2026-09-16 05:43:59.329334+00:00,SYNTH_FALSE_001,dev_001,Kitchen,884,26.01,56.17,123,108,90,NORMAL,100,Synthetic simulation of FALSE_ALARM condition,synthetic
2026-09-16 05:44:00.329334+00:00,SYNTH_FALSE_001,dev_001,Kitchen,894,25.9,55.3,122,100,90,NORMAL,100,Synthetic simulation of FALSE_ALARM condition,synthetic
2026-09-16 05:44:01.329334+00:00,SYNTH_FALSE_001,dev_001,Kitchen,892,25.79,56.04,128,106,90,NORMAL,100,Synthetic simulation of FALSE_ALARM condition,synthetic
2026-09-16 05:44:02.329334+00:00,SYNTH_FALSE_001,dev_001,Kitchen,893,26.09,55.87,128,108,90,NORMAL,100,Synthetic simulation of FALSE_ALARM condition,synthetic
2026-09-16 05:44:03.329334+00:00,SYNTH_FALSE_001,dev_001,Kitchen,893,25.8,56.02,120,107,90,NORMAL,100,Synthetic simulation of FALSE_ALARM condition,synthetic
2026-09-16 05:44:04.329334+00:00,SYNTH_FALSE_001,dev_001,Kitchen,890,25.82,56.03,122,103,90,NORMAL,100,Synthetic simulation of FALSE_ALARM condition,synthetic
2026-09-16 05:44:05.329334+00:00,SYNTH_FALSE_001,dev_001,Kitchen,892,25.73,56.33,123,106,90,NORMAL,100,Synthetic simulation of FALSE_ALARM condition,synthetic
2026-09-16 05:44:06.329334+00:00,SYNTH_FALSE_001,dev_001,Kitchen,888,25.88,55.97,123,107,90,NORMAL,100,Synthetic simulation of FALSE_ALARM condition,synthetic
2026-09-16 05:44:07.329334+00:00,SYNTH_FALSE_001,dev_001,Kitchen,881,26.07,56.25,122,105,90,NORMAL,100,Synthetic simulation of FALSE_ALARM condition,synthetic
2026-09-16 05:44:08.329334+00:00,SYNTH_FALSE_001,dev_001,Kitchen,892,26.05,56.25,122,106,90,NORMAL,100,Synthetic simulation of FALSE_ALARM condition,synthetic
2026-09-16 05:44:09.329334+00:00,SYNTH_FALSE_001,dev_001,Kitchen,887,26.07,55.85,123,106,90,NORMAL,100,Synthetic simulation of FALSE_ALARM condition,synthetic
2026-09-16 05:44:10.329334+00:00,SYNTH_FALSE_001,dev_001,Kitchen,894,25.66,55.82,127,108,90,NORMAL,100,Synthetic simulation of FALSE_ALARM condition,synthetic
2026-09-16 05:44:11.329334+00:00,SYNTH_FALSE_001,dev_001,Kitchen,897,25.98,56.73,124,105,90,NORMAL,100,Synthetic simulation of FALSE_ALARM condition,synthetic
2026-09-16 05:44:12.329334+00:00,SYNTH_FALSE_001,dev_001,Kitchen,889,25.72,56.16,121,106,90,NORMAL,100,Synthetic simulation of FALSE_ALARM condition,synthetic
2026-09-16 05:44:13.329334+00:00,SYNTH_FALSE_001,dev_001,Kitchen,898,25.69,56.27,127,105,90,NORMAL,100,Synthetic simulation of FALSE_ALARM condition,synthetic
2026-09-16 05:44:14.329334+00:00,SYNTH_FALSE_001,dev_001,Kitchen,884,25.85,55.67,122,104,90,NORMAL,100,Synthetic simulation of FALSE_ALARM condition,synthetic
2026-09-16 05:44:15.329334+00:00,SYNTH_FALSE_001,dev_001,Kitchen,889,25.91,55.76,122,109,90,NORMAL,100,Synthetic simulation of FALSE_ALARM condition,synthetic
2026-09-16 05:44:16.329334+00:00,SYNTH_FALSE_001,dev_001,Kitchen,890,26.06,55.88,126,112,90,NORMAL,100,Synthetic simulation of FALSE_ALARM condition,synthetic
2026-09-16 05:44:17.329334+00:00,SYNTH_FALSE_001,dev_001,Kitchen,889,25.91,56.25,122,108,90,NORMAL,100,Synthetic simulation of FALSE_ALARM condition,synthetic
2026-09-16 05:44:18.329334+00:00,SYNTH_FALSE_001,dev_001,Kitchen,892,25.82,56.6,120,106,90,NORMAL,100,Synthetic simulation of FALSE_ALARM condition,synthetic
2026-09-16 05:44:19.329334+00:00,SYNTH_FALSE_001,dev_001,Kitchen,889,25.82,56.21,121,105,90,NORMAL,100,Synthetic simulation of FALSE_ALARM condition,synthetic
2026-09-16 05:44:20.329334+00:00,SYNTH_FALSE_001,dev_001,Kitchen,885,25.8,56.19,128,102,90,NORMAL,100,Synthetic simulation of FALSE_ALARM condition,synthetic
2026-09-16 05:44:21.329334+00:00,SYNTH_FALSE_001,dev_001,Kitchen,885,25.67,56.07,128,106,90,NORMAL,100,Synthetic simulation of FALSE_ALARM condition,synthetic
2026-09-16 05:44:22.329334+00:00,SYNTH_FALSE_001,dev_001,Kitchen,893,25.94,55.75,125,104,90,NORMAL,100,Synthetic simulation of FALSE_ALARM condition,synthetic
2026-09-16 05:44:23.329334+00:00,SYNTH_FALSE_001,dev_001,Kitchen,895,25.47,56.17,121,110,90,NORMAL,100,Synthetic simulation of FALSE_ALARM condition,synthetic
2026-09-16 05:44:24.329334+00:00,SYNTH_FALSE_001,dev_001,Kitchen,893,25.87,56.11,125,107,90,NORMAL,100,Synthetic simulation of FALSE_ALARM condition,synthetic
2026-09-16 05:44:25.329334+00:00,SYNTH_FALSE_001,dev_001,Kitchen,892,25.67,55.86,126,106,90,NORMAL,100,Synthetic simulation of FALSE_ALARM condition,synthetic
2026-09-16 05:44:26.329334+00:00,SYNTH_FALSE_001,dev_001,Kitchen,894,25.98,56.08,129,110,90,NORMAL,100,Synthetic simulation of FALSE_ALARM condition,synthetic
2026-09-16 05:44:27.329334+00:00,SYNTH_FALSE_001,dev_001,Kitchen,893,25.81,55.84,118,103,90,NORMAL,100,Synthetic simulation of FALSE_ALARM condition,synthetic
2026-09-16 05:44:28.329334+00:00,SYNTH_FALSE_001,dev_001,Kitchen,886,25.9,56.16,123,105,90,NORMAL,100,Synthetic simulation of FALSE_ALARM condition,synthetic
2026-09-16 05:44:29.329334+00:00,SYNTH_FALSE_001,dev_001,Kitchen,886,25.74,56.18,124,106,90,NORMAL,100,Synthetic simulation of FALSE_ALARM condition,synthetic
2026-09-16 05:44:30.329334+00:00,SYNTH_FALSE_001,dev_001,Kitchen,893,25.82,56.06,117,109,90,NORMAL,100,Synthetic simulation of FALSE_ALARM condition,synthetic
2026-09-16 05:44:31.329334+00:00,SYNTH_FALSE_001,dev_001,Kitchen,882,25.58,56.04,124,101,90,NORMAL,100,Synthetic simulation of FALSE_ALARM condition,synthetic
2026-09-16 05:44:32.329334+00:00,SYNTH_FALSE_001,dev_001,Kitchen,888,25.8,55.61,118,107,90,NORMAL,100,Synthetic simulation of FALSE_ALARM condition,synthetic
2026-09-16 05:44:33.329334+00:00,SYNTH_FALSE_001,dev_001,Kitchen,887,25.86,55.97,123,105,90,NORMAL,100,Synthetic simulation of FALSE_ALARM condition,synthetic
2026-09-16 05:44:34.329334+00:00,SYNTH_FALSE_001,dev_001,Kitchen,890,25.83,55.95,125,104,90,NORMAL,100,Synthetic simulation of FALSE_ALARM condition,synthetic
2026-09-16 05:44:35.329334+00:00,SYNTH_FALSE_001,dev_001,Kitchen,899,25.78,56.2,120,108,90,NORMAL,100,Synthetic simulation of FALSE_ALARM condition,synthetic
2026-09-16 05:44:36.329334+00:00,SYNTH_FALSE_001,dev_001,Kitchen,886,26.23,55.89,122,104,90,NORMAL,100,Synthetic simulation of FALSE_ALARM condition,synthetic
2026-09-16 05:44:37.329334+00:00,SYNTH_FALSE_001,dev_001,Kitchen,888,25.68,56.31,122,107,90,NORMAL,100,Synthetic simulation of FALSE_ALARM condition,synthetic
2026-09-16 05:44:38.329334+00:00,SYNTH_FALSE_001,dev_001,Kitchen,890,25.75,56.03,126,104,90,NORMAL,100,Synthetic simulation of FALSE_ALARM condition,synthetic
2026-09-16 05:44:39.329334+00:00,SYNTH_FALSE_001,dev_001,Kitchen,893,25.77,55.54,123,109,90,NORMAL,100,Synthetic simulation of FALSE_ALARM condition,synthetic
2026-09-16 05:44:40.329334+00:00,SYNTH_FALSE_001,dev_001,Kitchen,894,25.69,55.99,127,106,90,NORMAL,100,Synthetic simulation of FALSE_ALARM condition,synthetic
2026-09-16 05:44:41.329334+00:00,SYNTH_FALSE_001,dev_001,Kitchen,890,25.88,55.78,123,104,90,NORMAL,100,Synthetic simulation of FALSE_ALARM condition,synthetic
2026-09-16 05:44:42.329334+00:00,SYNTH_FALSE_001,dev_001,Kitchen,888,26.02,56.17,125,108,90,NORMAL,100,Synthetic simulation of FALSE_ALARM condition,synthetic
2026-09-16 05:44:43.329334+00:00,SYNTH_FALSE_001,dev_001,Kitchen,883,26.02,56.06,122,107,90,NORMAL,100,Synthetic simulation of FALSE_ALARM condition,synthetic
2026-09-16 05:44:44.329334+00:00,SYNTH_FALSE_001,dev_001,Kitchen,889,25.83,55.94,128,106,90,NORMAL,100,Synthetic simulation of FALSE_ALARM condition,synthetic
2026-09-16 05:44:45.329334+00:00,SYNTH_FALSE_001,dev_001,Kitchen,893,25.93,55.94,124,109,90,NORMAL,100,Synthetic simulation of FALSE_ALARM condition,synthetic
2026-09-16 05:44:46.329334+00:00,SYNTH_FALSE_001,dev_001,Kitchen,895,25.72,55.94,126,100,90,NORMAL,100,Synthetic simulation of FALSE_ALARM condition,synthetic
2026-09-16 05:44:47.329334+00:00,SYNTH_FALSE_001,dev_001,Kitchen,885,25.92,56.31,130,107,90,NORMAL,100,Synthetic simulation of FALSE_ALARM condition,synthetic
2026-09-16 05:44:48.329334+00:00,SYNTH_FALSE_001,dev_001,Kitchen,879,25.74,55.68,124,106,90,NORMAL,100,Synthetic simulation of FALSE_ALARM condition,synthetic
2026-09-16 05:44:49.329334+00:00,SYNTH_FALSE_001,dev_001,Kitchen,887,26.12,56.23,124,104,90,NORMAL,100,Synthetic simulation of FALSE_ALARM condition,synthetic
2026-09-16 05:44:50.329334+00:00,SYNTH_FALSE_001,dev_001,Kitchen,889,25.9,56.19,124,106,90,NORMAL,100,Synthetic simulation of FALSE_ALARM condition,synthetic
2026-09-16 05:44:51.329334+00:00,SYNTH_FALSE_001,dev_001,Kitchen,887,25.74,56.01,123,106,90,NORMAL,100,Synthetic simulation of FALSE_ALARM condition,synthetic
2026-09-16 05:44:52.329334+00:00,SYNTH_FALSE_001,dev_001,Kitchen,894,25.96,56.56,125,105,90,NORMAL,100,Synthetic simulation of FALSE_ALARM condition,synthetic
2026-09-16 05:42:53.330331+00:00,SYNTH_FALSE_002,dev_001,Kitchen,900,24.16,52.53,126,91,90,NORMAL,100,Synthetic simulation of FALSE_ALARM condition,synthetic
2026-09-16 05:42:54.330331+00:00,SYNTH_FALSE_002,dev_001,Kitchen,899,23.84,52.54,124,89,90,NORMAL,100,Synthetic simulation of FALSE_ALARM condition,synthetic
2026-09-16 05:42:55.330331+00:00,SYNTH_FALSE_002,dev_001,Kitchen,901,23.54,52.44,125,95,90,NORMAL,100,Synthetic simulation of FALSE_ALARM condition,synthetic
2026-09-16 05:42:56.330331+00:00,SYNTH_FALSE_002,dev_001,Kitchen,894,23.64,52.2,127,91,90,NORMAL,100,Synthetic simulation of FALSE_ALARM condition,synthetic
2026-09-16 05:42:57.330331+00:00,SYNTH_FALSE_002,dev_001,Kitchen,893,23.78,52.31,124,92,90,NORMAL,100,Synthetic simulation of FALSE_ALARM condition,synthetic
2026-09-16 05:42:58.330331+00:00,SYNTH_FALSE_002,dev_001,Kitchen,891,23.69,52.55,120,93,90,NORMAL,100,Synthetic simulation of FALSE_ALARM condition,synthetic
2026-09-16 05:42:59.330331+00:00,SYNTH_FALSE_002,dev_001,Kitchen,897,23.77,52.84,125,93,90,NORMAL,100,Synthetic simulation of FALSE_ALARM condition,synthetic
2026-09-16 05:43:00.330331+00:00,SYNTH_FALSE_002,dev_001,Kitchen,895,23.94,52.35,127,90,90,NORMAL,100,Synthetic simulation of FALSE_ALARM condition,synthetic
2026-09-16 05:43:01.330331+00:00,SYNTH_FALSE_002,dev_001,Kitchen,896,23.82,52.73,121,90,90,NORMAL,100,Synthetic simulation of FALSE_ALARM condition,synthetic
2026-09-16 05:43:02.330331+00:00,SYNTH_FALSE_002,dev_001,Kitchen,899,23.73,52.36,122,92,90,NORMAL,100,Synthetic simulation of FALSE_ALARM condition,synthetic
2026-09-16 05:43:03.330331+00:00,SYNTH_FALSE_002,dev_001,Kitchen,897,23.77,53.02,122,95,90,NORMAL,100,Synthetic simulation of FALSE_ALARM condition,synthetic
2026-09-16 05:43:04.330331+00:00,SYNTH_FALSE_002,dev_001,Kitchen,895,23.74,52.57,124,97,90,NORMAL,100,Synthetic simulation of FALSE_ALARM condition,synthetic
2026-09-16 05:43:05.330331+00:00,SYNTH_FALSE_002,dev_001,Kitchen,896,23.55,52.44,125,92,90,NORMAL,100,Synthetic simulation of FALSE_ALARM condition,synthetic
2026-09-16 05:43:06.330331+00:00,SYNTH_FALSE_002,dev_001,Kitchen,895,23.57,52.07,126,92,90,NORMAL,100,Synthetic simulation of FALSE_ALARM condition,synthetic
2026-09-16 05:43:07.330331+00:00,SYNTH_FALSE_002,dev_001,Kitchen,895,23.75,52.16,130,95,90,NORMAL,100,Synthetic simulation of FALSE_ALARM condition,synthetic
2026-09-16 05:43:08.330331+00:00,SYNTH_FALSE_002,dev_001,Kitchen,892,23.97,52.59,125,92,90,NORMAL,100,Synthetic simulation of FALSE_ALARM condition,synthetic
2026-09-16 05:43:09.330331+00:00,SYNTH_FALSE_002,dev_001,Kitchen,893,23.82,52.75,126,95,90,NORMAL,100,Synthetic simulation of FALSE_ALARM condition,synthetic
2026-09-16 05:43:10.330331+00:00,SYNTH_FALSE_002,dev_001,Kitchen,894,23.71,52.83,127,96,90,NORMAL,100,Synthetic simulation of FALSE_ALARM condition,synthetic
2026-09-16 05:43:11.330331+00:00,SYNTH_FALSE_002,dev_001,Kitchen,897,23.72,52.26,126,89,90,NORMAL,100,Synthetic simulation of FALSE_ALARM condition,synthetic
2026-09-16 05:43:12.330331+00:00,SYNTH_FALSE_002,dev_001,Kitchen,897,23.73,52.82,129,94,90,NORMAL,100,Synthetic simulation of FALSE_ALARM condition,synthetic
2026-09-16 05:43:13.330331+00:00,SYNTH_FALSE_002,dev_001,Kitchen,889,23.86,52.3,125,90,90,NORMAL,100,Synthetic simulation of FALSE_ALARM condition,synthetic
2026-09-16 05:43:14.330331+00:00,SYNTH_FALSE_002,dev_001,Kitchen,891,23.63,52.26,121,91,90,NORMAL,100,Synthetic simulation of FALSE_ALARM condition,synthetic
2026-09-16 05:43:15.330331+00:00,SYNTH_FALSE_002,dev_001,Kitchen,893,23.99,52.53,126,88,90,NORMAL,100,Synthetic simulation of FALSE_ALARM condition,synthetic
2026-09-16 05:43:16.330331+00:00,SYNTH_FALSE_002,dev_001,Kitchen,890,23.68,52.35,127,92,90,NORMAL,100,Synthetic simulation of FALSE_ALARM condition,synthetic
2026-09-16 05:43:17.330331+00:00,SYNTH_FALSE_002,dev_001,Kitchen,903,23.81,52.46,127,91,90,NORMAL,100,Synthetic simulation of FALSE_ALARM condition,synthetic
2026-09-16 05:43:18.330331+00:00,SYNTH_FALSE_002,dev_001,Kitchen,900,23.89,52.56,123,90,90,NORMAL,100,Synthetic simulation of FALSE_ALARM condition,synthetic
2026-09-16 05:43:19.330331+00:00,SYNTH_FALSE_002,dev_001,Kitchen,891,23.89,52.04,127,95,90,NORMAL,100,Synthetic simulation of FALSE_ALARM condition,synthetic
2026-09-16 05:43:20.330331+00:00,SYNTH_FALSE_002,dev_001,Kitchen,896,24.03,52.59,128,92,90,NORMAL,100,Synthetic simulation of FALSE_ALARM condition,synthetic
2026-09-16 05:43:21.330331+00:00,SYNTH_FALSE_002,dev_001,Kitchen,891,23.92,52.53,125,89,90,NORMAL,100,Synthetic simulation of FALSE_ALARM condition,synthetic
2026-09-16 05:43:22.330331+00:00,SYNTH_FALSE_002,dev_001,Kitchen,892,23.78,52.48,125,92,90,NORMAL,100,Synthetic simulation of FALSE_ALARM condition,synthetic
2026-09-16 05:43:23.330331+00:00,SYNTH_FALSE_002,dev_001,Kitchen,893,23.73,52.35,131,92,90,NORMAL,100,Synthetic simulation of FALSE_ALARM condition,synthetic
2026-09-16 05:43:24.330331+00:00,SYNTH_FALSE_002,dev_001,Kitchen,895,23.77,52.37,131,95,90,NORMAL,100,Synthetic simulation of FALSE_ALARM condition,synthetic
2026-09-16 05:43:25.330331+00:00,SYNTH_FALSE_002,dev_001,Kitchen,902,23.73,52.03,128,91,90,NORMAL,100,Synthetic simulation of FALSE_ALARM condition,synthetic
2026-09-16 05:43:26.330331+00:00,SYNTH_FALSE_002,dev_001,Kitchen,898,23.61,52.21,127,90,90,NORMAL,100,Synthetic simulation of FALSE_ALARM condition,synthetic
2026-09-16 05:43:27.330331+00:00,SYNTH_FALSE_002,dev_001,Kitchen,889,23.71,52.42,128,93,90,NORMAL,100,Synthetic simulation of FALSE_ALARM condition,synthetic
2026-09-16 05:43:28.330331+00:00,SYNTH_FALSE_002,dev_001,Kitchen,890,23.58,52.75,125,90,90,NORMAL,100,Synthetic simulation of FALSE_ALARM condition,synthetic
2026-09-16 05:43:29.330331+00:00,SYNTH_FALSE_002,dev_001,Kitchen,897,23.56,52.36,123,91,90,NORMAL,100,Synthetic simulation of FALSE_ALARM condition,synthetic
2026-09-16 05:43:30.330331+00:00,SYNTH_FALSE_002,dev_001,Kitchen,901,23.58,52.72,118,91,90,NORMAL,100,Synthetic simulation of FALSE_ALARM condition,synthetic
2026-09-16 05:43:31.330331+00:00,SYNTH_FALSE_002,dev_001,Kitchen,893,24.02,51.95,120,95,90,NORMAL,100,Synthetic simulation of FALSE_ALARM condition,synthetic
2026-09-16 05:43:32.330331+00:00,SYNTH_FALSE_002,dev_001,Kitchen,898,23.95,52.73,122,90,90,NORMAL,100,Synthetic simulation of FALSE_ALARM condition,synthetic
2026-09-16 05:43:33.330331+00:00,SYNTH_FALSE_002,dev_001,Kitchen,893,23.79,52.39,125,95,90,NORMAL,100,Synthetic simulation of FALSE_ALARM condition,synthetic
2026-09-16 05:43:34.330331+00:00,SYNTH_FALSE_002,dev_001,Kitchen,886,23.97,52.55,130,92,90,NORMAL,100,Synthetic simulation of FALSE_ALARM condition,synthetic
2026-09-16 05:43:35.330331+00:00,SYNTH_FALSE_002,dev_001,Kitchen,889,23.79,52.81,123,89,90,NORMAL,100,Synthetic simulation of FALSE_ALARM condition,synthetic
2026-09-16 05:43:36.330331+00:00,SYNTH_FALSE_002,dev_001,Kitchen,896,23.72,52.64,118,91,90,NORMAL,100,Synthetic simulation of FALSE_ALARM condition,synthetic
2026-09-16 05:43:37.330331+00:00,SYNTH_FALSE_002,dev_001,Kitchen,895,23.8,52.79,125,92,90,NORMAL,100,Synthetic simulation of FALSE_ALARM condition,synthetic
2026-09-16 05:43:38.330331+00:00,SYNTH_FALSE_002,dev_001,Kitchen,894,23.87,52.28,128,89,90,NORMAL,100,Synthetic simulation of FALSE_ALARM condition,synthetic
2026-09-16 05:43:39.330331+00:00,SYNTH_FALSE_002,dev_001,Kitchen,892,23.79,51.95,123,92,90,NORMAL,100,Synthetic simulation of FALSE_ALARM condition,synthetic
2026-09-16 05:43:40.330331+00:00,SYNTH_FALSE_002,dev_001,Kitchen,894,23.67,52.82,125,92,90,NORMAL,100,Synthetic simulation of FALSE_ALARM condition,synthetic
2026-09-16 05:43:41.330331+00:00,SYNTH_FALSE_002,dev_001,Kitchen,409,23.76,52.21,123,92,135,FALSE_ALARM,100,Synthetic simulation of FALSE_ALARM condition,synthetic
2026-09-16 05:43:42.330331+00:00,SYNTH_FALSE_002,dev_001,Kitchen,410,24.05,52.33,120,96,135,FALSE_ALARM,100,Synthetic simulation of FALSE_ALARM condition,synthetic
2026-09-16 05:43:43.330331+00:00,SYNTH_FALSE_002,dev_001,Kitchen,402,23.93,52.15,124,91,135,FALSE_ALARM,100,Synthetic simulation of FALSE_ALARM condition,synthetic
2026-09-16 05:43:44.330331+00:00,SYNTH_FALSE_002,dev_001,Kitchen,406,23.86,52.46,121,92,135,FALSE_ALARM,100,Synthetic simulation of FALSE_ALARM condition,synthetic
2026-09-16 05:43:45.330331+00:00,SYNTH_FALSE_002,dev_001,Kitchen,406,23.95,52.54,120,93,135,FALSE_ALARM,100,Synthetic simulation of FALSE_ALARM condition,synthetic
2026-09-16 05:43:46.330331+00:00,SYNTH_FALSE_002,dev_001,Kitchen,898,23.83,52.35,123,96,90,NORMAL,100,Synthetic simulation of FALSE_ALARM condition,synthetic
2026-09-16 05:43:47.330331+00:00,SYNTH_FALSE_002,dev_001,Kitchen,893,23.5,52.21,131,90,90,NORMAL,100,Synthetic simulation of FALSE_ALARM condition,synthetic
2026-09-16 05:43:48.330331+00:00,SYNTH_FALSE_002,dev_001,Kitchen,892,23.91,52.47,120,92,90,NORMAL,100,Synthetic simulation of FALSE_ALARM condition,synthetic
2026-09-16 05:43:49.330331+00:00,SYNTH_FALSE_002,dev_001,Kitchen,898,24.03,52.52,125,96,90,NORMAL,100,Synthetic simulation of FALSE_ALARM condition,synthetic
2026-09-16 05:43:50.330331+00:00,SYNTH_FALSE_002,dev_001,Kitchen,892,23.97,52.32,123,91,90,NORMAL,100,Synthetic simulation of FALSE_ALARM condition,synthetic
2026-09-16 05:43:51.330331+00:00,SYNTH_FALSE_002,dev_001,Kitchen,890,23.81,52.0,121,93,90,NORMAL,100,Synthetic simulation of FALSE_ALARM condition,synthetic
2026-09-16 05:43:52.330331+00:00,SYNTH_FALSE_002,dev_001,Kitchen,885,24.06,52.7,124,92,90,NORMAL,100,Synthetic simulation of FALSE_ALARM condition,synthetic
2026-09-16 05:43:53.330331+00:00,SYNTH_FALSE_002,dev_001,Kitchen,891,23.75,52.31,131,96,90,NORMAL,100,Synthetic simulation of FALSE_ALARM condition,synthetic
2026-09-16 05:43:54.330331+00:00,SYNTH_FALSE_002,dev_001,Kitchen,896,23.54,52.55,129,91,90,NORMAL,100,Synthetic simulation of FALSE_ALARM condition,synthetic
2026-09-16 05:43:55.330331+00:00,SYNTH_FALSE_002,dev_001,Kitchen,890,23.76,52.8,132,87,90,NORMAL,100,Synthetic simulation of FALSE_ALARM condition,synthetic
2026-09-16 05:43:56.330331+00:00,SYNTH_FALSE_002,dev_001,Kitchen,890,23.78,52.25,121,91,90,NORMAL,100,Synthetic simulation of FALSE_ALARM condition,synthetic
2026-09-16 05:43:57.330331+00:00,SYNTH_FALSE_002,dev_001,Kitchen,897,23.61,52.62,129,95,90,NORMAL,100,Synthetic simulation of FALSE_ALARM condition,synthetic
2026-09-16 05:43:58.330331+00:00,SYNTH_FALSE_002,dev_001,Kitchen,892,23.9,52.38,124,92,90,NORMAL,100,Synthetic simulation of FALSE_ALARM condition,synthetic
2026-09-16 05:43:59.330331+00:00,SYNTH_FALSE_002,dev_001,Kitchen,892,23.71,52.51,126,93,90,NORMAL,100,Synthetic simulation of FALSE_ALARM condition,synthetic
2026-09-16 05:44:00.330331+00:00,SYNTH_FALSE_002,dev_001,Kitchen,891,23.73,52.45,123,94,90,NORMAL,100,Synthetic simulation of FALSE_ALARM condition,synthetic
2026-09-16 05:44:01.330331+00:00,SYNTH_FALSE_002,dev_001,Kitchen,901,23.66,51.98,120,92,90,NORMAL,100,Synthetic simulation of FALSE_ALARM condition,synthetic
2026-09-16 05:44:02.330331+00:00,SYNTH_FALSE_002,dev_001,Kitchen,900,23.89,52.3,122,92,90,NORMAL,100,Synthetic simulation of FALSE_ALARM condition,synthetic
2026-09-16 05:44:03.330331+00:00,SYNTH_FALSE_002,dev_001,Kitchen,888,23.76,52.62,124,93,90,NORMAL,100,Synthetic simulation of FALSE_ALARM condition,synthetic
2026-09-16 05:44:04.330331+00:00,SYNTH_FALSE_002,dev_001,Kitchen,891,23.86,52.61,128,88,90,NORMAL,100,Synthetic simulation of FALSE_ALARM condition,synthetic
2026-09-16 05:44:05.330331+00:00,SYNTH_FALSE_002,dev_001,Kitchen,896,23.66,52.83,130,92,90,NORMAL,100,Synthetic simulation of FALSE_ALARM condition,synthetic
2026-09-16 05:44:06.330331+00:00,SYNTH_FALSE_002,dev_001,Kitchen,900,23.92,52.77,122,93,90,NORMAL,100,Synthetic simulation of FALSE_ALARM condition,synthetic
2026-09-16 05:44:07.330331+00:00,SYNTH_FALSE_002,dev_001,Kitchen,893,23.96,52.12,131,95,90,NORMAL,100,Synthetic simulation of FALSE_ALARM condition,synthetic
2026-09-16 05:44:08.330331+00:00,SYNTH_FALSE_002,dev_001,Kitchen,896,23.69,52.82,129,93,90,NORMAL,100,Synthetic simulation of FALSE_ALARM condition,synthetic
2026-09-16 05:44:09.330331+00:00,SYNTH_FALSE_002,dev_001,Kitchen,892,23.79,52.43,125,93,90,NORMAL,100,Synthetic simulation of FALSE_ALARM condition,synthetic
2026-09-16 05:44:10.330331+00:00,SYNTH_FALSE_002,dev_001,Kitchen,890,23.69,52.68,130,94,90,NORMAL,100,Synthetic simulation of FALSE_ALARM condition,synthetic
2026-09-16 05:44:11.330331+00:00,SYNTH_FALSE_002,dev_001,Kitchen,898,23.39,52.22,119,91,90,NORMAL,100,Synthetic simulation of FALSE_ALARM condition,synthetic
2026-09-16 05:44:12.330331+00:00,SYNTH_FALSE_002,dev_001,Kitchen,889,23.81,52.06,129,94,90,NORMAL,100,Synthetic simulation of FALSE_ALARM condition,synthetic
2026-09-16 05:44:13.330331+00:00,SYNTH_FALSE_002,dev_001,Kitchen,899,23.86,52.5,123,93,90,NORMAL,100,Synthetic simulation of FALSE_ALARM condition,synthetic
2026-09-16 05:44:14.330331+00:00,SYNTH_FALSE_002,dev_001,Kitchen,888,23.96,52.51,130,93,90,NORMAL,100,Synthetic simulation of FALSE_ALARM condition,synthetic
2026-09-16 05:44:15.330331+00:00,SYNTH_FALSE_002,dev_001,Kitchen,899,23.91,52.4,125,94,90,NORMAL,100,Synthetic simulation of FALSE_ALARM condition,synthetic
2026-09-16 05:44:16.330331+00:00,SYNTH_FALSE_002,dev_001,Kitchen,886,23.47,51.8,125,91,90,NORMAL,100,Synthetic simulation of FALSE_ALARM condition,synthetic
2026-09-16 05:44:17.330331+00:00,SYNTH_FALSE_002,dev_001,Kitchen,895,23.74,52.5,127,94,90,NORMAL,100,Synthetic simulation of FALSE_ALARM condition,synthetic
2026-09-16 05:44:18.330331+00:00,SYNTH_FALSE_002,dev_001,Kitchen,891,23.82,52.25,117,95,90,NORMAL,100,Synthetic simulation of FALSE_ALARM condition,synthetic
2026-09-16 05:44:19.330331+00:00,SYNTH_FALSE_002,dev_001,Kitchen,892,23.96,52.94,122,93,90,NORMAL,100,Synthetic simulation of FALSE_ALARM condition,synthetic
2026-09-16 05:44:20.330331+00:00,SYNTH_FALSE_002,dev_001,Kitchen,889,23.85,52.34,124,89,90,NORMAL,100,Synthetic simulation of FALSE_ALARM condition,synthetic
2026-09-16 05:44:21.330331+00:00,SYNTH_FALSE_002,dev_001,Kitchen,894,23.89,52.47,124,96,90,NORMAL,100,Synthetic simulation of FALSE_ALARM condition,synthetic
2026-09-16 05:44:22.330331+00:00,SYNTH_FALSE_002,dev_001,Kitchen,895,23.73,52.54,126,89,90,NORMAL,100,Synthetic simulation of FALSE_ALARM condition,synthetic
2026-09-16 05:44:23.330331+00:00,SYNTH_FALSE_002,dev_001,Kitchen,896,23.95,52.71,128,93,90,NORMAL,100,Synthetic simulation of FALSE_ALARM condition,synthetic
2026-09-16 05:44:24.330331+00:00,SYNTH_FALSE_002,dev_001,Kitchen,896,23.69,52.43,129,91,90,NORMAL,100,Synthetic simulation of FALSE_ALARM condition,synthetic
2026-09-16 05:44:25.330331+00:00,SYNTH_FALSE_002,dev_001,Kitchen,898,23.71,52.52,124,94,90,NORMAL,100,Synthetic simulation of FALSE_ALARM condition,synthetic
2026-09-16 05:44:26.330331+00:00,SYNTH_FALSE_002,dev_001,Kitchen,893,24.03,52.52,121,91,90,NORMAL,100,Synthetic simulation of FALSE_ALARM condition,synthetic
2026-09-16 05:44:27.330331+00:00,SYNTH_FALSE_002,dev_001,Kitchen,896,23.9,52.11,120,91,90,NORMAL,100,Synthetic simulation of FALSE_ALARM condition,synthetic
2026-09-16 05:44:28.330331+00:00,SYNTH_FALSE_002,dev_001,Kitchen,892,23.79,52.34,122,91,90,NORMAL,100,Synthetic simulation of FALSE_ALARM condition,synthetic
2026-09-16 05:44:29.330331+00:00,SYNTH_FALSE_002,dev_001,Kitchen,889,23.65,52.29,128,92,90,NORMAL,100,Synthetic simulation of FALSE_ALARM condition,synthetic
2026-09-16 05:44:30.330331+00:00,SYNTH_FALSE_002,dev_001,Kitchen,892,23.86,52.06,123,91,90,NORMAL,100,Synthetic simulation of FALSE_ALARM condition,synthetic
2026-09-16 05:44:31.330331+00:00,SYNTH_FALSE_002,dev_001,Kitchen,899,23.76,52.69,128,91,90,NORMAL,100,Synthetic simulation of FALSE_ALARM condition,synthetic
2026-09-16 05:44:32.330331+00:00,SYNTH_FALSE_002,dev_001,Kitchen,896,23.78,52.05,123,93,90,NORMAL,100,Synthetic simulation of FALSE_ALARM condition,synthetic
2026-09-16 05:44:33.330331+00:00,SYNTH_FALSE_002,dev_001,Kitchen,891,23.9,52.7,125,92,90,NORMAL,100,Synthetic simulation of FALSE_ALARM condition,synthetic
2026-09-16 05:44:34.330331+00:00,SYNTH_FALSE_002,dev_001,Kitchen,893,23.86,52.59,127,93,90,NORMAL,100,Synthetic simulation of FALSE_ALARM condition,synthetic
2026-09-16 05:44:35.330331+00:00,SYNTH_FALSE_002,dev_001,Kitchen,887,23.78,52.45,124,95,90,NORMAL,100,Synthetic simulation of FALSE_ALARM condition,synthetic
2026-09-16 05:44:36.330331+00:00,SYNTH_FALSE_002,dev_001,Kitchen,892,24.18,52.78,124,93,90,NORMAL,100,Synthetic simulation of FALSE_ALARM condition,synthetic
2026-09-16 05:44:37.330331+00:00,SYNTH_FALSE_002,dev_001,Kitchen,899,23.86,52.33,125,93,90,NORMAL,100,Synthetic simulation of FALSE_ALARM condition,synthetic
2026-09-16 05:44:38.330331+00:00,SYNTH_FALSE_002,dev_001,Kitchen,894,24.06,52.37,125,95,90,NORMAL,100,Synthetic simulation of FALSE_ALARM condition,synthetic
2026-09-16 05:44:39.330331+00:00,SYNTH_FALSE_002,dev_001,Kitchen,893,24.05,52.55,132,86,90,NORMAL,100,Synthetic simulation of FALSE_ALARM condition,synthetic
2026-09-16 05:44:40.330331+00:00,SYNTH_FALSE_002,dev_001,Kitchen,892,23.78,52.31,125,93,90,NORMAL,100,Synthetic simulation of FALSE_ALARM condition,synthetic
2026-09-16 05:44:41.330331+00:00,SYNTH_FALSE_002,dev_001,Kitchen,890,23.67,52.55,126,95,90,NORMAL,100,Synthetic simulation of FALSE_ALARM condition,synthetic
2026-09-16 05:44:42.330331+00:00,SYNTH_FALSE_002,dev_001,Kitchen,900,23.83,52.43,127,96,90,NORMAL,100,Synthetic simulation of FALSE_ALARM condition,synthetic
2026-09-16 05:44:43.330331+00:00,SYNTH_FALSE_002,dev_001,Kitchen,896,23.61,52.72,132,91,90,NORMAL,100,Synthetic simulation of FALSE_ALARM condition,synthetic
2026-09-16 05:44:44.330331+00:00,SYNTH_FALSE_002,dev_001,Kitchen,887,23.9,52.32,127,93,90,NORMAL,100,Synthetic simulation of FALSE_ALARM condition,synthetic
2026-09-16 05:44:45.330331+00:00,SYNTH_FALSE_002,dev_001,Kitchen,890,23.84,52.42,125,93,90,NORMAL,100,Synthetic simulation of FALSE_ALARM condition,synthetic
2026-09-16 05:44:46.330331+00:00,SYNTH_FALSE_002,dev_001,Kitchen,897,23.67,53.04,118,92,90,NORMAL,100,Synthetic simulation of FALSE_ALARM condition,synthetic
2026-09-16 05:44:47.330331+00:00,SYNTH_FALSE_002,dev_001,Kitchen,892,23.72,51.95,124,94,90,NORMAL,100,Synthetic simulation of FALSE_ALARM condition,synthetic
2026-09-16 05:44:48.330331+00:00,SYNTH_FALSE_002,dev_001,Kitchen,895,23.46,52.85,125,88,90,NORMAL,100,Synthetic simulation of FALSE_ALARM condition,synthetic
2026-09-16 05:44:49.330331+00:00,SYNTH_FALSE_002,dev_001,Kitchen,896,24.09,52.4,123,91,90,NORMAL,100,Synthetic simulation of FALSE_ALARM condition,synthetic
2026-09-16 05:44:50.330331+00:00,SYNTH_FALSE_002,dev_001,Kitchen,894,23.68,52.49,124,92,90,NORMAL,100,Synthetic simulation of FALSE_ALARM condition,synthetic
2026-09-16 05:44:51.330331+00:00,SYNTH_FALSE_002,dev_001,Kitchen,892,23.68,52.73,125,88,90,NORMAL,100,Synthetic simulation of FALSE_ALARM condition,synthetic
2026-09-16 05:44:52.330331+00:00,SYNTH_FALSE_002,dev_001,Kitchen,893,24.09,52.24,124,90,90,NORMAL,100,Synthetic simulation of FALSE_ALARM condition,synthetic
2026-09-16 05:42:53.332324+00:00,SYNTH_FALSE_003,dev_001,Kitchen,922,24.07,50.81,112,126,90,NORMAL,100,Synthetic simulation of FALSE_ALARM condition,synthetic
2026-09-16 05:42:54.332324+00:00,SYNTH_FALSE_003,dev_001,Kitchen,916,24.07,51.28,112,127,90,NORMAL,100,Synthetic simulation of FALSE_ALARM condition,synthetic
2026-09-16 05:42:55.332324+00:00,SYNTH_FALSE_003,dev_001,Kitchen,924,23.84,51.09,115,126,90,NORMAL,100,Synthetic simulation of FALSE_ALARM condition,synthetic
2026-09-16 05:42:56.332324+00:00,SYNTH_FALSE_003,dev_001,Kitchen,922,24.04,51.39,108,127,90,NORMAL,100,Synthetic simulation of FALSE_ALARM condition,synthetic
2026-09-16 05:42:57.332324+00:00,SYNTH_FALSE_003,dev_001,Kitchen,927,23.86,51.08,110,125,90,NORMAL,100,Synthetic simulation of FALSE_ALARM condition,synthetic
2026-09-16 05:42:58.332324+00:00,SYNTH_FALSE_003,dev_001,Kitchen,931,23.88,51.0,113,126,90,NORMAL,100,Synthetic simulation of FALSE_ALARM condition,synthetic
2026-09-16 05:42:59.332324+00:00,SYNTH_FALSE_003,dev_001,Kitchen,917,23.84,50.95,118,127,90,NORMAL,100,Synthetic simulation of FALSE_ALARM condition,synthetic
2026-09-16 05:43:00.332324+00:00,SYNTH_FALSE_003,dev_001,Kitchen,931,23.95,50.98,115,129,90,NORMAL,100,Synthetic simulation of FALSE_ALARM condition,synthetic
2026-09-16 05:43:01.332324+00:00,SYNTH_FALSE_003,dev_001,Kitchen,925,23.62,50.83,108,128,90,NORMAL,100,Synthetic simulation of FALSE_ALARM condition,synthetic
2026-09-16 05:43:02.332324+00:00,SYNTH_FALSE_003,dev_001,Kitchen,925,23.71,51.22,108,126,90,NORMAL,100,Synthetic simulation of FALSE_ALARM condition,synthetic
2026-09-16 05:43:03.332324+00:00,SYNTH_FALSE_003,dev_001,Kitchen,930,24.05,50.56,115,130,90,NORMAL,100,Synthetic simulation of FALSE_ALARM condition,synthetic
2026-09-16 05:43:04.332324+00:00,SYNTH_FALSE_003,dev_001,Kitchen,928,23.7,51.13,113,125,90,NORMAL,100,Synthetic simulation of FALSE_ALARM condition,synthetic
2026-09-16 05:43:05.332324+00:00,SYNTH_FALSE_003,dev_001,Kitchen,916,23.92,51.04,108,125,90,NORMAL,100,Synthetic simulation of FALSE_ALARM condition,synthetic
2026-09-16 05:43:06.332324+00:00,SYNTH_FALSE_003,dev_001,Kitchen,925,23.86,51.12,110,129,90,NORMAL,100,Synthetic simulation of FALSE_ALARM condition,synthetic
2026-09-16 05:43:07.332324+00:00,SYNTH_FALSE_003,dev_001,Kitchen,919,23.94,51.06,109,130,90,NORMAL,100,Synthetic simulation of FALSE_ALARM condition,synthetic
2026-09-16 05:43:08.332324+00:00,SYNTH_FALSE_003,dev_001,Kitchen,922,23.98,51.47,114,127,90,NORMAL,100,Synthetic simulation of FALSE_ALARM condition,synthetic
2026-09-16 05:43:09.332324+00:00,SYNTH_FALSE_003,dev_001,Kitchen,924,23.78,51.0,115,122,90,NORMAL,100,Synthetic simulation of FALSE_ALARM condition,synthetic
2026-09-16 05:43:10.332324+00:00,SYNTH_FALSE_003,dev_001,Kitchen,924,24.21,50.96,107,133,90,NORMAL,100,Synthetic simulation of FALSE_ALARM condition,synthetic
2026-09-16 05:43:11.332324+00:00,SYNTH_FALSE_003,dev_001,Kitchen,923,24.0,50.75,107,127,90,NORMAL,100,Synthetic simulation of FALSE_ALARM condition,synthetic
2026-09-16 05:43:12.332324+00:00,SYNTH_FALSE_003,dev_001,Kitchen,928,23.95,51.04,117,126,90,NORMAL,100,Synthetic simulation of FALSE_ALARM condition,synthetic
2026-09-16 05:43:13.332324+00:00,SYNTH_FALSE_003,dev_001,Kitchen,923,23.56,50.76,112,125,90,NORMAL,100,Synthetic simulation of FALSE_ALARM condition,synthetic
2026-09-16 05:43:14.332324+00:00,SYNTH_FALSE_003,dev_001,Kitchen,921,23.56,51.35,115,128,90,NORMAL,100,Synthetic simulation of FALSE_ALARM condition,synthetic
2026-09-16 05:43:15.332324+00:00,SYNTH_FALSE_003,dev_001,Kitchen,923,23.76,51.21,110,126,90,NORMAL,100,Synthetic simulation of FALSE_ALARM condition,synthetic
2026-09-16 05:43:16.332324+00:00,SYNTH_FALSE_003,dev_001,Kitchen,922,24.16,51.39,108,129,90,NORMAL,100,Synthetic simulation of FALSE_ALARM condition,synthetic
2026-09-16 05:43:17.332324+00:00,SYNTH_FALSE_003,dev_001,Kitchen,924,23.74,50.7,112,127,90,NORMAL,100,Synthetic simulation of FALSE_ALARM condition,synthetic
2026-09-16 05:43:18.332324+00:00,SYNTH_FALSE_003,dev_001,Kitchen,919,23.75,50.93,110,125,90,NORMAL,100,Synthetic simulation of FALSE_ALARM condition,synthetic
2026-09-16 05:43:19.332324+00:00,SYNTH_FALSE_003,dev_001,Kitchen,927,23.72,51.47,111,124,90,NORMAL,100,Synthetic simulation of FALSE_ALARM condition,synthetic
2026-09-16 05:43:20.332324+00:00,SYNTH_FALSE_003,dev_001,Kitchen,921,23.78,51.13,114,125,90,NORMAL,100,Synthetic simulation of FALSE_ALARM condition,synthetic
2026-09-16 05:43:21.332324+00:00,SYNTH_FALSE_003,dev_001,Kitchen,929,23.71,50.83,111,130,90,NORMAL,100,Synthetic simulation of FALSE_ALARM condition,synthetic
2026-09-16 05:43:22.332324+00:00,SYNTH_FALSE_003,dev_001,Kitchen,920,23.84,50.52,112,127,90,NORMAL,100,Synthetic simulation of FALSE_ALARM condition,synthetic
2026-09-16 05:43:23.332324+00:00,SYNTH_FALSE_003,dev_001,Kitchen,917,23.85,51.65,110,123,90,NORMAL,100,Synthetic simulation of FALSE_ALARM condition,synthetic
2026-09-16 05:43:24.332324+00:00,SYNTH_FALSE_003,dev_001,Kitchen,921,23.97,51.02,111,125,90,NORMAL,100,Synthetic simulation of FALSE_ALARM condition,synthetic
2026-09-16 05:43:25.332324+00:00,SYNTH_FALSE_003,dev_001,Kitchen,922,23.89,51.23,118,128,90,NORMAL,100,Synthetic simulation of FALSE_ALARM condition,synthetic
2026-09-16 05:43:26.332324+00:00,SYNTH_FALSE_003,dev_001,Kitchen,917,23.79,51.22,112,129,90,NORMAL,100,Synthetic simulation of FALSE_ALARM condition,synthetic
2026-09-16 05:43:27.332324+00:00,SYNTH_FALSE_003,dev_001,Kitchen,920,24.11,51.13,111,122,90,NORMAL,100,Synthetic simulation of FALSE_ALARM condition,synthetic
2026-09-16 05:43:28.332324+00:00,SYNTH_FALSE_003,dev_001,Kitchen,920,23.89,50.81,114,133,90,NORMAL,100,Synthetic simulation of FALSE_ALARM condition,synthetic
2026-09-16 05:43:29.332324+00:00,SYNTH_FALSE_003,dev_001,Kitchen,931,23.83,50.95,114,129,90,NORMAL,100,Synthetic simulation of FALSE_ALARM condition,synthetic
2026-09-16 05:43:30.332324+00:00,SYNTH_FALSE_003,dev_001,Kitchen,929,23.66,51.05,110,126,90,NORMAL,100,Synthetic simulation of FALSE_ALARM condition,synthetic
2026-09-16 05:43:31.332324+00:00,SYNTH_FALSE_003,dev_001,Kitchen,927,23.69,51.39,107,124,90,NORMAL,100,Synthetic simulation of FALSE_ALARM condition,synthetic
2026-09-16 05:43:32.332324+00:00,SYNTH_FALSE_003,dev_001,Kitchen,924,23.8,51.42,113,128,90,NORMAL,100,Synthetic simulation of FALSE_ALARM condition,synthetic
2026-09-16 05:43:33.332324+00:00,SYNTH_FALSE_003,dev_001,Kitchen,927,23.82,51.17,111,129,90,NORMAL,100,Synthetic simulation of FALSE_ALARM condition,synthetic
2026-09-16 05:43:34.332324+00:00,SYNTH_FALSE_003,dev_001,Kitchen,928,23.85,50.53,115,129,90,NORMAL,100,Synthetic simulation of FALSE_ALARM condition,synthetic
2026-09-16 05:43:35.332324+00:00,SYNTH_FALSE_003,dev_001,Kitchen,925,23.9,51.06,111,126,90,NORMAL,100,Synthetic simulation of FALSE_ALARM condition,synthetic
2026-09-16 05:43:36.332324+00:00,SYNTH_FALSE_003,dev_001,Kitchen,923,23.81,51.18,114,122,90,NORMAL,100,Synthetic simulation of FALSE_ALARM condition,synthetic
2026-09-16 05:43:37.332324+00:00,SYNTH_FALSE_003,dev_001,Kitchen,923,24.28,50.94,118,128,90,NORMAL,100,Synthetic simulation of FALSE_ALARM condition,synthetic
2026-09-16 05:43:38.332324+00:00,SYNTH_FALSE_003,dev_001,Kitchen,922,23.93,51.1,110,128,90,NORMAL,100,Synthetic simulation of FALSE_ALARM condition,synthetic
2026-09-16 05:43:39.332324+00:00,SYNTH_FALSE_003,dev_001,Kitchen,930,23.71,51.09,117,130,90,NORMAL,100,Synthetic simulation of FALSE_ALARM condition,synthetic
2026-09-16 05:43:40.332324+00:00,SYNTH_FALSE_003,dev_001,Kitchen,921,23.63,51.21,110,131,90,NORMAL,100,Synthetic simulation of FALSE_ALARM condition,synthetic
2026-09-16 05:43:41.332324+00:00,SYNTH_FALSE_003,dev_001,Kitchen,328,23.93,50.73,112,127,45,FALSE_ALARM,100,Synthetic simulation of FALSE_ALARM condition,synthetic
2026-09-16 05:43:42.332324+00:00,SYNTH_FALSE_003,dev_001,Kitchen,325,23.79,50.97,114,129,45,FALSE_ALARM,100,Synthetic simulation of FALSE_ALARM condition,synthetic
2026-09-16 05:43:43.332324+00:00,SYNTH_FALSE_003,dev_001,Kitchen,325,24.02,51.44,116,128,45,FALSE_ALARM,100,Synthetic simulation of FALSE_ALARM condition,synthetic
2026-09-16 05:43:44.332324+00:00,SYNTH_FALSE_003,dev_001,Kitchen,324,23.78,51.18,108,127,45,FALSE_ALARM,100,Synthetic simulation of FALSE_ALARM condition,synthetic
2026-09-16 05:43:45.332324+00:00,SYNTH_FALSE_003,dev_001,Kitchen,327,23.82,50.89,112,131,45,FALSE_ALARM,100,Synthetic simulation of FALSE_ALARM condition,synthetic
2026-09-16 05:43:46.332324+00:00,SYNTH_FALSE_003,dev_001,Kitchen,332,23.89,50.99,112,123,45,FALSE_ALARM,100,Synthetic simulation of FALSE_ALARM condition,synthetic
2026-09-16 05:43:47.332324+00:00,SYNTH_FALSE_003,dev_001,Kitchen,929,23.64,50.47,113,123,90,NORMAL,100,Synthetic simulation of FALSE_ALARM condition,synthetic
2026-09-16 05:43:48.332324+00:00,SYNTH_FALSE_003,dev_001,Kitchen,920,23.93,51.35,108,128,90,NORMAL,100,Synthetic simulation of FALSE_ALARM condition,synthetic
2026-09-16 05:43:49.332324+00:00,SYNTH_FALSE_003,dev_001,Kitchen,925,24.0,50.71,109,126,90,NORMAL,100,Synthetic simulation of FALSE_ALARM condition,synthetic
2026-09-16 05:43:50.332324+00:00,SYNTH_FALSE_003,dev_001,Kitchen,927,24.08,50.84,103,129,90,NORMAL,100,Synthetic simulation of FALSE_ALARM condition,synthetic
2026-09-16 05:43:51.332324+00:00,SYNTH_FALSE_003,dev_001,Kitchen,930,23.84,51.01,113,128,90,NORMAL,100,Synthetic simulation of FALSE_ALARM condition,synthetic
2026-09-16 05:43:52.332324+00:00,SYNTH_FALSE_003,dev_001,Kitchen,916,23.86,50.88,115,127,90,NORMAL,100,Synthetic simulation of FALSE_ALARM condition,synthetic
2026-09-16 05:43:53.332324+00:00,SYNTH_FALSE_003,dev_001,Kitchen,928,23.68,50.85,115,129,90,NORMAL,100,Synthetic simulation of FALSE_ALARM condition,synthetic
2026-09-16 05:43:54.332324+00:00,SYNTH_FALSE_003,dev_001,Kitchen,932,23.79,50.77,116,133,90,NORMAL,100,Synthetic simulation of FALSE_ALARM condition,synthetic
2026-09-16 05:43:55.332324+00:00,SYNTH_FALSE_003,dev_001,Kitchen,933,23.76,51.03,113,129,90,NORMAL,100,Synthetic simulation of FALSE_ALARM condition,synthetic
2026-09-16 05:43:56.332324+00:00,SYNTH_FALSE_003,dev_001,Kitchen,927,23.74,51.5,113,130,90,NORMAL,100,Synthetic simulation of FALSE_ALARM condition,synthetic
2026-09-16 05:43:57.332324+00:00,SYNTH_FALSE_003,dev_001,Kitchen,933,23.73,50.95,112,126,90,NORMAL,100,Synthetic simulation of FALSE_ALARM condition,synthetic
2026-09-16 05:43:58.332324+00:00,SYNTH_FALSE_003,dev_001,Kitchen,927,23.84,51.32,114,129,90,NORMAL,100,Synthetic simulation of FALSE_ALARM condition,synthetic
2026-09-16 05:43:59.332324+00:00,SYNTH_FALSE_003,dev_001,Kitchen,926,23.74,50.9,114,129,90,NORMAL,100,Synthetic simulation of FALSE_ALARM condition,synthetic
2026-09-16 05:44:00.332324+00:00,SYNTH_FALSE_003,dev_001,Kitchen,922,24.02,51.4,111,127,90,NORMAL,100,Synthetic simulation of FALSE_ALARM condition,synthetic
2026-09-16 05:44:01.332324+00:00,SYNTH_FALSE_003,dev_001,Kitchen,926,23.73,50.85,110,125,90,NORMAL,100,Synthetic simulation of FALSE_ALARM condition,synthetic
2026-09-16 05:44:02.332324+00:00,SYNTH_FALSE_003,dev_001,Kitchen,929,23.87,51.03,114,128,90,NORMAL,100,Synthetic simulation of FALSE_ALARM condition,synthetic
2026-09-16 05:44:03.332324+00:00,SYNTH_FALSE_003,dev_001,Kitchen,918,23.77,51.39,116,127,90,NORMAL,100,Synthetic simulation of FALSE_ALARM condition,synthetic
2026-09-16 05:44:04.332324+00:00,SYNTH_FALSE_003,dev_001,Kitchen,922,23.7,51.25,112,125,90,NORMAL,100,Synthetic simulation of FALSE_ALARM condition,synthetic
2026-09-16 05:44:05.332324+00:00,SYNTH_FALSE_003,dev_001,Kitchen,928,23.78,50.95,110,126,90,NORMAL,100,Synthetic simulation of FALSE_ALARM condition,synthetic
2026-09-16 05:44:06.332324+00:00,SYNTH_FALSE_003,dev_001,Kitchen,925,23.81,50.8,111,127,90,NORMAL,100,Synthetic simulation of FALSE_ALARM condition,synthetic
2026-09-16 05:44:07.332324+00:00,SYNTH_FALSE_003,dev_001,Kitchen,923,23.69,50.99,113,127,90,NORMAL,100,Synthetic simulation of FALSE_ALARM condition,synthetic
2026-09-16 05:44:08.332324+00:00,SYNTH_FALSE_003,dev_001,Kitchen,924,24.13,50.83,114,124,90,NORMAL,100,Synthetic simulation of FALSE_ALARM condition,synthetic
2026-09-16 05:44:09.332324+00:00,SYNTH_FALSE_003,dev_001,Kitchen,929,23.81,50.85,113,129,90,NORMAL,100,Synthetic simulation of FALSE_ALARM condition,synthetic
2026-09-16 05:44:10.332324+00:00,SYNTH_FALSE_003,dev_001,Kitchen,920,23.83,50.99,116,125,90,NORMAL,100,Synthetic simulation of FALSE_ALARM condition,synthetic
2026-09-16 05:44:11.332324+00:00,SYNTH_FALSE_003,dev_001,Kitchen,923,23.77,50.87,116,128,90,NORMAL,100,Synthetic simulation of FALSE_ALARM condition,synthetic
2026-09-16 05:44:12.332324+00:00,SYNTH_FALSE_003,dev_001,Kitchen,926,24.16,51.17,110,128,90,NORMAL,100,Synthetic simulation of FALSE_ALARM condition,synthetic
2026-09-16 05:44:13.332324+00:00,SYNTH_FALSE_003,dev_001,Kitchen,923,24.19,50.54,114,132,90,NORMAL,100,Synthetic simulation of FALSE_ALARM condition,synthetic
2026-09-16 05:44:14.332324+00:00,SYNTH_FALSE_003,dev_001,Kitchen,927,23.59,51.04,116,124,90,NORMAL,100,Synthetic simulation of FALSE_ALARM condition,synthetic
2026-09-16 05:44:15.332324+00:00,SYNTH_FALSE_003,dev_001,Kitchen,922,23.58,51.2,118,128,90,NORMAL,100,Synthetic simulation of FALSE_ALARM condition,synthetic
2026-09-16 05:44:16.332324+00:00,SYNTH_FALSE_003,dev_001,Kitchen,922,23.76,50.84,114,124,90,NORMAL,100,Synthetic simulation of FALSE_ALARM condition,synthetic
2026-09-16 05:44:17.332324+00:00,SYNTH_FALSE_003,dev_001,Kitchen,917,23.55,50.91,113,130,90,NORMAL,100,Synthetic simulation of FALSE_ALARM condition,synthetic
2026-09-16 05:44:18.332324+00:00,SYNTH_FALSE_003,dev_001,Kitchen,925,24.06,51.0,113,132,90,NORMAL,100,Synthetic simulation of FALSE_ALARM condition,synthetic
2026-09-16 05:44:19.332324+00:00,SYNTH_FALSE_003,dev_001,Kitchen,926,24.0,51.22,104,128,90,NORMAL,100,Synthetic simulation of FALSE_ALARM condition,synthetic
2026-09-16 05:44:20.332324+00:00,SYNTH_FALSE_003,dev_001,Kitchen,918,23.66,50.88,115,127,90,NORMAL,100,Synthetic simulation of FALSE_ALARM condition,synthetic
2026-09-16 05:44:21.332324+00:00,SYNTH_FALSE_003,dev_001,Kitchen,922,23.77,50.73,118,128,90,NORMAL,100,Synthetic simulation of FALSE_ALARM condition,synthetic
2026-09-16 05:44:22.332324+00:00,SYNTH_FALSE_003,dev_001,Kitchen,930,23.53,50.59,116,128,90,NORMAL,100,Synthetic simulation of FALSE_ALARM condition,synthetic
2026-09-16 05:44:23.332324+00:00,SYNTH_FALSE_003,dev_001,Kitchen,922,23.83,51.06,111,127,90,NORMAL,100,Synthetic simulation of FALSE_ALARM condition,synthetic
2026-09-16 05:44:24.332324+00:00,SYNTH_FALSE_003,dev_001,Kitchen,921,23.61,51.16,119,129,90,NORMAL,100,Synthetic simulation of FALSE_ALARM condition,synthetic
2026-09-16 05:44:25.332324+00:00,SYNTH_FALSE_003,dev_001,Kitchen,926,23.57,50.8,106,126,90,NORMAL,100,Synthetic simulation of FALSE_ALARM condition,synthetic
2026-09-16 05:44:26.332324+00:00,SYNTH_FALSE_003,dev_001,Kitchen,927,24.02,50.94,113,124,90,NORMAL,100,Synthetic simulation of FALSE_ALARM condition,synthetic
2026-09-16 05:44:27.332324+00:00,SYNTH_FALSE_003,dev_001,Kitchen,919,23.5,50.93,113,126,90,NORMAL,100,Synthetic simulation of FALSE_ALARM condition,synthetic
2026-09-16 05:44:28.332324+00:00,SYNTH_FALSE_003,dev_001,Kitchen,920,23.64,51.0,113,124,90,NORMAL,100,Synthetic simulation of FALSE_ALARM condition,synthetic
2026-09-16 05:44:29.332324+00:00,SYNTH_FALSE_003,dev_001,Kitchen,917,23.63,51.6,105,123,90,NORMAL,100,Synthetic simulation of FALSE_ALARM condition,synthetic
2026-09-16 05:44:30.332324+00:00,SYNTH_FALSE_003,dev_001,Kitchen,916,23.81,50.91,109,129,90,NORMAL,100,Synthetic simulation of FALSE_ALARM condition,synthetic
2026-09-16 05:44:31.332324+00:00,SYNTH_FALSE_003,dev_001,Kitchen,926,23.68,51.07,113,128,90,NORMAL,100,Synthetic simulation of FALSE_ALARM condition,synthetic
2026-09-16 05:44:32.332324+00:00,SYNTH_FALSE_003,dev_001,Kitchen,923,23.84,50.8,111,133,90,NORMAL,100,Synthetic simulation of FALSE_ALARM condition,synthetic
2026-09-16 05:44:33.332324+00:00,SYNTH_FALSE_003,dev_001,Kitchen,929,23.89,51.06,109,129,90,NORMAL,100,Synthetic simulation of FALSE_ALARM condition,synthetic
2026-09-16 05:44:34.332324+00:00,SYNTH_FALSE_003,dev_001,Kitchen,925,23.78,51.14,111,132,90,NORMAL,100,Synthetic simulation of FALSE_ALARM condition,synthetic
2026-09-16 05:44:35.332324+00:00,SYNTH_FALSE_003,dev_001,Kitchen,920,23.92,50.93,114,122,90,NORMAL,100,Synthetic simulation of FALSE_ALARM condition,synthetic
2026-09-16 05:44:36.332324+00:00,SYNTH_FALSE_003,dev_001,Kitchen,921,23.67,51.24,123,129,90,NORMAL,100,Synthetic simulation of FALSE_ALARM condition,synthetic
2026-09-16 05:44:37.332324+00:00,SYNTH_FALSE_003,dev_001,Kitchen,924,23.65,50.89,107,127,90,NORMAL,100,Synthetic simulation of FALSE_ALARM condition,synthetic
2026-09-16 05:44:38.332324+00:00,SYNTH_FALSE_003,dev_001,Kitchen,930,23.86,51.09,113,124,90,NORMAL,100,Synthetic simulation of FALSE_ALARM condition,synthetic
2026-09-16 05:44:39.332324+00:00,SYNTH_FALSE_003,dev_001,Kitchen,925,23.46,50.76,110,124,90,NORMAL,100,Synthetic simulation of FALSE_ALARM condition,synthetic
2026-09-16 05:44:40.332324+00:00,SYNTH_FALSE_003,dev_001,Kitchen,918,23.97,51.26,119,127,90,NORMAL,100,Synthetic simulation of FALSE_ALARM condition,synthetic
2026-09-16 05:44:41.332324+00:00,SYNTH_FALSE_003,dev_001,Kitchen,927,23.93,50.8,115,132,90,NORMAL,100,Synthetic simulation of FALSE_ALARM condition,synthetic
2026-09-16 05:44:42.332324+00:00,SYNTH_FALSE_003,dev_001,Kitchen,919,23.81,51.04,113,125,90,NORMAL,100,Synthetic simulation of FALSE_ALARM condition,synthetic
2026-09-16 05:44:43.332324+00:00,SYNTH_FALSE_003,dev_001,Kitchen,922,23.63,50.9,112,130,90,NORMAL,100,Synthetic simulation of FALSE_ALARM condition,synthetic
2026-09-16 05:44:44.332324+00:00,SYNTH_FALSE_003,dev_001,Kitchen,925,23.97,51.1,116,133,90,NORMAL,100,Synthetic simulation of FALSE_ALARM condition,synthetic
2026-09-16 05:44:45.332324+00:00,SYNTH_FALSE_003,dev_001,Kitchen,938,23.88,50.61,117,130,90,NORMAL,100,Synthetic simulation of FALSE_ALARM condition,synthetic
2026-09-16 05:44:46.332324+00:00,SYNTH_FALSE_003,dev_001,Kitchen,932,23.82,51.41,113,126,90,NORMAL,100,Synthetic simulation of FALSE_ALARM condition,synthetic
2026-09-16 05:44:47.332324+00:00,SYNTH_FALSE_003,dev_001,Kitchen,924,24.0,50.98,116,130,90,NORMAL,100,Synthetic simulation of FALSE_ALARM condition,synthetic
2026-09-16 05:44:48.332324+00:00,SYNTH_FALSE_003,dev_001,Kitchen,925,23.87,50.83,110,128,90,NORMAL,100,Synthetic simulation of FALSE_ALARM condition,synthetic
2026-09-16 05:44:49.332324+00:00,SYNTH_FALSE_003,dev_001,Kitchen,929,23.57,50.95,109,127,90,NORMAL,100,Synthetic simulation of FALSE_ALARM condition,synthetic
2026-09-16 05:44:50.332324+00:00,SYNTH_FALSE_003,dev_001,Kitchen,925,23.54,50.85,111,131,90,NORMAL,100,Synthetic simulation of FALSE_ALARM condition,synthetic
2026-09-16 05:44:51.332324+00:00,SYNTH_FALSE_003,dev_001,Kitchen,922,24.1,50.73,113,127,90,NORMAL,100,Synthetic simulation of FALSE_ALARM condition,synthetic
2026-09-16 05:44:52.332324+00:00,SYNTH_FALSE_003,dev_001,Kitchen,930,24.01,50.9,118,123,90,NORMAL,100,Synthetic simulation of FALSE_ALARM condition,synthetic
2026-09-16 05:42:53.334334+00:00,SYNTH_FALSE_004,dev_001,Kitchen,910,26.08,56.81,128,87,90,NORMAL,100,Synthetic simulation of FALSE_ALARM condition,synthetic
2026-09-16 05:42:54.334334+00:00,SYNTH_FALSE_004,dev_001,Kitchen,896,26.1,57.02,132,89,90,NORMAL,100,Synthetic simulation of FALSE_ALARM condition,synthetic
2026-09-16 05:42:55.334334+00:00,SYNTH_FALSE_004,dev_001,Kitchen,901,26.2,56.67,138,95,90,NORMAL,100,Synthetic simulation of FALSE_ALARM condition,synthetic
2026-09-16 05:42:56.334334+00:00,SYNTH_FALSE_004,dev_001,Kitchen,903,26.21,56.91,133,92,90,NORMAL,100,Synthetic simulation of FALSE_ALARM condition,synthetic
2026-09-16 05:42:57.334334+00:00,SYNTH_FALSE_004,dev_001,Kitchen,902,26.19,56.4,137,84,90,NORMAL,100,Synthetic simulation of FALSE_ALARM condition,synthetic
2026-09-16 05:42:58.334334+00:00,SYNTH_FALSE_004,dev_001,Kitchen,896,26.25,57.31,136,88,90,NORMAL,100,Synthetic simulation of FALSE_ALARM condition,synthetic
2026-09-16 05:42:59.334334+00:00,SYNTH_FALSE_004,dev_001,Kitchen,903,26.34,56.58,134,89,90,NORMAL,100,Synthetic simulation of FALSE_ALARM condition,synthetic
2026-09-16 05:43:00.334334+00:00,SYNTH_FALSE_004,dev_001,Kitchen,905,26.02,56.91,135,91,90,NORMAL,100,Synthetic simulation of FALSE_ALARM condition,synthetic
2026-09-16 05:43:01.334334+00:00,SYNTH_FALSE_004,dev_001,Kitchen,905,26.25,56.72,136,92,90,NORMAL,100,Synthetic simulation of FALSE_ALARM condition,synthetic
2026-09-16 05:43:02.334334+00:00,SYNTH_FALSE_004,dev_001,Kitchen,910,26.11,57.06,135,89,90,NORMAL,100,Synthetic simulation of FALSE_ALARM condition,synthetic
2026-09-16 05:43:03.334334+00:00,SYNTH_FALSE_004,dev_001,Kitchen,900,26.06,57.01,134,90,90,NORMAL,100,Synthetic simulation of FALSE_ALARM condition,synthetic
2026-09-16 05:43:04.334334+00:00,SYNTH_FALSE_004,dev_001,Kitchen,904,25.98,57.26,130,90,90,NORMAL,100,Synthetic simulation of FALSE_ALARM condition,synthetic
2026-09-16 05:43:05.334334+00:00,SYNTH_FALSE_004,dev_001,Kitchen,902,26.24,57.16,131,90,90,NORMAL,100,Synthetic simulation of FALSE_ALARM condition,synthetic
2026-09-16 05:43:06.334334+00:00,SYNTH_FALSE_004,dev_001,Kitchen,906,26.29,56.68,132,91,90,NORMAL,100,Synthetic simulation of FALSE_ALARM condition,synthetic
2026-09-16 05:43:07.334334+00:00,SYNTH_FALSE_004,dev_001,Kitchen,914,26.38,57.16,137,96,90,NORMAL,100,Synthetic simulation of FALSE_ALARM condition,synthetic
2026-09-16 05:43:08.334334+00:00,SYNTH_FALSE_004,dev_001,Kitchen,900,26.38,57.28,134,91,90,NORMAL,100,Synthetic simulation of FALSE_ALARM condition,synthetic
2026-09-16 05:43:09.334334+00:00,SYNTH_FALSE_004,dev_001,Kitchen,900,26.06,57.02,130,92,90,NORMAL,100,Synthetic simulation of FALSE_ALARM condition,synthetic
2026-09-16 05:43:10.334334+00:00,SYNTH_FALSE_004,dev_001,Kitchen,905,26.27,57.0,134,90,90,NORMAL,100,Synthetic simulation of FALSE_ALARM condition,synthetic
2026-09-16 05:43:11.334334+00:00,SYNTH_FALSE_004,dev_001,Kitchen,911,26.3,56.85,133,84,90,NORMAL,100,Synthetic simulation of FALSE_ALARM condition,synthetic
2026-09-16 05:43:12.334334+00:00,SYNTH_FALSE_004,dev_001,Kitchen,902,26.29,56.86,129,92,90,NORMAL,100,Synthetic simulation of FALSE_ALARM condition,synthetic
2026-09-16 05:43:13.334334+00:00,SYNTH_FALSE_004,dev_001,Kitchen,903,26.18,56.8,136,85,90,NORMAL,100,Synthetic simulation of FALSE_ALARM condition,synthetic
2026-09-16 05:43:14.334334+00:00,SYNTH_FALSE_004,dev_001,Kitchen,905,26.37,56.54,134,89,90,NORMAL,100,Synthetic simulation of FALSE_ALARM condition,synthetic
2026-09-16 05:43:15.334334+00:00,SYNTH_FALSE_004,dev_001,Kitchen,905,26.24,57.11,134,90,90,NORMAL,100,Synthetic simulation of FALSE_ALARM condition,synthetic
2026-09-16 05:43:16.334334+00:00,SYNTH_FALSE_004,dev_001,Kitchen,900,26.46,56.97,133,94,90,NORMAL,100,Synthetic simulation of FALSE_ALARM condition,synthetic
2026-09-16 05:43:17.334334+00:00,SYNTH_FALSE_004,dev_001,Kitchen,901,26.08,56.98,129,90,90,NORMAL,100,Synthetic simulation of FALSE_ALARM condition,synthetic
2026-09-16 05:43:18.334334+00:00,SYNTH_FALSE_004,dev_001,Kitchen,897,26.19,56.92,136,88,90,NORMAL,100,Synthetic simulation of FALSE_ALARM condition,synthetic
2026-09-16 05:43:19.334334+00:00,SYNTH_FALSE_004,dev_001,Kitchen,902,26.21,56.69,131,91,90,NORMAL,100,Synthetic simulation of FALSE_ALARM condition,synthetic
2026-09-16 05:43:20.334334+00:00,SYNTH_FALSE_004,dev_001,Kitchen,904,26.14,56.87,134,91,90,NORMAL,100,Synthetic simulation of FALSE_ALARM condition,synthetic
2026-09-16 05:43:21.334334+00:00,SYNTH_FALSE_004,dev_001,Kitchen,906,26.05,57.01,134,94,90,NORMAL,100,Synthetic simulation of FALSE_ALARM condition,synthetic
2026-09-16 05:43:22.334334+00:00,SYNTH_FALSE_004,dev_001,Kitchen,901,26.41,57.1,131,91,90,NORMAL,100,Synthetic simulation of FALSE_ALARM condition,synthetic
2026-09-16 05:43:23.334334+00:00,SYNTH_FALSE_004,dev_001,Kitchen,904,26.13,57.04,131,88,90,NORMAL,100,Synthetic simulation of FALSE_ALARM condition,synthetic
2026-09-16 05:43:24.334334+00:00,SYNTH_FALSE_004,dev_001,Kitchen,900,26.25,56.33,131,88,90,NORMAL,100,Synthetic simulation of FALSE_ALARM condition,synthetic
2026-09-16 05:43:25.334334+00:00,SYNTH_FALSE_004,dev_001,Kitchen,908,26.27,56.73,134,90,90,NORMAL,100,Synthetic simulation of FALSE_ALARM condition,synthetic
2026-09-16 05:43:26.334334+00:00,SYNTH_FALSE_004,dev_001,Kitchen,908,25.99,57.21,131,93,90,NORMAL,100,Synthetic simulation of FALSE_ALARM condition,synthetic
2026-09-16 05:43:27.334334+00:00,SYNTH_FALSE_004,dev_001,Kitchen,911,26.36,57.07,134,88,90,NORMAL,100,Synthetic simulation of FALSE_ALARM condition,synthetic
2026-09-16 05:43:28.334334+00:00,SYNTH_FALSE_004,dev_001,Kitchen,896,26.38,57.22,133,93,90,NORMAL,100,Synthetic simulation of FALSE_ALARM condition,synthetic
2026-09-16 05:43:29.334334+00:00,SYNTH_FALSE_004,dev_001,Kitchen,906,26.37,56.92,128,88,90,NORMAL,100,Synthetic simulation of FALSE_ALARM condition,synthetic
2026-09-16 05:43:30.334334+00:00,SYNTH_FALSE_004,dev_001,Kitchen,907,26.41,56.86,127,91,90,NORMAL,100,Synthetic simulation of FALSE_ALARM condition,synthetic
2026-09-16 05:43:31.334334+00:00,SYNTH_FALSE_004,dev_001,Kitchen,907,26.24,57.1,128,92,90,NORMAL,100,Synthetic simulation of FALSE_ALARM condition,synthetic
2026-09-16 05:43:32.334334+00:00,SYNTH_FALSE_004,dev_001,Kitchen,905,26.51,56.8,135,88,90,NORMAL,100,Synthetic simulation of FALSE_ALARM condition,synthetic
2026-09-16 05:43:33.334334+00:00,SYNTH_FALSE_004,dev_001,Kitchen,904,26.3,56.81,133,91,90,NORMAL,100,Synthetic simulation of FALSE_ALARM condition,synthetic
2026-09-16 05:43:34.334334+00:00,SYNTH_FALSE_004,dev_001,Kitchen,904,26.26,57.12,134,90,90,NORMAL,100,Synthetic simulation of FALSE_ALARM condition,synthetic
2026-09-16 05:43:35.334334+00:00,SYNTH_FALSE_004,dev_001,Kitchen,906,25.95,56.54,135,86,90,NORMAL,100,Synthetic simulation of FALSE_ALARM condition,synthetic
2026-09-16 05:43:36.334334+00:00,SYNTH_FALSE_004,dev_001,Kitchen,899,26.29,57.16,136,93,90,NORMAL,100,Synthetic simulation of FALSE_ALARM condition,synthetic
2026-09-16 05:43:37.334334+00:00,SYNTH_FALSE_004,dev_001,Kitchen,906,26.34,56.45,132,89,90,NORMAL,100,Synthetic simulation of FALSE_ALARM condition,synthetic
2026-09-16 05:43:38.334334+00:00,SYNTH_FALSE_004,dev_001,Kitchen,895,26.07,56.6,127,89,90,NORMAL,100,Synthetic simulation of FALSE_ALARM condition,synthetic
2026-09-16 05:43:39.334334+00:00,SYNTH_FALSE_004,dev_001,Kitchen,899,26.03,56.68,134,87,90,NORMAL,100,Synthetic simulation of FALSE_ALARM condition,synthetic
2026-09-16 05:43:40.334334+00:00,SYNTH_FALSE_004,dev_001,Kitchen,902,26.18,56.36,133,92,90,NORMAL,100,Synthetic simulation of FALSE_ALARM condition,synthetic
2026-09-16 05:43:41.334334+00:00,SYNTH_FALSE_004,dev_001,Kitchen,443,26.16,57.27,137,86,135,FALSE_ALARM,100,Synthetic simulation of FALSE_ALARM condition,synthetic
2026-09-16 05:43:42.334334+00:00,SYNTH_FALSE_004,dev_001,Kitchen,450,26.13,56.97,133,90,135,FALSE_ALARM,100,Synthetic simulation of FALSE_ALARM condition,synthetic
2026-09-16 05:43:43.334334+00:00,SYNTH_FALSE_004,dev_001,Kitchen,439,26.14,57.09,137,88,135,FALSE_ALARM,100,Synthetic simulation of FALSE_ALARM condition,synthetic
2026-09-16 05:43:44.334334+00:00,SYNTH_FALSE_004,dev_001,Kitchen,433,26.22,56.92,138,90,135,FALSE_ALARM,100,Synthetic simulation of FALSE_ALARM condition,synthetic
2026-09-16 05:43:45.334334+00:00,SYNTH_FALSE_004,dev_001,Kitchen,443,26.09,56.4,134,89,135,FALSE_ALARM,100,Synthetic simulation of FALSE_ALARM condition,synthetic
2026-09-16 05:43:46.334334+00:00,SYNTH_FALSE_004,dev_001,Kitchen,435,26.27,56.95,130,95,135,FALSE_ALARM,100,Synthetic simulation of FALSE_ALARM condition,synthetic
2026-09-16 05:43:47.334334+00:00,SYNTH_FALSE_004,dev_001,Kitchen,905,26.39,56.66,130,89,90,NORMAL,100,Synthetic simulation of FALSE_ALARM condition,synthetic
2026-09-16 05:43:48.334334+00:00,SYNTH_FALSE_004,dev_001,Kitchen,908,26.34,57.16,131,89,90,NORMAL,100,Synthetic simulation of FALSE_ALARM condition,synthetic
2026-09-16 05:43:49.334334+00:00,SYNTH_FALSE_004,dev_001,Kitchen,904,26.31,56.92,133,91,90,NORMAL,100,Synthetic simulation of FALSE_ALARM condition,synthetic
2026-09-16 05:43:50.334334+00:00,SYNTH_FALSE_004,dev_001,Kitchen,907,26.36,57.08,135,86,90,NORMAL,100,Synthetic simulation of FALSE_ALARM condition,synthetic
2026-09-16 05:43:51.334334+00:00,SYNTH_FALSE_004,dev_001,Kitchen,896,26.13,56.73,130,89,90,NORMAL,100,Synthetic simulation of FALSE_ALARM condition,synthetic
2026-09-16 05:43:52.334334+00:00,SYNTH_FALSE_004,dev_001,Kitchen,903,26.23,56.41,131,85,90,NORMAL,100,Synthetic simulation of FALSE_ALARM condition,synthetic
2026-09-16 05:43:53.334334+00:00,SYNTH_FALSE_004,dev_001,Kitchen,898,26.33,56.89,133,87,90,NORMAL,100,Synthetic simulation of FALSE_ALARM condition,synthetic
2026-09-16 05:43:54.334334+00:00,SYNTH_FALSE_004,dev_001,Kitchen,907,26.13,56.62,130,96,90,NORMAL,100,Synthetic simulation of FALSE_ALARM condition,synthetic
2026-09-16 05:43:55.334334+00:00,SYNTH_FALSE_004,dev_001,Kitchen,905,26.39,57.36,137,88,90,NORMAL,100,Synthetic simulation of FALSE_ALARM condition,synthetic
2026-09-16 05:43:56.334334+00:00,SYNTH_FALSE_004,dev_001,Kitchen,908,26.19,57.15,134,88,90,NORMAL,100,Synthetic simulation of FALSE_ALARM condition,synthetic
2026-09-16 05:43:57.334334+00:00,SYNTH_FALSE_004,dev_001,Kitchen,908,26.09,57.13,136,90,90,NORMAL,100,Synthetic simulation of FALSE_ALARM condition,synthetic
2026-09-16 05:43:58.334334+00:00,SYNTH_FALSE_004,dev_001,Kitchen,907,26.22,57.13,137,93,90,NORMAL,100,Synthetic simulation of FALSE_ALARM condition,synthetic
2026-09-16 05:43:59.334334+00:00,SYNTH_FALSE_004,dev_001,Kitchen,911,26.26,56.73,130,85,90,NORMAL,100,Synthetic simulation of FALSE_ALARM condition,synthetic
2026-09-16 05:44:00.334334+00:00,SYNTH_FALSE_004,dev_001,Kitchen,907,26.38,56.72,133,89,90,NORMAL,100,Synthetic simulation of FALSE_ALARM condition,synthetic
2026-09-16 05:44:01.334334+00:00,SYNTH_FALSE_004,dev_001,Kitchen,901,26.25,56.94,135,87,90,NORMAL,100,Synthetic simulation of FALSE_ALARM condition,synthetic
2026-09-16 05:44:02.334334+00:00,SYNTH_FALSE_004,dev_001,Kitchen,903,26.34,56.77,132,93,90,NORMAL,100,Synthetic simulation of FALSE_ALARM condition,synthetic
2026-09-16 05:44:03.334334+00:00,SYNTH_FALSE_004,dev_001,Kitchen,899,26.24,56.83,141,89,90,NORMAL,100,Synthetic simulation of FALSE_ALARM condition,synthetic
2026-09-16 05:44:04.334334+00:00,SYNTH_FALSE_004,dev_001,Kitchen,901,26.2,56.27,134,90,90,NORMAL,100,Synthetic simulation of FALSE_ALARM condition,synthetic
2026-09-16 05:44:05.334334+00:00,SYNTH_FALSE_004,dev_001,Kitchen,910,26.29,56.82,135,91,90,NORMAL,100,Synthetic simulation of FALSE_ALARM condition,synthetic
2026-09-16 05:44:06.334334+00:00,SYNTH_FALSE_004,dev_001,Kitchen,904,26.23,56.64,128,87,90,NORMAL,100,Synthetic simulation of FALSE_ALARM condition,synthetic
2026-09-16 05:44:07.334334+00:00,SYNTH_FALSE_004,dev_001,Kitchen,907,26.25,57.0,137,91,90,NORMAL,100,Synthetic simulation of FALSE_ALARM condition,synthetic
2026-09-16 05:44:08.334334+00:00,SYNTH_FALSE_004,dev_001,Kitchen,897,26.47,57.06,131,89,90,NORMAL,100,Synthetic simulation of FALSE_ALARM condition,synthetic
2026-09-16 05:44:09.334334+00:00,SYNTH_FALSE_004,dev_001,Kitchen,903,26.42,56.9,132,88,90,NORMAL,100,Synthetic simulation of FALSE_ALARM condition,synthetic
2026-09-16 05:44:10.334334+00:00,SYNTH_FALSE_004,dev_001,Kitchen,903,26.49,56.77,131,87,90,NORMAL,100,Synthetic simulation of FALSE_ALARM condition,synthetic
2026-09-16 05:44:11.334334+00:00,SYNTH_FALSE_004,dev_001,Kitchen,904,26.35,56.65,131,90,90,NORMAL,100,Synthetic simulation of FALSE_ALARM condition,synthetic
2026-09-16 05:44:12.334334+00:00,SYNTH_FALSE_004,dev_001,Kitchen,904,26.16,57.01,129,89,90,NORMAL,100,Synthetic simulation of FALSE_ALARM condition,synthetic
2026-09-16 05:44:13.334334+00:00,SYNTH_FALSE_004,dev_001,Kitchen,907,26.24,57.17,129,90,90,NORMAL,100,Synthetic simulation of FALSE_ALARM condition,synthetic
2026-09-16 05:44:14.334334+00:00,SYNTH_FALSE_004,dev_001,Kitchen,909,25.95,56.96,128,87,90,NORMAL,100,Synthetic simulation of FALSE_ALARM condition,synthetic
2026-09-16 05:44:15.334334+00:00,SYNTH_FALSE_004,dev_001,Kitchen,906,26.42,56.87,137,91,90,NORMAL,100,Synthetic simulation of FALSE_ALARM condition,synthetic
2026-09-16 05:44:16.334334+00:00,SYNTH_FALSE_004,dev_001,Kitchen,909,26.17,57.04,128,91,90,NORMAL,100,Synthetic simulation of FALSE_ALARM condition,synthetic
2026-09-16 05:44:17.334334+00:00,SYNTH_FALSE_004,dev_001,Kitchen,903,26.19,57.12,135,88,90,NORMAL,100,Synthetic simulation of FALSE_ALARM condition,synthetic
2026-09-16 05:44:18.334334+00:00,SYNTH_FALSE_004,dev_001,Kitchen,905,26.24,56.94,133,85,90,NORMAL,100,Synthetic simulation of FALSE_ALARM condition,synthetic
2026-09-16 05:44:19.334334+00:00,SYNTH_FALSE_004,dev_001,Kitchen,900,26.25,57.5,138,91,90,NORMAL,100,Synthetic simulation of FALSE_ALARM condition,synthetic
2026-09-16 05:44:20.334334+00:00,SYNTH_FALSE_004,dev_001,Kitchen,899,26.07,56.77,134,89,90,NORMAL,100,Synthetic simulation of FALSE_ALARM condition,synthetic
2026-09-16 05:44:21.334334+00:00,SYNTH_FALSE_004,dev_001,Kitchen,903,26.14,57.09,132,90,90,NORMAL,100,Synthetic simulation of FALSE_ALARM condition,synthetic
2026-09-16 05:44:22.334334+00:00,SYNTH_FALSE_004,dev_001,Kitchen,909,26.09,56.9,138,93,90,NORMAL,100,Synthetic simulation of FALSE_ALARM condition,synthetic
2026-09-16 05:44:23.334334+00:00,SYNTH_FALSE_004,dev_001,Kitchen,909,26.02,56.71,129,87,90,NORMAL,100,Synthetic simulation of FALSE_ALARM condition,synthetic
2026-09-16 05:44:24.334334+00:00,SYNTH_FALSE_004,dev_001,Kitchen,904,26.05,57.14,131,89,90,NORMAL,100,Synthetic simulation of FALSE_ALARM condition,synthetic
2026-09-16 05:44:25.334334+00:00,SYNTH_FALSE_004,dev_001,Kitchen,909,26.16,56.9,133,90,90,NORMAL,100,Synthetic simulation of FALSE_ALARM condition,synthetic
2026-09-16 05:44:26.334334+00:00,SYNTH_FALSE_004,dev_001,Kitchen,890,26.06,56.7,134,88,90,NORMAL,100,Synthetic simulation of FALSE_ALARM condition,synthetic
2026-09-16 05:44:27.334334+00:00,SYNTH_FALSE_004,dev_001,Kitchen,906,26.32,57.38,127,92,90,NORMAL,100,Synthetic simulation of FALSE_ALARM condition,synthetic
2026-09-16 05:44:28.334334+00:00,SYNTH_FALSE_004,dev_001,Kitchen,901,26.14,56.64,133,92,90,NORMAL,100,Synthetic simulation of FALSE_ALARM condition,synthetic
2026-09-16 05:44:29.334334+00:00,SYNTH_FALSE_004,dev_001,Kitchen,903,26.24,57.18,130,89,90,NORMAL,100,Synthetic simulation of FALSE_ALARM condition,synthetic
2026-09-16 05:44:30.334334+00:00,SYNTH_FALSE_004,dev_001,Kitchen,896,26.49,57.18,128,92,90,NORMAL,100,Synthetic simulation of FALSE_ALARM condition,synthetic
2026-09-16 05:44:31.334334+00:00,SYNTH_FALSE_004,dev_001,Kitchen,903,26.47,56.77,133,85,90,NORMAL,100,Synthetic simulation of FALSE_ALARM condition,synthetic
2026-09-16 05:44:32.334334+00:00,SYNTH_FALSE_004,dev_001,Kitchen,908,26.3,56.91,134,90,90,NORMAL,100,Synthetic simulation of FALSE_ALARM condition,synthetic
2026-09-16 05:44:33.334334+00:00,SYNTH_FALSE_004,dev_001,Kitchen,897,26.32,56.89,133,91,90,NORMAL,100,Synthetic simulation of FALSE_ALARM condition,synthetic
2026-09-16 05:44:34.334334+00:00,SYNTH_FALSE_004,dev_001,Kitchen,906,26.1,57.02,133,90,90,NORMAL,100,Synthetic simulation of FALSE_ALARM condition,synthetic
2026-09-16 05:44:35.334334+00:00,SYNTH_FALSE_004,dev_001,Kitchen,907,26.21,56.91,131,91,90,NORMAL,100,Synthetic simulation of FALSE_ALARM condition,synthetic
2026-09-16 05:44:36.334334+00:00,SYNTH_FALSE_004,dev_001,Kitchen,909,26.19,56.86,131,88,90,NORMAL,100,Synthetic simulation of FALSE_ALARM condition,synthetic
2026-09-16 05:44:37.334334+00:00,SYNTH_FALSE_004,dev_001,Kitchen,903,26.1,56.92,133,88,90,NORMAL,100,Synthetic simulation of FALSE_ALARM condition,synthetic
2026-09-16 05:44:38.334334+00:00,SYNTH_FALSE_004,dev_001,Kitchen,904,26.21,56.79,132,90,90,NORMAL,100,Synthetic simulation of FALSE_ALARM condition,synthetic
2026-09-16 05:44:39.334334+00:00,SYNTH_FALSE_004,dev_001,Kitchen,902,26.4,57.01,139,91,90,NORMAL,100,Synthetic simulation of FALSE_ALARM condition,synthetic
2026-09-16 05:44:40.334334+00:00,SYNTH_FALSE_004,dev_001,Kitchen,899,26.32,57.13,129,91,90,NORMAL,100,Synthetic simulation of FALSE_ALARM condition,synthetic
2026-09-16 05:44:41.334334+00:00,SYNTH_FALSE_004,dev_001,Kitchen,904,25.99,56.85,132,90,90,NORMAL,100,Synthetic simulation of FALSE_ALARM condition,synthetic
2026-09-16 05:44:42.334334+00:00,SYNTH_FALSE_004,dev_001,Kitchen,901,26.41,56.92,133,87,90,NORMAL,100,Synthetic simulation of FALSE_ALARM condition,synthetic
2026-09-16 05:44:43.334334+00:00,SYNTH_FALSE_004,dev_001,Kitchen,902,26.26,56.94,132,90,90,NORMAL,100,Synthetic simulation of FALSE_ALARM condition,synthetic
2026-09-16 05:44:44.334334+00:00,SYNTH_FALSE_004,dev_001,Kitchen,899,26.41,57.16,130,93,90,NORMAL,100,Synthetic simulation of FALSE_ALARM condition,synthetic
2026-09-16 05:44:45.334334+00:00,SYNTH_FALSE_004,dev_001,Kitchen,897,25.93,56.9,132,90,90,NORMAL,100,Synthetic simulation of FALSE_ALARM condition,synthetic
2026-09-16 05:44:46.334334+00:00,SYNTH_FALSE_004,dev_001,Kitchen,908,26.21,56.79,135,88,90,NORMAL,100,Synthetic simulation of FALSE_ALARM condition,synthetic
2026-09-16 05:44:47.334334+00:00,SYNTH_FALSE_004,dev_001,Kitchen,902,26.58,56.4,135,85,90,NORMAL,100,Synthetic simulation of FALSE_ALARM condition,synthetic
2026-09-16 05:44:48.334334+00:00,SYNTH_FALSE_004,dev_001,Kitchen,904,26.23,56.45,134,87,90,NORMAL,100,Synthetic simulation of FALSE_ALARM condition,synthetic
2026-09-16 05:44:49.334334+00:00,SYNTH_FALSE_004,dev_001,Kitchen,901,26.16,57.11,132,92,90,NORMAL,100,Synthetic simulation of FALSE_ALARM condition,synthetic
2026-09-16 05:44:50.334334+00:00,SYNTH_FALSE_004,dev_001,Kitchen,910,26.25,57.1,129,93,90,NORMAL,100,Synthetic simulation of FALSE_ALARM condition,synthetic
2026-09-16 05:44:51.334334+00:00,SYNTH_FALSE_004,dev_001,Kitchen,901,26.13,56.43,138,86,90,NORMAL,100,Synthetic simulation of FALSE_ALARM condition,synthetic
2026-09-16 05:44:52.334334+00:00,SYNTH_FALSE_004,dev_001,Kitchen,905,26.21,56.45,127,90,90,NORMAL,100,Synthetic simulation of FALSE_ALARM condition,synthetic
2026-09-16 05:42:53.336323+00:00,SYNTH_FALSE_005,dev_001,Kitchen,902,26.4,58.25,120,116,90,NORMAL,100,Synthetic simulation of FALSE_ALARM condition,synthetic
2026-09-16 05:42:54.336323+00:00,SYNTH_FALSE_005,dev_001,Kitchen,896,26.15,58.4,112,108,90,NORMAL,100,Synthetic simulation of FALSE_ALARM condition,synthetic
2026-09-16 05:42:55.336323+00:00,SYNTH_FALSE_005,dev_001,Kitchen,904,26.17,57.89,114,112,90,NORMAL,100,Synthetic simulation of FALSE_ALARM condition,synthetic
2026-09-16 05:42:56.336323+00:00,SYNTH_FALSE_005,dev_001,Kitchen,899,26.35,58.31,111,112,90,NORMAL,100,Synthetic simulation of FALSE_ALARM condition,synthetic
2026-09-16 05:42:57.336323+00:00,SYNTH_FALSE_005,dev_001,Kitchen,892,26.14,57.94,116,114,90,NORMAL,100,Synthetic simulation of FALSE_ALARM condition,synthetic
2026-09-16 05:42:58.336323+00:00,SYNTH_FALSE_005,dev_001,Kitchen,894,25.89,57.94,113,121,90,NORMAL,100,Synthetic simulation of FALSE_ALARM condition,synthetic
2026-09-16 05:42:59.336323+00:00,SYNTH_FALSE_005,dev_001,Kitchen,895,26.4,58.05,112,117,90,NORMAL,100,Synthetic simulation of FALSE_ALARM condition,synthetic
2026-09-16 05:43:00.336323+00:00,SYNTH_FALSE_005,dev_001,Kitchen,893,25.91,57.95,114,113,90,NORMAL,100,Synthetic simulation of FALSE_ALARM condition,synthetic
2026-09-16 05:43:01.336323+00:00,SYNTH_FALSE_005,dev_001,Kitchen,902,26.3,58.56,111,112,90,NORMAL,100,Synthetic simulation of FALSE_ALARM condition,synthetic
2026-09-16 05:43:02.336323+00:00,SYNTH_FALSE_005,dev_001,Kitchen,897,26.09,58.44,109,112,90,NORMAL,100,Synthetic simulation of FALSE_ALARM condition,synthetic
2026-09-16 05:43:03.336323+00:00,SYNTH_FALSE_005,dev_001,Kitchen,899,26.02,58.38,116,115,90,NORMAL,100,Synthetic simulation of FALSE_ALARM condition,synthetic
2026-09-16 05:43:04.336323+00:00,SYNTH_FALSE_005,dev_001,Kitchen,889,26.22,58.62,112,115,90,NORMAL,100,Synthetic simulation of FALSE_ALARM condition,synthetic
2026-09-16 05:43:05.336323+00:00,SYNTH_FALSE_005,dev_001,Kitchen,893,25.99,58.11,121,112,90,NORMAL,100,Synthetic simulation of FALSE_ALARM condition,synthetic
2026-09-16 05:43:06.336323+00:00,SYNTH_FALSE_005,dev_001,Kitchen,897,26.11,58.37,108,113,90,NORMAL,100,Synthetic simulation of FALSE_ALARM condition,synthetic
2026-09-16 05:43:07.336323+00:00,SYNTH_FALSE_005,dev_001,Kitchen,894,25.98,58.56,110,118,90,NORMAL,100,Synthetic simulation of FALSE_ALARM condition,synthetic
2026-09-16 05:43:08.336323+00:00,SYNTH_FALSE_005,dev_001,Kitchen,899,26.37,58.43,114,117,90,NORMAL,100,Synthetic simulation of FALSE_ALARM condition,synthetic
2026-09-16 05:43:09.336323+00:00,SYNTH_FALSE_005,dev_001,Kitchen,908,26.02,58.15,109,118,90,NORMAL,100,Synthetic simulation of FALSE_ALARM condition,synthetic
2026-09-16 05:43:10.336323+00:00,SYNTH_FALSE_005,dev_001,Kitchen,897,26.29,58.4,111,115,90,NORMAL,100,Synthetic simulation of FALSE_ALARM condition,synthetic
2026-09-16 05:43:11.336323+00:00,SYNTH_FALSE_005,dev_001,Kitchen,902,26.31,58.23,108,114,90,NORMAL,100,Synthetic simulation of FALSE_ALARM condition,synthetic
2026-09-16 05:43:12.336323+00:00,SYNTH_FALSE_005,dev_001,Kitchen,902,26.21,58.58,113,113,90,NORMAL,100,Synthetic simulation of FALSE_ALARM condition,synthetic
2026-09-16 05:43:13.336323+00:00,SYNTH_FALSE_005,dev_001,Kitchen,903,26.23,58.58,113,111,90,NORMAL,100,Synthetic simulation of FALSE_ALARM condition,synthetic
2026-09-16 05:43:14.336323+00:00,SYNTH_FALSE_005,dev_001,Kitchen,892,26.19,58.78,109,113,90,NORMAL,100,Synthetic simulation of FALSE_ALARM condition,synthetic
2026-09-16 05:43:15.336323+00:00,SYNTH_FALSE_005,dev_001,Kitchen,892,26.25,58.37,110,113,90,NORMAL,100,Synthetic simulation of FALSE_ALARM condition,synthetic
2026-09-16 05:43:16.336323+00:00,SYNTH_FALSE_005,dev_001,Kitchen,888,26.2,58.13,110,117,90,NORMAL,100,Synthetic simulation of FALSE_ALARM condition,synthetic
2026-09-16 05:43:17.336323+00:00,SYNTH_FALSE_005,dev_001,Kitchen,896,25.93,58.04,113,117,90,NORMAL,100,Synthetic simulation of FALSE_ALARM condition,synthetic
2026-09-16 05:43:18.336323+00:00,SYNTH_FALSE_005,dev_001,Kitchen,903,26.39,58.79,116,109,90,NORMAL,100,Synthetic simulation of FALSE_ALARM condition,synthetic
2026-09-16 05:43:19.336323+00:00,SYNTH_FALSE_005,dev_001,Kitchen,901,26.15,58.8,117,113,90,NORMAL,100,Synthetic simulation of FALSE_ALARM condition,synthetic
2026-09-16 05:43:20.336323+00:00,SYNTH_FALSE_005,dev_001,Kitchen,903,26.31,58.31,115,121,90,NORMAL,100,Synthetic simulation of FALSE_ALARM condition,synthetic
2026-09-16 05:43:21.336323+00:00,SYNTH_FALSE_005,dev_001,Kitchen,906,26.36,58.4,109,113,90,NORMAL,100,Synthetic simulation of FALSE_ALARM condition,synthetic
2026-09-16 05:43:22.336323+00:00,SYNTH_FALSE_005,dev_001,Kitchen,900,26.16,58.61,111,116,90,NORMAL,100,Synthetic simulation of FALSE_ALARM condition,synthetic
2026-09-16 05:43:23.336323+00:00,SYNTH_FALSE_005,dev_001,Kitchen,902,26.42,57.78,114,112,90,NORMAL,100,Synthetic simulation of FALSE_ALARM condition,synthetic
2026-09-16 05:43:24.336323+00:00,SYNTH_FALSE_005,dev_001,Kitchen,895,26.13,58.64,113,114,90,NORMAL,100,Synthetic simulation of FALSE_ALARM condition,synthetic
2026-09-16 05:43:25.336323+00:00,SYNTH_FALSE_005,dev_001,Kitchen,893,26.37,58.29,113,110,90,NORMAL,100,Synthetic simulation of FALSE_ALARM condition,synthetic
2026-09-16 05:43:26.336323+00:00,SYNTH_FALSE_005,dev_001,Kitchen,900,26.53,58.29,110,120,90,NORMAL,100,Synthetic simulation of FALSE_ALARM condition,synthetic
2026-09-16 05:43:27.336323+00:00,SYNTH_FALSE_005,dev_001,Kitchen,902,26.16,58.69,112,115,90,NORMAL,100,Synthetic simulation of FALSE_ALARM condition,synthetic
2026-09-16 05:43:28.336323+00:00,SYNTH_FALSE_005,dev_001,Kitchen,894,26.35,58.27,120,110,90,NORMAL,100,Synthetic simulation of FALSE_ALARM condition,synthetic
2026-09-16 05:43:29.336323+00:00,SYNTH_FALSE_005,dev_001,Kitchen,896,26.45,58.46,113,116,90,NORMAL,100,Synthetic simulation of FALSE_ALARM condition,synthetic
2026-09-16 05:43:30.336323+00:00,SYNTH_FALSE_005,dev_001,Kitchen,895,26.12,58.52,113,117,90,NORMAL,100,Synthetic simulation of FALSE_ALARM condition,synthetic
2026-09-16 05:43:31.336323+00:00,SYNTH_FALSE_005,dev_001,Kitchen,897,26.21,58.3,111,112,90,NORMAL,100,Synthetic simulation of FALSE_ALARM condition,synthetic
2026-09-16 05:43:32.336323+00:00,SYNTH_FALSE_005,dev_001,Kitchen,904,26.13,58.44,114,114,90,NORMAL,100,Synthetic simulation of FALSE_ALARM condition,synthetic
2026-09-16 05:43:33.336323+00:00,SYNTH_FALSE_005,dev_001,Kitchen,894,26.12,57.94,110,114,90,NORMAL,100,Synthetic simulation of FALSE_ALARM condition,synthetic
2026-09-16 05:43:34.336323+00:00,SYNTH_FALSE_005,dev_001,Kitchen,900,26.22,57.94,110,116,90,NORMAL,100,Synthetic simulation of FALSE_ALARM condition,synthetic
2026-09-16 05:43:35.336323+00:00,SYNTH_FALSE_005,dev_001,Kitchen,898,26.2,58.52,111,114,90,NORMAL,100,Synthetic simulation of FALSE_ALARM condition,synthetic
2026-09-16 05:43:36.336323+00:00,SYNTH_FALSE_005,dev_001,Kitchen,899,25.93,58.68,115,119,90,NORMAL,100,Synthetic simulation of FALSE_ALARM condition,synthetic
2026-09-16 05:43:37.336323+00:00,SYNTH_FALSE_005,dev_001,Kitchen,902,26.33,58.06,111,115,90,NORMAL,100,Synthetic simulation of FALSE_ALARM condition,synthetic
2026-09-16 05:43:38.336323+00:00,SYNTH_FALSE_005,dev_001,Kitchen,895,26.1,58.7,114,114,90,NORMAL,100,Synthetic simulation of FALSE_ALARM condition,synthetic
2026-09-16 05:43:39.336323+00:00,SYNTH_FALSE_005,dev_001,Kitchen,901,26.37,58.74,114,115,90,NORMAL,100,Synthetic simulation of FALSE_ALARM condition,synthetic
2026-09-16 05:43:40.336323+00:00,SYNTH_FALSE_005,dev_001,Kitchen,894,26.5,58.21,111,116,90,NORMAL,100,Synthetic simulation of FALSE_ALARM condition,synthetic
2026-09-16 05:43:41.336323+00:00,SYNTH_FALSE_005,dev_001,Kitchen,314,26.29,58.05,115,112,90,FALSE_ALARM,100,Synthetic simulation of FALSE_ALARM condition,synthetic
2026-09-16 05:43:42.336323+00:00,SYNTH_FALSE_005,dev_001,Kitchen,315,26.28,58.48,113,111,90,FALSE_ALARM,100,Synthetic simulation of FALSE_ALARM condition,synthetic
2026-09-16 05:43:43.336323+00:00,SYNTH_FALSE_005,dev_001,Kitchen,318,26.24,58.23,116,116,90,FALSE_ALARM,100,Synthetic simulation of FALSE_ALARM condition,synthetic
2026-09-16 05:43:44.336323+00:00,SYNTH_FALSE_005,dev_001,Kitchen,314,26.12,58.18,110,113,90,FALSE_ALARM,100,Synthetic simulation of FALSE_ALARM condition,synthetic
2026-09-16 05:43:45.336323+00:00,SYNTH_FALSE_005,dev_001,Kitchen,310,26.33,58.37,112,116,90,FALSE_ALARM,100,Synthetic simulation of FALSE_ALARM condition,synthetic
2026-09-16 05:43:46.336323+00:00,SYNTH_FALSE_005,dev_001,Kitchen,897,26.06,58.06,107,115,90,NORMAL,100,Synthetic simulation of FALSE_ALARM condition,synthetic
2026-09-16 05:43:47.336323+00:00,SYNTH_FALSE_005,dev_001,Kitchen,893,26.2,58.54,111,116,90,NORMAL,100,Synthetic simulation of FALSE_ALARM condition,synthetic
2026-09-16 05:43:48.336323+00:00,SYNTH_FALSE_005,dev_001,Kitchen,896,26.15,58.44,107,116,90,NORMAL,100,Synthetic simulation of FALSE_ALARM condition,synthetic
2026-09-16 05:43:49.336323+00:00,SYNTH_FALSE_005,dev_001,Kitchen,903,26.23,58.11,113,115,90,NORMAL,100,Synthetic simulation of FALSE_ALARM condition,synthetic
2026-09-16 05:43:50.336323+00:00,SYNTH_FALSE_005,dev_001,Kitchen,897,26.28,58.26,111,117,90,NORMAL,100,Synthetic simulation of FALSE_ALARM condition,synthetic
2026-09-16 05:43:51.336323+00:00,SYNTH_FALSE_005,dev_001,Kitchen,891,26.39,58.17,114,114,90,NORMAL,100,Synthetic simulation of FALSE_ALARM condition,synthetic
2026-09-16 05:43:52.336323+00:00,SYNTH_FALSE_005,dev_001,Kitchen,900,26.18,58.61,112,119,90,NORMAL,100,Synthetic simulation of FALSE_ALARM condition,synthetic
2026-09-16 05:43:53.336323+00:00,SYNTH_FALSE_005,dev_001,Kitchen,898,26.25,58.36,115,117,90,NORMAL,100,Synthetic simulation of FALSE_ALARM condition,synthetic
2026-09-16 05:43:54.336323+00:00,SYNTH_FALSE_005,dev_001,Kitchen,897,26.28,58.63,117,116,90,NORMAL,100,Synthetic simulation of FALSE_ALARM condition,synthetic
2026-09-16 05:43:55.336323+00:00,SYNTH_FALSE_005,dev_001,Kitchen,904,26.3,58.33,108,113,90,NORMAL,100,Synthetic simulation of FALSE_ALARM condition,synthetic
2026-09-16 05:43:56.336323+00:00,SYNTH_FALSE_005,dev_001,Kitchen,901,26.2,58.19,109,118,90,NORMAL,100,Synthetic simulation of FALSE_ALARM condition,synthetic
2026-09-16 05:43:57.336323+00:00,SYNTH_FALSE_005,dev_001,Kitchen,894,26.64,58.41,105,113,90,NORMAL,100,Synthetic simulation of FALSE_ALARM condition,synthetic
2026-09-16 05:43:58.336323+00:00,SYNTH_FALSE_005,dev_001,Kitchen,894,26.35,58.43,118,112,90,NORMAL,100,Synthetic simulation of FALSE_ALARM condition,synthetic
2026-09-16 05:43:59.336323+00:00,SYNTH_FALSE_005,dev_001,Kitchen,896,26.25,58.15,113,109,90,NORMAL,100,Synthetic simulation of FALSE_ALARM condition,synthetic
2026-09-16 05:44:00.336323+00:00,SYNTH_FALSE_005,dev_001,Kitchen,903,26.26,58.25,114,118,90,NORMAL,100,Synthetic simulation of FALSE_ALARM condition,synthetic
2026-09-16 05:44:01.336323+00:00,SYNTH_FALSE_005,dev_001,Kitchen,891,26.49,58.68,112,114,90,NORMAL,100,Synthetic simulation of FALSE_ALARM condition,synthetic
2026-09-16 05:44:02.336323+00:00,SYNTH_FALSE_005,dev_001,Kitchen,899,26.27,57.92,120,116,90,NORMAL,100,Synthetic simulation of FALSE_ALARM condition,synthetic
2026-09-16 05:44:03.336323+00:00,SYNTH_FALSE_005,dev_001,Kitchen,897,26.2,59.09,120,112,90,NORMAL,100,Synthetic simulation of FALSE_ALARM condition,synthetic
2026-09-16 05:44:04.336323+00:00,SYNTH_FALSE_005,dev_001,Kitchen,898,26.45,58.61,110,113,90,NORMAL,100,Synthetic simulation of FALSE_ALARM condition,synthetic
2026-09-16 05:44:05.336323+00:00,SYNTH_FALSE_005,dev_001,Kitchen,895,26.11,58.08,112,116,90,NORMAL,100,Synthetic simulation of FALSE_ALARM condition,synthetic
2026-09-16 05:44:06.336323+00:00,SYNTH_FALSE_005,dev_001,Kitchen,898,26.34,58.55,121,112,90,NORMAL,100,Synthetic simulation of FALSE_ALARM condition,synthetic
2026-09-16 05:44:07.336323+00:00,SYNTH_FALSE_005,dev_001,Kitchen,893,26.12,58.16,124,116,90,NORMAL,100,Synthetic simulation of FALSE_ALARM condition,synthetic
2026-09-16 05:44:08.336323+00:00,SYNTH_FALSE_005,dev_001,Kitchen,896,26.4,58.15,113,112,90,NORMAL,100,Synthetic simulation of FALSE_ALARM condition,synthetic
2026-09-16 05:44:09.336323+00:00,SYNTH_FALSE_005,dev_001,Kitchen,899,26.3,58.07,113,110,90,NORMAL,100,Synthetic simulation of FALSE_ALARM condition,synthetic
2026-09-16 05:44:10.336323+00:00,SYNTH_FALSE_005,dev_001,Kitchen,897,26.27,58.56,112,113,90,NORMAL,100,Synthetic simulation of FALSE_ALARM condition,synthetic
2026-09-16 05:44:11.336323+00:00,SYNTH_FALSE_005,dev_001,Kitchen,902,26.35,58.27,115,118,90,NORMAL,100,Synthetic simulation of FALSE_ALARM condition,synthetic
2026-09-16 05:44:12.336323+00:00,SYNTH_FALSE_005,dev_001,Kitchen,901,26.21,58.78,110,113,90,NORMAL,100,Synthetic simulation of FALSE_ALARM condition,synthetic
2026-09-16 05:44:13.336323+00:00,SYNTH_FALSE_005,dev_001,Kitchen,896,26.2,58.18,112,116,90,NORMAL,100,Synthetic simulation of FALSE_ALARM condition,synthetic
2026-09-16 05:44:14.336323+00:00,SYNTH_FALSE_005,dev_001,Kitchen,897,26.38,58.6,109,113,90,NORMAL,100,Synthetic simulation of FALSE_ALARM condition,synthetic
2026-09-16 05:44:15.336323+00:00,SYNTH_FALSE_005,dev_001,Kitchen,887,25.91,58.06,114,114,90,NORMAL,100,Synthetic simulation of FALSE_ALARM condition,synthetic
2026-09-16 05:44:16.336323+00:00,SYNTH_FALSE_005,dev_001,Kitchen,893,26.01,58.49,114,117,90,NORMAL,100,Synthetic simulation of FALSE_ALARM condition,synthetic
2026-09-16 05:44:17.336323+00:00,SYNTH_FALSE_005,dev_001,Kitchen,896,26.39,58.41,112,113,90,NORMAL,100,Synthetic simulation of FALSE_ALARM condition,synthetic
2026-09-16 05:44:18.336323+00:00,SYNTH_FALSE_005,dev_001,Kitchen,889,26.0,58.52,115,117,90,NORMAL,100,Synthetic simulation of FALSE_ALARM condition,synthetic
2026-09-16 05:44:19.336323+00:00,SYNTH_FALSE_005,dev_001,Kitchen,890,26.24,58.44,113,115,90,NORMAL,100,Synthetic simulation of FALSE_ALARM condition,synthetic
2026-09-16 05:44:20.336323+00:00,SYNTH_FALSE_005,dev_001,Kitchen,902,26.09,57.92,107,114,90,NORMAL,100,Synthetic simulation of FALSE_ALARM condition,synthetic
2026-09-16 05:44:21.336323+00:00,SYNTH_FALSE_005,dev_001,Kitchen,900,26.26,58.62,108,117,90,NORMAL,100,Synthetic simulation of FALSE_ALARM condition,synthetic
2026-09-16 05:44:22.336323+00:00,SYNTH_FALSE_005,dev_001,Kitchen,895,26.34,58.22,114,110,90,NORMAL,100,Synthetic simulation of FALSE_ALARM condition,synthetic
2026-09-16 05:44:23.336323+00:00,SYNTH_FALSE_005,dev_001,Kitchen,902,26.18,58.26,111,116,90,NORMAL,100,Synthetic simulation of FALSE_ALARM condition,synthetic
2026-09-16 05:44:24.336323+00:00,SYNTH_FALSE_005,dev_001,Kitchen,895,26.04,58.25,114,116,90,NORMAL,100,Synthetic simulation of FALSE_ALARM condition,synthetic
2026-09-16 05:44:25.336323+00:00,SYNTH_FALSE_005,dev_001,Kitchen,902,26.55,58.62,113,111,90,NORMAL,100,Synthetic simulation of FALSE_ALARM condition,synthetic
2026-09-16 05:44:26.336323+00:00,SYNTH_FALSE_005,dev_001,Kitchen,898,26.3,58.22,110,115,90,NORMAL,100,Synthetic simulation of FALSE_ALARM condition,synthetic
2026-09-16 05:44:27.336323+00:00,SYNTH_FALSE_005,dev_001,Kitchen,896,26.24,58.07,114,113,90,NORMAL,100,Synthetic simulation of FALSE_ALARM condition,synthetic
2026-09-16 05:44:28.336323+00:00,SYNTH_FALSE_005,dev_001,Kitchen,899,26.02,58.3,112,113,90,NORMAL,100,Synthetic simulation of FALSE_ALARM condition,synthetic
2026-09-16 05:44:29.336323+00:00,SYNTH_FALSE_005,dev_001,Kitchen,896,26.35,58.71,112,117,90,NORMAL,100,Synthetic simulation of FALSE_ALARM condition,synthetic
2026-09-16 05:44:30.336323+00:00,SYNTH_FALSE_005,dev_001,Kitchen,891,26.45,58.46,111,119,90,NORMAL,100,Synthetic simulation of FALSE_ALARM condition,synthetic
2026-09-16 05:44:31.336323+00:00,SYNTH_FALSE_005,dev_001,Kitchen,896,26.28,58.45,116,118,90,NORMAL,100,Synthetic simulation of FALSE_ALARM condition,synthetic
2026-09-16 05:44:32.336323+00:00,SYNTH_FALSE_005,dev_001,Kitchen,895,26.28,58.36,106,114,90,NORMAL,100,Synthetic simulation of FALSE_ALARM condition,synthetic
2026-09-16 05:44:33.336323+00:00,SYNTH_FALSE_005,dev_001,Kitchen,892,26.51,58.43,111,117,90,NORMAL,100,Synthetic simulation of FALSE_ALARM condition,synthetic
2026-09-16 05:44:34.336323+00:00,SYNTH_FALSE_005,dev_001,Kitchen,899,26.13,58.3,113,119,90,NORMAL,100,Synthetic simulation of FALSE_ALARM condition,synthetic
2026-09-16 05:44:35.336323+00:00,SYNTH_FALSE_005,dev_001,Kitchen,902,26.17,58.57,110,117,90,NORMAL,100,Synthetic simulation of FALSE_ALARM condition,synthetic
2026-09-16 05:44:36.336323+00:00,SYNTH_FALSE_005,dev_001,Kitchen,899,26.26,58.4,114,121,90,NORMAL,100,Synthetic simulation of FALSE_ALARM condition,synthetic
2026-09-16 05:44:37.336323+00:00,SYNTH_FALSE_005,dev_001,Kitchen,903,25.88,58.36,113,113,90,NORMAL,100,Synthetic simulation of FALSE_ALARM condition,synthetic
2026-09-16 05:44:38.336323+00:00,SYNTH_FALSE_005,dev_001,Kitchen,897,26.17,58.27,111,111,90,NORMAL,100,Synthetic simulation of FALSE_ALARM condition,synthetic
2026-09-16 05:44:39.336323+00:00,SYNTH_FALSE_005,dev_001,Kitchen,893,26.33,58.18,106,114,90,NORMAL,100,Synthetic simulation of FALSE_ALARM condition,synthetic
2026-09-16 05:44:40.336323+00:00,SYNTH_FALSE_005,dev_001,Kitchen,896,26.26,58.25,115,115,90,NORMAL,100,Synthetic simulation of FALSE_ALARM condition,synthetic
2026-09-16 05:44:41.336323+00:00,SYNTH_FALSE_005,dev_001,Kitchen,899,26.37,58.32,118,113,90,NORMAL,100,Synthetic simulation of FALSE_ALARM condition,synthetic
2026-09-16 05:44:42.336323+00:00,SYNTH_FALSE_005,dev_001,Kitchen,894,26.04,58.05,115,115,90,NORMAL,100,Synthetic simulation of FALSE_ALARM condition,synthetic
2026-09-16 05:44:43.336323+00:00,SYNTH_FALSE_005,dev_001,Kitchen,893,26.37,58.93,115,114,90,NORMAL,100,Synthetic simulation of FALSE_ALARM condition,synthetic
2026-09-16 05:44:44.336323+00:00,SYNTH_FALSE_005,dev_001,Kitchen,902,26.03,58.61,111,112,90,NORMAL,100,Synthetic simulation of FALSE_ALARM condition,synthetic
2026-09-16 05:44:45.336323+00:00,SYNTH_FALSE_005,dev_001,Kitchen,902,26.31,58.41,109,113,90,NORMAL,100,Synthetic simulation of FALSE_ALARM condition,synthetic
2026-09-16 05:44:46.336323+00:00,SYNTH_FALSE_005,dev_001,Kitchen,903,26.33,58.37,116,116,90,NORMAL,100,Synthetic simulation of FALSE_ALARM condition,synthetic
2026-09-16 05:44:47.336323+00:00,SYNTH_FALSE_005,dev_001,Kitchen,900,26.33,58.06,112,114,90,NORMAL,100,Synthetic simulation of FALSE_ALARM condition,synthetic
2026-09-16 05:44:48.336323+00:00,SYNTH_FALSE_005,dev_001,Kitchen,901,26.03,58.08,116,115,90,NORMAL,100,Synthetic simulation of FALSE_ALARM condition,synthetic
2026-09-16 05:44:49.336323+00:00,SYNTH_FALSE_005,dev_001,Kitchen,897,26.15,58.25,112,109,90,NORMAL,100,Synthetic simulation of FALSE_ALARM condition,synthetic
2026-09-16 05:44:50.336323+00:00,SYNTH_FALSE_005,dev_001,Kitchen,902,26.08,57.95,114,119,90,NORMAL,100,Synthetic simulation of FALSE_ALARM condition,synthetic
2026-09-16 05:44:51.336323+00:00,SYNTH_FALSE_005,dev_001,Kitchen,902,26.29,58.39,119,113,90,NORMAL,100,Synthetic simulation of FALSE_ALARM condition,synthetic
2026-09-16 05:44:52.336323+00:00,SYNTH_FALSE_005,dev_001,Kitchen,903,26.22,58.72,108,118,90,NORMAL,100,Synthetic simulation of FALSE_ALARM condition,synthetic
2026-09-16 05:42:53.339594+00:00,SYNTH_FALSE_006,dev_001,Kitchen,911,25.07,50.11,130,123,90,NORMAL,100,Synthetic simulation of FALSE_ALARM condition,synthetic
2026-09-16 05:42:54.339594+00:00,SYNTH_FALSE_006,dev_001,Kitchen,914,24.74,50.54,129,127,90,NORMAL,100,Synthetic simulation of FALSE_ALARM condition,synthetic
2026-09-16 05:42:55.339594+00:00,SYNTH_FALSE_006,dev_001,Kitchen,913,24.88,50.38,129,127,90,NORMAL,100,Synthetic simulation of FALSE_ALARM condition,synthetic
2026-09-16 05:42:56.339594+00:00,SYNTH_FALSE_006,dev_001,Kitchen,910,25.07,49.77,135,124,90,NORMAL,100,Synthetic simulation of FALSE_ALARM condition,synthetic
2026-09-16 05:42:57.339594+00:00,SYNTH_FALSE_006,dev_001,Kitchen,917,24.9,50.02,137,126,90,NORMAL,100,Synthetic simulation of FALSE_ALARM condition,synthetic
2026-09-16 05:42:58.339594+00:00,SYNTH_FALSE_006,dev_001,Kitchen,915,25.11,49.99,134,125,90,NORMAL,100,Synthetic simulation of FALSE_ALARM condition,synthetic
2026-09-16 05:42:59.339594+00:00,SYNTH_FALSE_006,dev_001,Kitchen,906,24.97,50.43,136,125,90,NORMAL,100,Synthetic simulation of FALSE_ALARM condition,synthetic
2026-09-16 05:43:00.339594+00:00,SYNTH_FALSE_006,dev_001,Kitchen,900,24.95,49.95,131,120,90,NORMAL,100,Synthetic simulation of FALSE_ALARM condition,synthetic
2026-09-16 05:43:01.339594+00:00,SYNTH_FALSE_006,dev_001,Kitchen,917,24.93,49.99,132,123,90,NORMAL,100,Synthetic simulation of FALSE_ALARM condition,synthetic
2026-09-16 05:43:02.339594+00:00,SYNTH_FALSE_006,dev_001,Kitchen,917,25.02,50.22,129,125,90,NORMAL,100,Synthetic simulation of FALSE_ALARM condition,synthetic
2026-09-16 05:43:03.339594+00:00,SYNTH_FALSE_006,dev_001,Kitchen,920,24.94,49.74,129,122,90,NORMAL,100,Synthetic simulation of FALSE_ALARM condition,synthetic
2026-09-16 05:43:04.339594+00:00,SYNTH_FALSE_006,dev_001,Kitchen,919,24.75,50.03,126,126,90,NORMAL,100,Synthetic simulation of FALSE_ALARM condition,synthetic
2026-09-16 05:43:05.339594+00:00,SYNTH_FALSE_006,dev_001,Kitchen,920,24.89,50.25,127,127,90,NORMAL,100,Synthetic simulation of FALSE_ALARM condition,synthetic
2026-09-16 05:43:06.339594+00:00,SYNTH_FALSE_006,dev_001,Kitchen,909,25.08,50.37,132,125,90,NORMAL,100,Synthetic simulation of FALSE_ALARM condition,synthetic
2026-09-16 05:43:07.339594+00:00,SYNTH_FALSE_006,dev_001,Kitchen,913,24.9,50.44,134,124,90,NORMAL,100,Synthetic simulation of FALSE_ALARM condition,synthetic
2026-09-16 05:43:08.339594+00:00,SYNTH_FALSE_006,dev_001,Kitchen,916,25.24,50.39,130,122,90,NORMAL,100,Synthetic simulation of FALSE_ALARM condition,synthetic
2026-09-16 05:43:09.339594+00:00,SYNTH_FALSE_006,dev_001,Kitchen,922,24.86,50.34,135,125,90,NORMAL,100,Synthetic simulation of FALSE_ALARM condition,synthetic
2026-09-16 05:43:10.339594+00:00,SYNTH_FALSE_006,dev_001,Kitchen,916,25.16,50.21,125,127,90,NORMAL,100,Synthetic simulation of FALSE_ALARM condition,synthetic
2026-09-16 05:43:11.339594+00:00,SYNTH_FALSE_006,dev_001,Kitchen,917,25.23,50.74,132,124,90,NORMAL,100,Synthetic simulation of FALSE_ALARM condition,synthetic
2026-09-16 05:43:12.339594+00:00,SYNTH_FALSE_006,dev_001,Kitchen,916,24.58,50.47,134,121,90,NORMAL,100,Synthetic simulation of FALSE_ALARM condition,synthetic
2026-09-16 05:43:13.339594+00:00,SYNTH_FALSE_006,dev_001,Kitchen,911,25.14,50.4,132,125,90,NORMAL,100,Synthetic simulation of FALSE_ALARM condition,synthetic
2026-09-16 05:43:14.339594+00:00,SYNTH_FALSE_006,dev_001,Kitchen,921,25.04,50.13,133,124,90,NORMAL,100,Synthetic simulation of FALSE_ALARM condition,synthetic
2026-09-16 05:43:15.339594+00:00,SYNTH_FALSE_006,dev_001,Kitchen,918,24.9,50.25,130,122,90,NORMAL,100,Synthetic simulation of FALSE_ALARM condition,synthetic
2026-09-16 05:43:16.339594+00:00,SYNTH_FALSE_006,dev_001,Kitchen,918,24.65,50.51,137,120,90,NORMAL,100,Synthetic simulation of FALSE_ALARM condition,synthetic
2026-09-16 05:43:17.339594+00:00,SYNTH_FALSE_006,dev_001,Kitchen,913,24.99,50.47,128,117,90,NORMAL,100,Synthetic simulation of FALSE_ALARM condition,synthetic
2026-09-16 05:43:18.339594+00:00,SYNTH_FALSE_006,dev_001,Kitchen,922,24.72,50.7,137,127,90,NORMAL,100,Synthetic simulation of FALSE_ALARM condition,synthetic
2026-09-16 05:43:19.339594+00:00,SYNTH_FALSE_006,dev_001,Kitchen,913,25.08,49.98,132,121,90,NORMAL,100,Synthetic simulation of FALSE_ALARM condition,synthetic
2026-09-16 05:43:20.339594+00:00,SYNTH_FALSE_006,dev_001,Kitchen,907,25.03,49.99,130,125,90,NORMAL,100,Synthetic simulation of FALSE_ALARM condition,synthetic
2026-09-16 05:43:21.339594+00:00,SYNTH_FALSE_006,dev_001,Kitchen,913,24.97,51.01,131,126,90,NORMAL,100,Synthetic simulation of FALSE_ALARM condition,synthetic
2026-09-16 05:43:22.339594+00:00,SYNTH_FALSE_006,dev_001,Kitchen,921,25.03,50.26,132,119,90,NORMAL,100,Synthetic simulation of FALSE_ALARM condition,synthetic
2026-09-16 05:43:23.339594+00:00,SYNTH_FALSE_006,dev_001,Kitchen,914,24.77,50.2,130,123,90,NORMAL,100,Synthetic simulation of FALSE_ALARM condition,synthetic
2026-09-16 05:43:24.339594+00:00,SYNTH_FALSE_006,dev_001,Kitchen,918,24.94,50.76,136,119,90,NORMAL,100,Synthetic simulation of FALSE_ALARM condition,synthetic
2026-09-16 05:43:25.339594+00:00,SYNTH_FALSE_006,dev_001,Kitchen,913,24.85,50.68,133,122,90,NORMAL,100,Synthetic simulation of FALSE_ALARM condition,synthetic
2026-09-16 05:43:26.339594+00:00,SYNTH_FALSE_006,dev_001,Kitchen,912,24.98,50.53,136,123,90,NORMAL,100,Synthetic simulation of FALSE_ALARM condition,synthetic
2026-09-16 05:43:27.339594+00:00,SYNTH_FALSE_006,dev_001,Kitchen,915,24.83,50.05,133,127,90,NORMAL,100,Synthetic simulation of FALSE_ALARM condition,synthetic
2026-09-16 05:43:28.339594+00:00,SYNTH_FALSE_006,dev_001,Kitchen,911,24.7,50.42,140,123,90,NORMAL,100,Synthetic simulation of FALSE_ALARM condition,synthetic
2026-09-16 05:43:29.339594+00:00,SYNTH_FALSE_006,dev_001,Kitchen,918,24.93,50.17,132,126,90,NORMAL,100,Synthetic simulation of FALSE_ALARM condition,synthetic
2026-09-16 05:43:30.339594+00:00,SYNTH_FALSE_006,dev_001,Kitchen,915,24.93,49.95,131,121,90,NORMAL,100,Synthetic simulation of FALSE_ALARM condition,synthetic
2026-09-16 05:43:31.339594+00:00,SYNTH_FALSE_006,dev_001,Kitchen,914,25.03,49.99,137,123,90,NORMAL,100,Synthetic simulation of FALSE_ALARM condition,synthetic
2026-09-16 05:43:32.339594+00:00,SYNTH_FALSE_006,dev_001,Kitchen,917,25.2,50.38,128,120,90,NORMAL,100,Synthetic simulation of FALSE_ALARM condition,synthetic
2026-09-16 05:43:33.339594+00:00,SYNTH_FALSE_006,dev_001,Kitchen,917,24.81,50.07,134,128,90,NORMAL,100,Synthetic simulation of FALSE_ALARM condition,synthetic
2026-09-16 05:43:34.339594+00:00,SYNTH_FALSE_006,dev_001,Kitchen,919,24.88,50.39,136,122,90,NORMAL,100,Synthetic simulation of FALSE_ALARM condition,synthetic
2026-09-16 05:43:35.339594+00:00,SYNTH_FALSE_006,dev_001,Kitchen,910,25.03,50.5,130,126,90,NORMAL,100,Synthetic simulation of FALSE_ALARM condition,synthetic
2026-09-16 05:43:36.339594+00:00,SYNTH_FALSE_006,dev_001,Kitchen,914,25.03,50.24,136,127,90,NORMAL,100,Synthetic simulation of FALSE_ALARM condition,synthetic
2026-09-16 05:43:37.339594+00:00,SYNTH_FALSE_006,dev_001,Kitchen,912,24.87,49.79,131,122,90,NORMAL,100,Synthetic simulation of FALSE_ALARM condition,synthetic
2026-09-16 05:43:38.339594+00:00,SYNTH_FALSE_006,dev_001,Kitchen,911,24.93,50.29,133,121,90,NORMAL,100,Synthetic simulation of FALSE_ALARM condition,synthetic
2026-09-16 05:43:39.339594+00:00,SYNTH_FALSE_006,dev_001,Kitchen,918,24.85,50.22,134,124,90,NORMAL,100,Synthetic simulation of FALSE_ALARM condition,synthetic
2026-09-16 05:43:40.339594+00:00,SYNTH_FALSE_006,dev_001,Kitchen,919,25.04,50.42,130,122,90,NORMAL,100,Synthetic simulation of FALSE_ALARM condition,synthetic
2026-09-16 05:43:41.339594+00:00,SYNTH_FALSE_006,dev_001,Kitchen,402,25.03,50.17,133,117,135,FALSE_ALARM,100,Synthetic simulation of FALSE_ALARM condition,synthetic
2026-09-16 05:43:42.339594+00:00,SYNTH_FALSE_006,dev_001,Kitchen,406,25.23,49.75,131,122,135,FALSE_ALARM,100,Synthetic simulation of FALSE_ALARM condition,synthetic
2026-09-16 05:43:43.339594+00:00,SYNTH_FALSE_006,dev_001,Kitchen,399,24.79,50.09,128,126,135,FALSE_ALARM,100,Synthetic simulation of FALSE_ALARM condition,synthetic
2026-09-16 05:43:44.339594+00:00,SYNTH_FALSE_006,dev_001,Kitchen,398,24.74,50.5,132,120,135,FALSE_ALARM,100,Synthetic simulation of FALSE_ALARM condition,synthetic
2026-09-16 05:43:45.339594+00:00,SYNTH_FALSE_006,dev_001,Kitchen,397,24.99,50.58,133,122,135,FALSE_ALARM,100,Synthetic simulation of FALSE_ALARM condition,synthetic
2026-09-16 05:43:46.339594+00:00,SYNTH_FALSE_006,dev_001,Kitchen,919,24.93,49.9,137,125,90,NORMAL,100,Synthetic simulation of FALSE_ALARM condition,synthetic
2026-09-16 05:43:47.339594+00:00,SYNTH_FALSE_006,dev_001,Kitchen,906,24.98,50.22,129,123,90,NORMAL,100,Synthetic simulation of FALSE_ALARM condition,synthetic
2026-09-16 05:43:48.339594+00:00,SYNTH_FALSE_006,dev_001,Kitchen,921,25.0,50.09,128,124,90,NORMAL,100,Synthetic simulation of FALSE_ALARM condition,synthetic
2026-09-16 05:43:49.339594+00:00,SYNTH_FALSE_006,dev_001,Kitchen,904,24.97,50.77,128,122,90,NORMAL,100,Synthetic simulation of FALSE_ALARM condition,synthetic
2026-09-16 05:43:50.339594+00:00,SYNTH_FALSE_006,dev_001,Kitchen,911,25.1,50.48,128,125,90,NORMAL,100,Synthetic simulation of FALSE_ALARM condition,synthetic
2026-09-16 05:43:51.339594+00:00,SYNTH_FALSE_006,dev_001,Kitchen,915,25.03,50.45,130,121,90,NORMAL,100,Synthetic simulation of FALSE_ALARM condition,synthetic
2026-09-16 05:43:52.339594+00:00,SYNTH_FALSE_006,dev_001,Kitchen,913,24.99,49.99,131,123,90,NORMAL,100,Synthetic simulation of FALSE_ALARM condition,synthetic
2026-09-16 05:43:53.339594+00:00,SYNTH_FALSE_006,dev_001,Kitchen,919,25.01,50.64,134,122,90,NORMAL,100,Synthetic simulation of FALSE_ALARM condition,synthetic
2026-09-16 05:43:54.339594+00:00,SYNTH_FALSE_006,dev_001,Kitchen,923,24.91,50.51,128,129,90,NORMAL,100,Synthetic simulation of FALSE_ALARM condition,synthetic
2026-09-16 05:43:55.339594+00:00,SYNTH_FALSE_006,dev_001,Kitchen,909,24.79,50.58,133,124,90,NORMAL,100,Synthetic simulation of FALSE_ALARM condition,synthetic
2026-09-16 05:43:56.339594+00:00,SYNTH_FALSE_006,dev_001,Kitchen,913,24.92,50.69,131,127,90,NORMAL,100,Synthetic simulation of FALSE_ALARM condition,synthetic
2026-09-16 05:43:57.339594+00:00,SYNTH_FALSE_006,dev_001,Kitchen,917,24.99,50.41,132,127,90,NORMAL,100,Synthetic simulation of FALSE_ALARM condition,synthetic
2026-09-16 05:43:58.339594+00:00,SYNTH_FALSE_006,dev_001,Kitchen,910,24.83,50.42,130,119,90,NORMAL,100,Synthetic simulation of FALSE_ALARM condition,synthetic
2026-09-16 05:43:59.339594+00:00,SYNTH_FALSE_006,dev_001,Kitchen,911,24.89,50.38,137,129,90,NORMAL,100,Synthetic simulation of FALSE_ALARM condition,synthetic
2026-09-16 05:44:00.339594+00:00,SYNTH_FALSE_006,dev_001,Kitchen,915,24.83,50.31,133,122,90,NORMAL,100,Synthetic simulation of FALSE_ALARM condition,synthetic
2026-09-16 05:44:01.339594+00:00,SYNTH_FALSE_006,dev_001,Kitchen,912,25.11,50.32,126,125,90,NORMAL,100,Synthetic simulation of FALSE_ALARM condition,synthetic
2026-09-16 05:44:02.339594+00:00,SYNTH_FALSE_006,dev_001,Kitchen,914,24.84,50.37,134,124,90,NORMAL,100,Synthetic simulation of FALSE_ALARM condition,synthetic
2026-09-16 05:44:03.339594+00:00,SYNTH_FALSE_006,dev_001,Kitchen,913,25.15,50.51,130,122,90,NORMAL,100,Synthetic simulation of FALSE_ALARM condition,synthetic
2026-09-16 05:44:04.339594+00:00,SYNTH_FALSE_006,dev_001,Kitchen,912,24.78,50.56,139,123,90,NORMAL,100,Synthetic simulation of FALSE_ALARM condition,synthetic
2026-09-16 05:44:05.339594+00:00,SYNTH_FALSE_006,dev_001,Kitchen,911,24.96,50.06,133,123,90,NORMAL,100,Synthetic simulation of FALSE_ALARM condition,synthetic
2026-09-16 05:44:06.339594+00:00,SYNTH_FALSE_006,dev_001,Kitchen,918,24.84,50.05,135,125,90,NORMAL,100,Synthetic simulation of FALSE_ALARM condition,synthetic
2026-09-16 05:44:07.339594+00:00,SYNTH_FALSE_006,dev_001,Kitchen,916,25.03,50.82,126,124,90,NORMAL,100,Synthetic simulation of FALSE_ALARM condition,synthetic
2026-09-16 05:44:08.339594+00:00,SYNTH_FALSE_006,dev_001,Kitchen,909,24.88,50.15,132,122,90,NORMAL,100,Synthetic simulation of FALSE_ALARM condition,synthetic
2026-09-16 05:44:09.339594+00:00,SYNTH_FALSE_006,dev_001,Kitchen,919,25.0,50.11,130,124,90,NORMAL,100,Synthetic simulation of FALSE_ALARM condition,synthetic
2026-09-16 05:44:10.339594+00:00,SYNTH_FALSE_006,dev_001,Kitchen,913,24.85,50.22,135,121,90,NORMAL,100,Synthetic simulation of FALSE_ALARM condition,synthetic
2026-09-16 05:44:11.339594+00:00,SYNTH_FALSE_006,dev_001,Kitchen,913,25.38,50.24,135,121,90,NORMAL,100,Synthetic simulation of FALSE_ALARM condition,synthetic
2026-09-16 05:44:12.339594+00:00,SYNTH_FALSE_006,dev_001,Kitchen,914,25.04,50.09,137,123,90,NORMAL,100,Synthetic simulation of FALSE_ALARM condition,synthetic
2026-09-16 05:44:13.339594+00:00,SYNTH_FALSE_006,dev_001,Kitchen,914,25.22,49.99,137,121,90,NORMAL,100,Synthetic simulation of FALSE_ALARM condition,synthetic
2026-09-16 05:44:14.339594+00:00,SYNTH_FALSE_006,dev_001,Kitchen,915,24.81,50.05,132,119,90,NORMAL,100,Synthetic simulation of FALSE_ALARM condition,synthetic
2026-09-16 05:44:15.339594+00:00,SYNTH_FALSE_006,dev_001,Kitchen,910,25.13,50.66,133,127,90,NORMAL,100,Synthetic simulation of FALSE_ALARM condition,synthetic
2026-09-16 05:44:16.339594+00:00,SYNTH_FALSE_006,dev_001,Kitchen,910,24.88,50.26,135,125,90,NORMAL,100,Synthetic simulation of FALSE_ALARM condition,synthetic
2026-09-16 05:44:17.339594+00:00,SYNTH_FALSE_006,dev_001,Kitchen,910,24.94,50.43,134,123,90,NORMAL,100,Synthetic simulation of FALSE_ALARM condition,synthetic
2026-09-16 05:44:18.339594+00:00,SYNTH_FALSE_006,dev_001,Kitchen,923,25.03,50.03,133,125,90,NORMAL,100,Synthetic simulation of FALSE_ALARM condition,synthetic
2026-09-16 05:44:19.339594+00:00,SYNTH_FALSE_006,dev_001,Kitchen,909,25.01,49.92,134,123,90,NORMAL,100,Synthetic simulation of FALSE_ALARM condition,synthetic
2026-09-16 05:44:20.339594+00:00,SYNTH_FALSE_006,dev_001,Kitchen,916,25.19,50.35,130,123,90,NORMAL,100,Synthetic simulation of FALSE_ALARM condition,synthetic
2026-09-16 05:44:21.339594+00:00,SYNTH_FALSE_006,dev_001,Kitchen,910,25.01,50.35,137,121,90,NORMAL,100,Synthetic simulation of FALSE_ALARM condition,synthetic
2026-09-16 05:44:22.339594+00:00,SYNTH_FALSE_006,dev_001,Kitchen,917,24.78,50.3,132,123,90,NORMAL,100,Synthetic simulation of FALSE_ALARM condition,synthetic
2026-09-16 05:44:23.339594+00:00,SYNTH_FALSE_006,dev_001,Kitchen,919,24.78,49.92,131,125,90,NORMAL,100,Synthetic simulation of FALSE_ALARM condition,synthetic
2026-09-16 05:44:24.339594+00:00,SYNTH_FALSE_006,dev_001,Kitchen,913,24.99,50.26,137,126,90,NORMAL,100,Synthetic simulation of FALSE_ALARM condition,synthetic
2026-09-16 05:44:25.339594+00:00,SYNTH_FALSE_006,dev_001,Kitchen,911,24.84,50.3,138,121,90,NORMAL,100,Synthetic simulation of FALSE_ALARM condition,synthetic
2026-09-16 05:44:26.339594+00:00,SYNTH_FALSE_006,dev_001,Kitchen,914,25.13,50.02,130,125,90,NORMAL,100,Synthetic simulation of FALSE_ALARM condition,synthetic
2026-09-16 05:44:27.339594+00:00,SYNTH_FALSE_006,dev_001,Kitchen,919,24.76,50.34,137,124,90,NORMAL,100,Synthetic simulation of FALSE_ALARM condition,synthetic
2026-09-16 05:44:28.339594+00:00,SYNTH_FALSE_006,dev_001,Kitchen,915,25.08,50.2,131,121,90,NORMAL,100,Synthetic simulation of FALSE_ALARM condition,synthetic
2026-09-16 05:44:29.339594+00:00,SYNTH_FALSE_006,dev_001,Kitchen,911,24.81,50.35,137,127,90,NORMAL,100,Synthetic simulation of FALSE_ALARM condition,synthetic
2026-09-16 05:44:30.339594+00:00,SYNTH_FALSE_006,dev_001,Kitchen,915,25.04,50.05,129,124,90,NORMAL,100,Synthetic simulation of FALSE_ALARM condition,synthetic
2026-09-16 05:44:31.339594+00:00,SYNTH_FALSE_006,dev_001,Kitchen,901,24.88,50.71,133,123,90,NORMAL,100,Synthetic simulation of FALSE_ALARM condition,synthetic
2026-09-16 05:44:32.339594+00:00,SYNTH_FALSE_006,dev_001,Kitchen,915,24.92,50.06,130,123,90,NORMAL,100,Synthetic simulation of FALSE_ALARM condition,synthetic
2026-09-16 05:44:33.339594+00:00,SYNTH_FALSE_006,dev_001,Kitchen,912,24.69,50.28,132,127,90,NORMAL,100,Synthetic simulation of FALSE_ALARM condition,synthetic
2026-09-16 05:44:34.339594+00:00,SYNTH_FALSE_006,dev_001,Kitchen,910,25.18,49.96,134,124,90,NORMAL,100,Synthetic simulation of FALSE_ALARM condition,synthetic
2026-09-16 05:44:35.339594+00:00,SYNTH_FALSE_006,dev_001,Kitchen,915,24.96,50.33,133,121,90,NORMAL,100,Synthetic simulation of FALSE_ALARM condition,synthetic
2026-09-16 05:44:36.339594+00:00,SYNTH_FALSE_006,dev_001,Kitchen,919,24.92,50.49,128,124,90,NORMAL,100,Synthetic simulation of FALSE_ALARM condition,synthetic
2026-09-16 05:44:37.339594+00:00,SYNTH_FALSE_006,dev_001,Kitchen,915,24.92,50.11,136,122,90,NORMAL,100,Synthetic simulation of FALSE_ALARM condition,synthetic
2026-09-16 05:44:38.339594+00:00,SYNTH_FALSE_006,dev_001,Kitchen,912,25.11,50.14,134,122,90,NORMAL,100,Synthetic simulation of FALSE_ALARM condition,synthetic
2026-09-16 05:44:39.339594+00:00,SYNTH_FALSE_006,dev_001,Kitchen,912,25.01,50.04,131,120,90,NORMAL,100,Synthetic simulation of FALSE_ALARM condition,synthetic
2026-09-16 05:44:40.339594+00:00,SYNTH_FALSE_006,dev_001,Kitchen,920,24.9,50.42,134,123,90,NORMAL,100,Synthetic simulation of FALSE_ALARM condition,synthetic
2026-09-16 05:44:41.339594+00:00,SYNTH_FALSE_006,dev_001,Kitchen,917,24.8,50.79,131,127,90,NORMAL,100,Synthetic simulation of FALSE_ALARM condition,synthetic
2026-09-16 05:44:42.339594+00:00,SYNTH_FALSE_006,dev_001,Kitchen,912,24.59,50.27,131,128,90,NORMAL,100,Synthetic simulation of FALSE_ALARM condition,synthetic
2026-09-16 05:44:43.339594+00:00,SYNTH_FALSE_006,dev_001,Kitchen,912,25.21,50.22,133,122,90,NORMAL,100,Synthetic simulation of FALSE_ALARM condition,synthetic
2026-09-16 05:44:44.339594+00:00,SYNTH_FALSE_006,dev_001,Kitchen,915,24.67,50.33,129,125,90,NORMAL,100,Synthetic simulation of FALSE_ALARM condition,synthetic
2026-09-16 05:44:45.339594+00:00,SYNTH_FALSE_006,dev_001,Kitchen,911,25.05,50.35,133,122,90,NORMAL,100,Synthetic simulation of FALSE_ALARM condition,synthetic
2026-09-16 05:44:46.339594+00:00,SYNTH_FALSE_006,dev_001,Kitchen,917,24.91,50.53,133,127,90,NORMAL,100,Synthetic simulation of FALSE_ALARM condition,synthetic
2026-09-16 05:44:47.339594+00:00,SYNTH_FALSE_006,dev_001,Kitchen,919,24.78,50.5,134,119,90,NORMAL,100,Synthetic simulation of FALSE_ALARM condition,synthetic
2026-09-16 05:44:48.339594+00:00,SYNTH_FALSE_006,dev_001,Kitchen,911,25.11,50.78,131,125,90,NORMAL,100,Synthetic simulation of FALSE_ALARM condition,synthetic
2026-09-16 05:44:49.339594+00:00,SYNTH_FALSE_006,dev_001,Kitchen,917,24.79,50.12,130,124,90,NORMAL,100,Synthetic simulation of FALSE_ALARM condition,synthetic
2026-09-16 05:44:50.339594+00:00,SYNTH_FALSE_006,dev_001,Kitchen,919,25.27,50.18,127,126,90,NORMAL,100,Synthetic simulation of FALSE_ALARM condition,synthetic
2026-09-16 05:44:51.339594+00:00,SYNTH_FALSE_006,dev_001,Kitchen,914,25.03,50.26,133,124,90,NORMAL,100,Synthetic simulation of FALSE_ALARM condition,synthetic
2026-09-16 05:44:52.339594+00:00,SYNTH_FALSE_006,dev_001,Kitchen,913,24.94,50.21,127,124,90,NORMAL,100,Synthetic simulation of FALSE_ALARM condition,synthetic
2026-09-16 05:42:53.341601+00:00,SYNTH_FALSE_007,dev_001,Kitchen,900,26.02,59.2,142,115,90,NORMAL,100,Synthetic simulation of FALSE_ALARM condition,synthetic
2026-09-16 05:42:54.341601+00:00,SYNTH_FALSE_007,dev_001,Kitchen,904,25.95,58.96,135,120,90,NORMAL,100,Synthetic simulation of FALSE_ALARM condition,synthetic
2026-09-16 05:42:55.341601+00:00,SYNTH_FALSE_007,dev_001,Kitchen,905,25.78,59.08,135,114,90,NORMAL,100,Synthetic simulation of FALSE_ALARM condition,synthetic
2026-09-16 05:42:56.341601+00:00,SYNTH_FALSE_007,dev_001,Kitchen,896,25.65,59.38,134,115,90,NORMAL,100,Synthetic simulation of FALSE_ALARM condition,synthetic
2026-09-16 05:42:57.341601+00:00,SYNTH_FALSE_007,dev_001,Kitchen,899,25.99,59.21,134,120,90,NORMAL,100,Synthetic simulation of FALSE_ALARM condition,synthetic
2026-09-16 05:42:58.341601+00:00,SYNTH_FALSE_007,dev_001,Kitchen,904,25.65,58.66,134,115,90,NORMAL,100,Synthetic simulation of FALSE_ALARM condition,synthetic
2026-09-16 05:42:59.341601+00:00,SYNTH_FALSE_007,dev_001,Kitchen,896,25.91,59.45,130,115,90,NORMAL,100,Synthetic simulation of FALSE_ALARM condition,synthetic
2026-09-16 05:43:00.341601+00:00,SYNTH_FALSE_007,dev_001,Kitchen,902,25.99,59.25,134,117,90,NORMAL,100,Synthetic simulation of FALSE_ALARM condition,synthetic
2026-09-16 05:43:01.341601+00:00,SYNTH_FALSE_007,dev_001,Kitchen,904,25.85,59.27,137,117,90,NORMAL,100,Synthetic simulation of FALSE_ALARM condition,synthetic
2026-09-16 05:43:02.341601+00:00,SYNTH_FALSE_007,dev_001,Kitchen,909,25.96,59.32,139,117,90,NORMAL,100,Synthetic simulation of FALSE_ALARM condition,synthetic
2026-09-16 05:43:03.341601+00:00,SYNTH_FALSE_007,dev_001,Kitchen,906,25.87,59.37,137,114,90,NORMAL,100,Synthetic simulation of FALSE_ALARM condition,synthetic
2026-09-16 05:43:04.341601+00:00,SYNTH_FALSE_007,dev_001,Kitchen,902,25.96,59.7,134,118,90,NORMAL,100,Synthetic simulation of FALSE_ALARM condition,synthetic
2026-09-16 05:43:05.341601+00:00,SYNTH_FALSE_007,dev_001,Kitchen,902,25.65,59.23,131,120,90,NORMAL,100,Synthetic simulation of FALSE_ALARM condition,synthetic
2026-09-16 05:43:06.341601+00:00,SYNTH_FALSE_007,dev_001,Kitchen,902,25.93,58.84,135,113,90,NORMAL,100,Synthetic simulation of FALSE_ALARM condition,synthetic
2026-09-16 05:43:07.341601+00:00,SYNTH_FALSE_007,dev_001,Kitchen,903,25.78,59.14,135,118,90,NORMAL,100,Synthetic simulation of FALSE_ALARM condition,synthetic
2026-09-16 05:43:08.341601+00:00,SYNTH_FALSE_007,dev_001,Kitchen,904,25.98,59.12,134,116,90,NORMAL,100,Synthetic simulation of FALSE_ALARM condition,synthetic
2026-09-16 05:43:09.341601+00:00,SYNTH_FALSE_007,dev_001,Kitchen,913,25.84,59.62,133,115,90,NORMAL,100,Synthetic simulation of FALSE_ALARM condition,synthetic
2026-09-16 05:43:10.341601+00:00,SYNTH_FALSE_007,dev_001,Kitchen,900,25.72,59.62,133,118,90,NORMAL,100,Synthetic simulation of FALSE_ALARM condition,synthetic
2026-09-16 05:43:11.341601+00:00,SYNTH_FALSE_007,dev_001,Kitchen,898,26.03,59.33,141,117,90,NORMAL,100,Synthetic simulation of FALSE_ALARM condition,synthetic
2026-09-16 05:43:12.341601+00:00,SYNTH_FALSE_007,dev_001,Kitchen,908,25.74,59.13,137,117,90,NORMAL,100,Synthetic simulation of FALSE_ALARM condition,synthetic
2026-09-16 05:43:13.341601+00:00,SYNTH_FALSE_007,dev_001,Kitchen,903,26.1,59.57,132,123,90,NORMAL,100,Synthetic simulation of FALSE_ALARM condition,synthetic
2026-09-16 05:43:14.341601+00:00,SYNTH_FALSE_007,dev_001,Kitchen,900,25.86,59.28,139,117,90,NORMAL,100,Synthetic simulation of FALSE_ALARM condition,synthetic
2026-09-16 05:43:15.341601+00:00,SYNTH_FALSE_007,dev_001,Kitchen,904,25.93,59.19,135,113,90,NORMAL,100,Synthetic simulation of FALSE_ALARM condition,synthetic
2026-09-16 05:43:16.341601+00:00,SYNTH_FALSE_007,dev_001,Kitchen,899,26.02,59.45,137,117,90,NORMAL,100,Synthetic simulation of FALSE_ALARM condition,synthetic
2026-09-16 05:43:17.341601+00:00,SYNTH_FALSE_007,dev_001,Kitchen,904,25.82,58.86,134,118,90,NORMAL,100,Synthetic simulation of FALSE_ALARM condition,synthetic
2026-09-16 05:43:18.341601+00:00,SYNTH_FALSE_007,dev_001,Kitchen,907,25.7,59.56,136,116,90,NORMAL,100,Synthetic simulation of FALSE_ALARM condition,synthetic
2026-09-16 05:43:19.341601+00:00,SYNTH_FALSE_007,dev_001,Kitchen,908,25.92,59.53,138,114,90,NORMAL,100,Synthetic simulation of FALSE_ALARM condition,synthetic
2026-09-16 05:43:20.341601+00:00,SYNTH_FALSE_007,dev_001,Kitchen,902,25.87,59.24,130,117,90,NORMAL,100,Synthetic simulation of FALSE_ALARM condition,synthetic
2026-09-16 05:43:21.341601+00:00,SYNTH_FALSE_007,dev_001,Kitchen,908,25.78,59.01,134,117,90,NORMAL,100,Synthetic simulation of FALSE_ALARM condition,synthetic
2026-09-16 05:43:22.341601+00:00,SYNTH_FALSE_007,dev_001,Kitchen,913,25.73,59.29,131,116,90,NORMAL,100,Synthetic simulation of FALSE_ALARM condition,synthetic
2026-09-16 05:43:23.341601+00:00,SYNTH_FALSE_007,dev_001,Kitchen,903,25.92,59.67,135,120,90,NORMAL,100,Synthetic simulation of FALSE_ALARM condition,synthetic
2026-09-16 05:43:24.341601+00:00,SYNTH_FALSE_007,dev_001,Kitchen,906,25.99,59.67,136,122,90,NORMAL,100,Synthetic simulation of FALSE_ALARM condition,synthetic
2026-09-16 05:43:25.341601+00:00,SYNTH_FALSE_007,dev_001,Kitchen,900,25.77,58.97,133,113,90,NORMAL,100,Synthetic simulation of FALSE_ALARM condition,synthetic
2026-09-16 05:43:26.341601+00:00,SYNTH_FALSE_007,dev_001,Kitchen,903,25.99,58.91,135,123,90,NORMAL,100,Synthetic simulation of FALSE_ALARM condition,synthetic
2026-09-16 05:43:27.341601+00:00,SYNTH_FALSE_007,dev_001,Kitchen,906,25.77,59.4,132,113,90,NORMAL,100,Synthetic simulation of FALSE_ALARM condition,synthetic
2026-09-16 05:43:28.341601+00:00,SYNTH_FALSE_007,dev_001,Kitchen,909,25.99,59.15,135,118,90,NORMAL,100,Synthetic simulation of FALSE_ALARM condition,synthetic
2026-09-16 05:43:29.341601+00:00,SYNTH_FALSE_007,dev_001,Kitchen,909,26.02,59.93,136,122,90,NORMAL,100,Synthetic simulation of FALSE_ALARM condition,synthetic
2026-09-16 05:43:30.341601+00:00,SYNTH_FALSE_007,dev_001,Kitchen,903,25.84,59.79,133,123,90,NORMAL,100,Synthetic simulation of FALSE_ALARM condition,synthetic
2026-09-16 05:43:31.341601+00:00,SYNTH_FALSE_007,dev_001,Kitchen,901,25.99,59.04,138,117,90,NORMAL,100,Synthetic simulation of FALSE_ALARM condition,synthetic
2026-09-16 05:43:32.341601+00:00,SYNTH_FALSE_007,dev_001,Kitchen,904,26.07,59.1,132,125,90,NORMAL,100,Synthetic simulation of FALSE_ALARM condition,synthetic
2026-09-16 05:43:33.341601+00:00,SYNTH_FALSE_007,dev_001,Kitchen,901,25.75,59.74,135,119,90,NORMAL,100,Synthetic simulation of FALSE_ALARM condition,synthetic
2026-09-16 05:43:34.341601+00:00,SYNTH_FALSE_007,dev_001,Kitchen,907,25.91,59.25,135,117,90,NORMAL,100,Synthetic simulation of FALSE_ALARM condition,synthetic
2026-09-16 05:43:35.341601+00:00,SYNTH_FALSE_007,dev_001,Kitchen,912,25.78,59.59,133,117,90,NORMAL,100,Synthetic simulation of FALSE_ALARM condition,synthetic
2026-09-16 05:43:36.341601+00:00,SYNTH_FALSE_007,dev_001,Kitchen,908,25.95,59.39,135,120,90,NORMAL,100,Synthetic simulation of FALSE_ALARM condition,synthetic
2026-09-16 05:43:37.341601+00:00,SYNTH_FALSE_007,dev_001,Kitchen,904,25.99,59.77,129,123,90,NORMAL,100,Synthetic simulation of FALSE_ALARM condition,synthetic
2026-09-16 05:43:38.341601+00:00,SYNTH_FALSE_007,dev_001,Kitchen,910,25.87,59.41,140,114,90,NORMAL,100,Synthetic simulation of FALSE_ALARM condition,synthetic
2026-09-16 05:43:39.341601+00:00,SYNTH_FALSE_007,dev_001,Kitchen,893,25.68,59.08,133,120,90,NORMAL,100,Synthetic simulation of FALSE_ALARM condition,synthetic
2026-09-16 05:43:40.341601+00:00,SYNTH_FALSE_007,dev_001,Kitchen,903,25.63,58.9,138,115,90,NORMAL,100,Synthetic simulation of FALSE_ALARM condition,synthetic
2026-09-16 05:43:41.341601+00:00,SYNTH_FALSE_007,dev_001,Kitchen,389,25.74,59.57,134,123,45,FALSE_ALARM,100,Synthetic simulation of FALSE_ALARM condition,synthetic
2026-09-16 05:43:42.341601+00:00,SYNTH_FALSE_007,dev_001,Kitchen,392,25.77,59.53,138,115,45,FALSE_ALARM,100,Synthetic simulation of FALSE_ALARM condition,synthetic
2026-09-16 05:43:43.341601+00:00,SYNTH_FALSE_007,dev_001,Kitchen,389,25.81,59.14,132,118,45,FALSE_ALARM,100,Synthetic simulation of FALSE_ALARM condition,synthetic
2026-09-16 05:43:44.341601+00:00,SYNTH_FALSE_007,dev_001,Kitchen,393,25.71,59.42,137,117,45,FALSE_ALARM,100,Synthetic simulation of FALSE_ALARM condition,synthetic
2026-09-16 05:43:45.341601+00:00,SYNTH_FALSE_007,dev_001,Kitchen,387,25.71,59.32,141,120,45,FALSE_ALARM,100,Synthetic simulation of FALSE_ALARM condition,synthetic
2026-09-16 05:43:46.341601+00:00,SYNTH_FALSE_007,dev_001,Kitchen,389,26.05,59.03,137,119,45,FALSE_ALARM,100,Synthetic simulation of FALSE_ALARM condition,synthetic
2026-09-16 05:43:47.341601+00:00,SYNTH_FALSE_007,dev_001,Kitchen,908,26.03,59.17,144,117,90,NORMAL,100,Synthetic simulation of FALSE_ALARM condition,synthetic
2026-09-16 05:43:48.341601+00:00,SYNTH_FALSE_007,dev_001,Kitchen,913,25.96,59.4,130,116,90,NORMAL,100,Synthetic simulation of FALSE_ALARM condition,synthetic
2026-09-16 05:43:49.341601+00:00,SYNTH_FALSE_007,dev_001,Kitchen,905,25.91,59.22,141,119,90,NORMAL,100,Synthetic simulation of FALSE_ALARM condition,synthetic
2026-09-16 05:43:50.341601+00:00,SYNTH_FALSE_007,dev_001,Kitchen,904,25.92,59.09,138,120,90,NORMAL,100,Synthetic simulation of FALSE_ALARM condition,synthetic
2026-09-16 05:43:51.341601+00:00,SYNTH_FALSE_007,dev_001,Kitchen,906,26.01,59.07,141,119,90,NORMAL,100,Synthetic simulation of FALSE_ALARM condition,synthetic
2026-09-16 05:43:52.341601+00:00,SYNTH_FALSE_007,dev_001,Kitchen,905,25.75,59.39,131,122,90,NORMAL,100,Synthetic simulation of FALSE_ALARM condition,synthetic
2026-09-16 05:43:53.341601+00:00,SYNTH_FALSE_007,dev_001,Kitchen,902,25.92,59.46,139,114,90,NORMAL,100,Synthetic simulation of FALSE_ALARM condition,synthetic
2026-09-16 05:43:54.341601+00:00,SYNTH_FALSE_007,dev_001,Kitchen,903,25.54,59.73,138,118,90,NORMAL,100,Synthetic simulation of FALSE_ALARM condition,synthetic
2026-09-16 05:43:55.341601+00:00,SYNTH_FALSE_007,dev_001,Kitchen,906,25.6,59.12,129,114,90,NORMAL,100,Synthetic simulation of FALSE_ALARM condition,synthetic
2026-09-16 05:43:56.341601+00:00,SYNTH_FALSE_007,dev_001,Kitchen,908,26.12,59.46,133,121,90,NORMAL,100,Synthetic simulation of FALSE_ALARM condition,synthetic
2026-09-16 05:43:57.341601+00:00,SYNTH_FALSE_007,dev_001,Kitchen,897,25.76,59.32,130,115,90,NORMAL,100,Synthetic simulation of FALSE_ALARM condition,synthetic
2026-09-16 05:43:58.341601+00:00,SYNTH_FALSE_007,dev_001,Kitchen,909,26.0,59.4,135,114,90,NORMAL,100,Synthetic simulation of FALSE_ALARM condition,synthetic
2026-09-16 05:43:59.341601+00:00,SYNTH_FALSE_007,dev_001,Kitchen,908,25.85,59.22,135,119,90,NORMAL,100,Synthetic simulation of FALSE_ALARM condition,synthetic
2026-09-16 05:44:00.341601+00:00,SYNTH_FALSE_007,dev_001,Kitchen,908,26.04,59.01,132,117,90,NORMAL,100,Synthetic simulation of FALSE_ALARM condition,synthetic
2026-09-16 05:44:01.341601+00:00,SYNTH_FALSE_007,dev_001,Kitchen,907,25.94,59.3,135,117,90,NORMAL,100,Synthetic simulation of FALSE_ALARM condition,synthetic
2026-09-16 05:44:02.341601+00:00,SYNTH_FALSE_007,dev_001,Kitchen,899,25.89,59.32,130,117,90,NORMAL,100,Synthetic simulation of FALSE_ALARM condition,synthetic
2026-09-16 05:44:03.341601+00:00,SYNTH_FALSE_007,dev_001,Kitchen,901,25.83,59.26,130,118,90,NORMAL,100,Synthetic simulation of FALSE_ALARM condition,synthetic
2026-09-16 05:44:04.341601+00:00,SYNTH_FALSE_007,dev_001,Kitchen,910,26.13,59.33,136,118,90,NORMAL,100,Synthetic simulation of FALSE_ALARM condition,synthetic
2026-09-16 05:44:05.341601+00:00,SYNTH_FALSE_007,dev_001,Kitchen,906,25.83,59.24,134,119,90,NORMAL,100,Synthetic simulation of FALSE_ALARM condition,synthetic
2026-09-16 05:44:06.341601+00:00,SYNTH_FALSE_007,dev_001,Kitchen,908,26.03,59.46,135,122,90,NORMAL,100,Synthetic simulation of FALSE_ALARM condition,synthetic
2026-09-16 05:44:07.341601+00:00,SYNTH_FALSE_007,dev_001,Kitchen,909,25.89,59.34,136,114,90,NORMAL,100,Synthetic simulation of FALSE_ALARM condition,synthetic
2026-09-16 05:44:08.341601+00:00,SYNTH_FALSE_007,dev_001,Kitchen,908,25.53,59.56,137,116,90,NORMAL,100,Synthetic simulation of FALSE_ALARM condition,synthetic
2026-09-16 05:44:09.341601+00:00,SYNTH_FALSE_007,dev_001,Kitchen,906,25.83,59.52,134,116,90,NORMAL,100,Synthetic simulation of FALSE_ALARM condition,synthetic
2026-09-16 05:44:10.341601+00:00,SYNTH_FALSE_007,dev_001,Kitchen,906,25.67,59.06,137,116,90,NORMAL,100,Synthetic simulation of FALSE_ALARM condition,synthetic
2026-09-16 05:44:11.341601+00:00,SYNTH_FALSE_007,dev_001,Kitchen,903,25.74,59.64,136,118,90,NORMAL,100,Synthetic simulation of FALSE_ALARM condition,synthetic
2026-09-16 05:44:12.341601+00:00,SYNTH_FALSE_007,dev_001,Kitchen,900,26.07,59.69,138,115,90,NORMAL,100,Synthetic simulation of FALSE_ALARM condition,synthetic
2026-09-16 05:44:13.341601+00:00,SYNTH_FALSE_007,dev_001,Kitchen,907,26.04,59.26,136,118,90,NORMAL,100,Synthetic simulation of FALSE_ALARM condition,synthetic
2026-09-16 05:44:14.341601+00:00,SYNTH_FALSE_007,dev_001,Kitchen,904,25.95,59.54,140,117,90,NORMAL,100,Synthetic simulation of FALSE_ALARM condition,synthetic
2026-09-16 05:44:15.341601+00:00,SYNTH_FALSE_007,dev_001,Kitchen,908,26.01,59.36,133,117,90,NORMAL,100,Synthetic simulation of FALSE_ALARM condition,synthetic
2026-09-16 05:44:16.341601+00:00,SYNTH_FALSE_007,dev_001,Kitchen,905,25.95,59.45,138,117,90,NORMAL,100,Synthetic simulation of FALSE_ALARM condition,synthetic
2026-09-16 05:44:17.341601+00:00,SYNTH_FALSE_007,dev_001,Kitchen,900,25.7,59.06,139,122,90,NORMAL,100,Synthetic simulation of FALSE_ALARM condition,synthetic
2026-09-16 05:44:18.341601+00:00,SYNTH_FALSE_007,dev_001,Kitchen,907,25.7,59.52,137,118,90,NORMAL,100,Synthetic simulation of FALSE_ALARM condition,synthetic
2026-09-16 05:44:19.341601+00:00,SYNTH_FALSE_007,dev_001,Kitchen,901,25.96,58.93,133,113,90,NORMAL,100,Synthetic simulation of FALSE_ALARM condition,synthetic
2026-09-16 05:44:20.341601+00:00,SYNTH_FALSE_007,dev_001,Kitchen,906,26.04,58.87,132,116,90,NORMAL,100,Synthetic simulation of FALSE_ALARM condition,synthetic
2026-09-16 05:44:21.341601+00:00,SYNTH_FALSE_007,dev_001,Kitchen,899,25.81,59.15,135,119,90,NORMAL,100,Synthetic simulation of FALSE_ALARM condition,synthetic
2026-09-16 05:44:22.341601+00:00,SYNTH_FALSE_007,dev_001,Kitchen,904,25.91,59.42,132,114,90,NORMAL,100,Synthetic simulation of FALSE_ALARM condition,synthetic
2026-09-16 05:44:23.341601+00:00,SYNTH_FALSE_007,dev_001,Kitchen,898,25.82,59.51,133,117,90,NORMAL,100,Synthetic simulation of FALSE_ALARM condition,synthetic
2026-09-16 05:44:24.341601+00:00,SYNTH_FALSE_007,dev_001,Kitchen,897,26.15,59.34,130,113,90,NORMAL,100,Synthetic simulation of FALSE_ALARM condition,synthetic
2026-09-16 05:44:25.341601+00:00,SYNTH_FALSE_007,dev_001,Kitchen,908,26.1,59.62,138,122,90,NORMAL,100,Synthetic simulation of FALSE_ALARM condition,synthetic
2026-09-16 05:44:26.341601+00:00,SYNTH_FALSE_007,dev_001,Kitchen,908,26.0,59.1,136,117,90,NORMAL,100,Synthetic simulation of FALSE_ALARM condition,synthetic
2026-09-16 05:44:27.341601+00:00,SYNTH_FALSE_007,dev_001,Kitchen,907,25.91,59.4,141,112,90,NORMAL,100,Synthetic simulation of FALSE_ALARM condition,synthetic
2026-09-16 05:44:28.341601+00:00,SYNTH_FALSE_007,dev_001,Kitchen,909,25.91,59.29,131,112,90,NORMAL,100,Synthetic simulation of FALSE_ALARM condition,synthetic
2026-09-16 05:44:29.341601+00:00,SYNTH_FALSE_007,dev_001,Kitchen,913,26.01,59.27,133,113,90,NORMAL,100,Synthetic simulation of FALSE_ALARM condition,synthetic
2026-09-16 05:44:30.341601+00:00,SYNTH_FALSE_007,dev_001,Kitchen,912,25.83,58.86,130,116,90,NORMAL,100,Synthetic simulation of FALSE_ALARM condition,synthetic
2026-09-16 05:44:31.341601+00:00,SYNTH_FALSE_007,dev_001,Kitchen,909,25.67,59.3,131,120,90,NORMAL,100,Synthetic simulation of FALSE_ALARM condition,synthetic
2026-09-16 05:44:32.341601+00:00,SYNTH_FALSE_007,dev_001,Kitchen,908,25.87,59.39,136,119,90,NORMAL,100,Synthetic simulation of FALSE_ALARM condition,synthetic
2026-09-16 05:44:33.341601+00:00,SYNTH_FALSE_007,dev_001,Kitchen,912,25.81,59.36,132,121,90,NORMAL,100,Synthetic simulation of FALSE_ALARM condition,synthetic
2026-09-16 05:44:34.341601+00:00,SYNTH_FALSE_007,dev_001,Kitchen,904,25.73,59.35,137,113,90,NORMAL,100,Synthetic simulation of FALSE_ALARM condition,synthetic
2026-09-16 05:44:35.341601+00:00,SYNTH_FALSE_007,dev_001,Kitchen,904,25.74,59.32,137,119,90,NORMAL,100,Synthetic simulation of FALSE_ALARM condition,synthetic
2026-09-16 05:44:36.341601+00:00,SYNTH_FALSE_007,dev_001,Kitchen,900,25.92,59.15,134,118,90,NORMAL,100,Synthetic simulation of FALSE_ALARM condition,synthetic
2026-09-16 05:44:37.341601+00:00,SYNTH_FALSE_007,dev_001,Kitchen,900,25.99,59.45,133,118,90,NORMAL,100,Synthetic simulation of FALSE_ALARM condition,synthetic
2026-09-16 05:44:38.341601+00:00,SYNTH_FALSE_007,dev_001,Kitchen,909,25.81,59.28,136,117,90,NORMAL,100,Synthetic simulation of FALSE_ALARM condition,synthetic
2026-09-16 05:44:39.341601+00:00,SYNTH_FALSE_007,dev_001,Kitchen,910,25.72,59.6,135,119,90,NORMAL,100,Synthetic simulation of FALSE_ALARM condition,synthetic
2026-09-16 05:44:40.341601+00:00,SYNTH_FALSE_007,dev_001,Kitchen,909,25.77,59.6,137,123,90,NORMAL,100,Synthetic simulation of FALSE_ALARM condition,synthetic
2026-09-16 05:44:41.341601+00:00,SYNTH_FALSE_007,dev_001,Kitchen,907,26.14,59.09,135,117,90,NORMAL,100,Synthetic simulation of FALSE_ALARM condition,synthetic
2026-09-16 05:44:42.341601+00:00,SYNTH_FALSE_007,dev_001,Kitchen,905,26.02,59.48,136,115,90,NORMAL,100,Synthetic simulation of FALSE_ALARM condition,synthetic
2026-09-16 05:44:43.341601+00:00,SYNTH_FALSE_007,dev_001,Kitchen,914,25.89,59.66,139,124,90,NORMAL,100,Synthetic simulation of FALSE_ALARM condition,synthetic
2026-09-16 05:44:44.341601+00:00,SYNTH_FALSE_007,dev_001,Kitchen,907,25.87,59.59,136,123,90,NORMAL,100,Synthetic simulation of FALSE_ALARM condition,synthetic
2026-09-16 05:44:45.341601+00:00,SYNTH_FALSE_007,dev_001,Kitchen,913,25.81,59.53,133,122,90,NORMAL,100,Synthetic simulation of FALSE_ALARM condition,synthetic
2026-09-16 05:44:46.341601+00:00,SYNTH_FALSE_007,dev_001,Kitchen,908,25.8,59.51,137,118,90,NORMAL,100,Synthetic simulation of FALSE_ALARM condition,synthetic
2026-09-16 05:44:47.341601+00:00,SYNTH_FALSE_007,dev_001,Kitchen,901,25.47,59.02,135,115,90,NORMAL,100,Synthetic simulation of FALSE_ALARM condition,synthetic
2026-09-16 05:44:48.341601+00:00,SYNTH_FALSE_007,dev_001,Kitchen,910,26.07,59.42,138,119,90,NORMAL,100,Synthetic simulation of FALSE_ALARM condition,synthetic
2026-09-16 05:44:49.341601+00:00,SYNTH_FALSE_007,dev_001,Kitchen,907,26.01,59.56,131,121,90,NORMAL,100,Synthetic simulation of FALSE_ALARM condition,synthetic
2026-09-16 05:44:50.341601+00:00,SYNTH_FALSE_007,dev_001,Kitchen,908,26.03,59.15,135,122,90,NORMAL,100,Synthetic simulation of FALSE_ALARM condition,synthetic
2026-09-16 05:44:51.341601+00:00,SYNTH_FALSE_007,dev_001,Kitchen,906,25.78,59.18,131,115,90,NORMAL,100,Synthetic simulation of FALSE_ALARM condition,synthetic
2026-09-16 05:44:52.341601+00:00,SYNTH_FALSE_007,dev_001,Kitchen,906,25.93,59.61,138,119,90,NORMAL,100,Synthetic simulation of FALSE_ALARM condition,synthetic
2026-09-16 05:42:53.343597+00:00,SYNTH_FALSE_008,dev_001,Kitchen,893,24.51,53.48,134,114,90,NORMAL,100,Synthetic simulation of FALSE_ALARM condition,synthetic
2026-09-16 05:42:54.343597+00:00,SYNTH_FALSE_008,dev_001,Kitchen,897,24.3,53.25,136,117,90,NORMAL,100,Synthetic simulation of FALSE_ALARM condition,synthetic
2026-09-16 05:42:55.343597+00:00,SYNTH_FALSE_008,dev_001,Kitchen,895,24.29,53.83,132,114,90,NORMAL,100,Synthetic simulation of FALSE_ALARM condition,synthetic
2026-09-16 05:42:56.343597+00:00,SYNTH_FALSE_008,dev_001,Kitchen,887,24.2,53.53,131,114,90,NORMAL,100,Synthetic simulation of FALSE_ALARM condition,synthetic
2026-09-16 05:42:57.343597+00:00,SYNTH_FALSE_008,dev_001,Kitchen,891,24.16,53.7,132,110,90,NORMAL,100,Synthetic simulation of FALSE_ALARM condition,synthetic
2026-09-16 05:42:58.343597+00:00,SYNTH_FALSE_008,dev_001,Kitchen,899,24.06,53.74,138,119,90,NORMAL,100,Synthetic simulation of FALSE_ALARM condition,synthetic
2026-09-16 05:42:59.343597+00:00,SYNTH_FALSE_008,dev_001,Kitchen,889,24.56,54.11,132,116,90,NORMAL,100,Synthetic simulation of FALSE_ALARM condition,synthetic
2026-09-16 05:43:00.343597+00:00,SYNTH_FALSE_008,dev_001,Kitchen,888,24.31,53.36,137,118,90,NORMAL,100,Synthetic simulation of FALSE_ALARM condition,synthetic
2026-09-16 05:43:01.343597+00:00,SYNTH_FALSE_008,dev_001,Kitchen,887,24.42,53.4,137,111,90,NORMAL,100,Synthetic simulation of FALSE_ALARM condition,synthetic
2026-09-16 05:43:02.343597+00:00,SYNTH_FALSE_008,dev_001,Kitchen,892,24.3,53.34,139,116,90,NORMAL,100,Synthetic simulation of FALSE_ALARM condition,synthetic
2026-09-16 05:43:03.343597+00:00,SYNTH_FALSE_008,dev_001,Kitchen,890,24.14,53.41,135,120,90,NORMAL,100,Synthetic simulation of FALSE_ALARM condition,synthetic
2026-09-16 05:43:04.343597+00:00,SYNTH_FALSE_008,dev_001,Kitchen,894,24.5,53.21,131,121,90,NORMAL,100,Synthetic simulation of FALSE_ALARM condition,synthetic
2026-09-16 05:43:05.343597+00:00,SYNTH_FALSE_008,dev_001,Kitchen,896,24.22,53.72,140,114,90,NORMAL,100,Synthetic simulation of FALSE_ALARM condition,synthetic
2026-09-16 05:43:06.343597+00:00,SYNTH_FALSE_008,dev_001,Kitchen,894,24.26,53.69,130,112,90,NORMAL,100,Synthetic simulation of FALSE_ALARM condition,synthetic
2026-09-16 05:43:07.343597+00:00,SYNTH_FALSE_008,dev_001,Kitchen,895,24.27,53.55,134,118,90,NORMAL,100,Synthetic simulation of FALSE_ALARM condition,synthetic
2026-09-16 05:43:08.343597+00:00,SYNTH_FALSE_008,dev_001,Kitchen,898,24.52,53.41,133,113,90,NORMAL,100,Synthetic simulation of FALSE_ALARM condition,synthetic
2026-09-16 05:43:09.343597+00:00,SYNTH_FALSE_008,dev_001,Kitchen,887,24.17,53.44,134,121,90,NORMAL,100,Synthetic simulation of FALSE_ALARM condition,synthetic
2026-09-16 05:43:10.343597+00:00,SYNTH_FALSE_008,dev_001,Kitchen,893,24.32,53.78,138,115,90,NORMAL,100,Synthetic simulation of FALSE_ALARM condition,synthetic
2026-09-16 05:43:11.343597+00:00,SYNTH_FALSE_008,dev_001,Kitchen,884,24.36,53.53,134,113,90,NORMAL,100,Synthetic simulation of FALSE_ALARM condition,synthetic
2026-09-16 05:43:12.343597+00:00,SYNTH_FALSE_008,dev_001,Kitchen,898,24.17,53.3,133,113,90,NORMAL,100,Synthetic simulation of FALSE_ALARM condition,synthetic
2026-09-16 05:43:13.343597+00:00,SYNTH_FALSE_008,dev_001,Kitchen,892,24.19,53.42,129,113,90,NORMAL,100,Synthetic simulation of FALSE_ALARM condition,synthetic
2026-09-16 05:43:14.343597+00:00,SYNTH_FALSE_008,dev_001,Kitchen,887,24.22,53.83,134,118,90,NORMAL,100,Synthetic simulation of FALSE_ALARM condition,synthetic
2026-09-16 05:43:15.343597+00:00,SYNTH_FALSE_008,dev_001,Kitchen,890,24.48,53.56,135,115,90,NORMAL,100,Synthetic simulation of FALSE_ALARM condition,synthetic
2026-09-16 05:43:16.343597+00:00,SYNTH_FALSE_008,dev_001,Kitchen,895,24.27,53.82,132,120,90,NORMAL,100,Synthetic simulation of FALSE_ALARM condition,synthetic
2026-09-16 05:43:17.343597+00:00,SYNTH_FALSE_008,dev_001,Kitchen,890,24.42,53.7,135,117,90,NORMAL,100,Synthetic simulation of FALSE_ALARM condition,synthetic
2026-09-16 05:43:18.343597+00:00,SYNTH_FALSE_008,dev_001,Kitchen,886,24.2,53.13,137,117,90,NORMAL,100,Synthetic simulation of FALSE_ALARM condition,synthetic
2026-09-16 05:43:19.343597+00:00,SYNTH_FALSE_008,dev_001,Kitchen,893,24.37,53.78,140,111,90,NORMAL,100,Synthetic simulation of FALSE_ALARM condition,synthetic
2026-09-16 05:43:20.343597+00:00,SYNTH_FALSE_008,dev_001,Kitchen,894,24.2,53.8,133,113,90,NORMAL,100,Synthetic simulation of FALSE_ALARM condition,synthetic
2026-09-16 05:43:21.343597+00:00,SYNTH_FALSE_008,dev_001,Kitchen,892,24.44,53.61,136,115,90,NORMAL,100,Synthetic simulation of FALSE_ALARM condition,synthetic
2026-09-16 05:43:22.343597+00:00,SYNTH_FALSE_008,dev_001,Kitchen,886,24.23,53.5,132,120,90,NORMAL,100,Synthetic simulation of FALSE_ALARM condition,synthetic
2026-09-16 05:43:23.343597+00:00,SYNTH_FALSE_008,dev_001,Kitchen,888,24.48,53.55,133,115,90,NORMAL,100,Synthetic simulation of FALSE_ALARM condition,synthetic
2026-09-16 05:43:24.343597+00:00,SYNTH_FALSE_008,dev_001,Kitchen,886,24.23,53.9,134,112,90,NORMAL,100,Synthetic simulation of FALSE_ALARM condition,synthetic
2026-09-16 05:43:25.343597+00:00,SYNTH_FALSE_008,dev_001,Kitchen,890,24.35,53.43,137,121,90,NORMAL,100,Synthetic simulation of FALSE_ALARM condition,synthetic
2026-09-16 05:43:26.343597+00:00,SYNTH_FALSE_008,dev_001,Kitchen,892,24.41,53.43,138,116,90,NORMAL,100,Synthetic simulation of FALSE_ALARM condition,synthetic
2026-09-16 05:43:27.343597+00:00,SYNTH_FALSE_008,dev_001,Kitchen,893,24.31,53.31,138,114,90,NORMAL,100,Synthetic simulation of FALSE_ALARM condition,synthetic
2026-09-16 05:43:28.343597+00:00,SYNTH_FALSE_008,dev_001,Kitchen,892,24.31,53.57,135,116,90,NORMAL,100,Synthetic simulation of FALSE_ALARM condition,synthetic
2026-09-16 05:43:29.343597+00:00,SYNTH_FALSE_008,dev_001,Kitchen,891,24.56,53.55,131,115,90,NORMAL,100,Synthetic simulation of FALSE_ALARM condition,synthetic
2026-09-16 05:43:30.343597+00:00,SYNTH_FALSE_008,dev_001,Kitchen,897,24.18,53.61,138,119,90,NORMAL,100,Synthetic simulation of FALSE_ALARM condition,synthetic
2026-09-16 05:43:31.343597+00:00,SYNTH_FALSE_008,dev_001,Kitchen,886,24.53,53.91,138,112,90,NORMAL,100,Synthetic simulation of FALSE_ALARM condition,synthetic
2026-09-16 05:43:32.343597+00:00,SYNTH_FALSE_008,dev_001,Kitchen,895,24.29,53.42,135,119,90,NORMAL,100,Synthetic simulation of FALSE_ALARM condition,synthetic
2026-09-16 05:43:33.343597+00:00,SYNTH_FALSE_008,dev_001,Kitchen,889,24.21,53.42,134,112,90,NORMAL,100,Synthetic simulation of FALSE_ALARM condition,synthetic
2026-09-16 05:43:34.343597+00:00,SYNTH_FALSE_008,dev_001,Kitchen,894,24.62,54.15,134,115,90,NORMAL,100,Synthetic simulation of FALSE_ALARM condition,synthetic
2026-09-16 05:43:35.343597+00:00,SYNTH_FALSE_008,dev_001,Kitchen,889,24.48,53.72,135,113,90,NORMAL,100,Synthetic simulation of FALSE_ALARM condition,synthetic
2026-09-16 05:43:36.343597+00:00,SYNTH_FALSE_008,dev_001,Kitchen,890,24.32,53.38,134,116,90,NORMAL,100,Synthetic simulation of FALSE_ALARM condition,synthetic
2026-09-16 05:43:37.343597+00:00,SYNTH_FALSE_008,dev_001,Kitchen,887,24.26,53.25,136,113,90,NORMAL,100,Synthetic simulation of FALSE_ALARM condition,synthetic
2026-09-16 05:43:38.343597+00:00,SYNTH_FALSE_008,dev_001,Kitchen,895,24.21,53.03,134,115,90,NORMAL,100,Synthetic simulation of FALSE_ALARM condition,synthetic
2026-09-16 05:43:39.343597+00:00,SYNTH_FALSE_008,dev_001,Kitchen,888,24.62,53.36,135,115,90,NORMAL,100,Synthetic simulation of FALSE_ALARM condition,synthetic
2026-09-16 05:43:40.343597+00:00,SYNTH_FALSE_008,dev_001,Kitchen,881,24.36,53.67,135,114,90,NORMAL,100,Synthetic simulation of FALSE_ALARM condition,synthetic
2026-09-16 05:43:41.343597+00:00,SYNTH_FALSE_008,dev_001,Kitchen,317,24.18,53.46,137,118,135,FALSE_ALARM,100,Synthetic simulation of FALSE_ALARM condition,synthetic
2026-09-16 05:43:42.343597+00:00,SYNTH_FALSE_008,dev_001,Kitchen,325,24.28,53.84,135,113,135,FALSE_ALARM,100,Synthetic simulation of FALSE_ALARM condition,synthetic
2026-09-16 05:43:43.343597+00:00,SYNTH_FALSE_008,dev_001,Kitchen,329,24.23,53.97,129,114,135,FALSE_ALARM,100,Synthetic simulation of FALSE_ALARM condition,synthetic
2026-09-16 05:43:44.343597+00:00,SYNTH_FALSE_008,dev_001,Kitchen,319,24.23,53.97,137,113,135,FALSE_ALARM,100,Synthetic simulation of FALSE_ALARM condition,synthetic
2026-09-16 05:43:45.343597+00:00,SYNTH_FALSE_008,dev_001,Kitchen,318,24.29,53.03,139,116,135,FALSE_ALARM,100,Synthetic simulation of FALSE_ALARM condition,synthetic
2026-09-16 05:43:46.343597+00:00,SYNTH_FALSE_008,dev_001,Kitchen,323,24.68,53.58,137,114,135,FALSE_ALARM,100,Synthetic simulation of FALSE_ALARM condition,synthetic
2026-09-16 05:43:47.343597+00:00,SYNTH_FALSE_008,dev_001,Kitchen,323,24.41,53.17,135,117,135,FALSE_ALARM,100,Synthetic simulation of FALSE_ALARM condition,synthetic
2026-09-16 05:43:48.343597+00:00,SYNTH_FALSE_008,dev_001,Kitchen,890,24.34,53.66,130,118,90,NORMAL,100,Synthetic simulation of FALSE_ALARM condition,synthetic
2026-09-16 05:43:49.343597+00:00,SYNTH_FALSE_008,dev_001,Kitchen,887,24.09,53.11,128,116,90,NORMAL,100,Synthetic simulation of FALSE_ALARM condition,synthetic
2026-09-16 05:43:50.343597+00:00,SYNTH_FALSE_008,dev_001,Kitchen,893,24.3,53.53,138,118,90,NORMAL,100,Synthetic simulation of FALSE_ALARM condition,synthetic
2026-09-16 05:43:51.343597+00:00,SYNTH_FALSE_008,dev_001,Kitchen,899,24.07,53.52,133,115,90,NORMAL,100,Synthetic simulation of FALSE_ALARM condition,synthetic
2026-09-16 05:43:52.343597+00:00,SYNTH_FALSE_008,dev_001,Kitchen,892,24.48,53.32,133,115,90,NORMAL,100,Synthetic simulation of FALSE_ALARM condition,synthetic
2026-09-16 05:43:53.343597+00:00,SYNTH_FALSE_008,dev_001,Kitchen,889,24.5,53.54,136,113,90,NORMAL,100,Synthetic simulation of FALSE_ALARM condition,synthetic
2026-09-16 05:43:54.343597+00:00,SYNTH_FALSE_008,dev_001,Kitchen,894,24.62,53.53,135,112,90,NORMAL,100,Synthetic simulation of FALSE_ALARM condition,synthetic
2026-09-16 05:43:55.343597+00:00,SYNTH_FALSE_008,dev_001,Kitchen,891,24.3,53.9,133,115,90,NORMAL,100,Synthetic simulation of FALSE_ALARM condition,synthetic
2026-09-16 05:43:56.343597+00:00,SYNTH_FALSE_008,dev_001,Kitchen,887,24.33,53.35,133,116,90,NORMAL,100,Synthetic simulation of FALSE_ALARM condition,synthetic
2026-09-16 05:43:57.343597+00:00,SYNTH_FALSE_008,dev_001,Kitchen,887,24.37,53.72,138,114,90,NORMAL,100,Synthetic simulation of FALSE_ALARM condition,synthetic
2026-09-16 05:43:58.343597+00:00,SYNTH_FALSE_008,dev_001,Kitchen,890,24.13,53.53,135,116,90,NORMAL,100,Synthetic simulation of FALSE_ALARM condition,synthetic
2026-09-16 05:43:59.343597+00:00,SYNTH_FALSE_008,dev_001,Kitchen,896,24.46,53.41,135,119,90,NORMAL,100,Synthetic simulation of FALSE_ALARM condition,synthetic
2026-09-16 05:44:00.343597+00:00,SYNTH_FALSE_008,dev_001,Kitchen,886,24.23,53.4,139,113,90,NORMAL,100,Synthetic simulation of FALSE_ALARM condition,synthetic
2026-09-16 05:44:01.343597+00:00,SYNTH_FALSE_008,dev_001,Kitchen,892,24.45,53.5,133,117,90,NORMAL,100,Synthetic simulation of FALSE_ALARM condition,synthetic
2026-09-16 05:44:02.343597+00:00,SYNTH_FALSE_008,dev_001,Kitchen,891,24.08,53.19,134,115,90,NORMAL,100,Synthetic simulation of FALSE_ALARM condition,synthetic
2026-09-16 05:44:03.343597+00:00,SYNTH_FALSE_008,dev_001,Kitchen,892,24.12,53.21,132,117,90,NORMAL,100,Synthetic simulation of FALSE_ALARM condition,synthetic
2026-09-16 05:44:04.343597+00:00,SYNTH_FALSE_008,dev_001,Kitchen,893,24.35,53.48,138,111,90,NORMAL,100,Synthetic simulation of FALSE_ALARM condition,synthetic
2026-09-16 05:44:05.343597+00:00,SYNTH_FALSE_008,dev_001,Kitchen,887,24.5,53.64,129,111,90,NORMAL,100,Synthetic simulation of FALSE_ALARM condition,synthetic
2026-09-16 05:44:06.343597+00:00,SYNTH_FALSE_008,dev_001,Kitchen,894,24.21,53.68,130,118,90,NORMAL,100,Synthetic simulation of FALSE_ALARM condition,synthetic
2026-09-16 05:44:07.343597+00:00,SYNTH_FALSE_008,dev_001,Kitchen,886,24.14,53.59,140,119,90,NORMAL,100,Synthetic simulation of FALSE_ALARM condition,synthetic
2026-09-16 05:44:08.343597+00:00,SYNTH_FALSE_008,dev_001,Kitchen,880,24.47,53.71,131,119,90,NORMAL,100,Synthetic simulation of FALSE_ALARM condition,synthetic
2026-09-16 05:44:09.343597+00:00,SYNTH_FALSE_008,dev_001,Kitchen,887,24.36,53.13,139,112,90,NORMAL,100,Synthetic simulation of FALSE_ALARM condition,synthetic
2026-09-16 05:44:10.343597+00:00,SYNTH_FALSE_008,dev_001,Kitchen,890,24.23,53.69,133,117,90,NORMAL,100,Synthetic simulation of FALSE_ALARM condition,synthetic
2026-09-16 05:44:11.343597+00:00,SYNTH_FALSE_008,dev_001,Kitchen,887,24.01,53.08,136,118,90,NORMAL,100,Synthetic simulation of FALSE_ALARM condition,synthetic
2026-09-16 05:44:12.343597+00:00,SYNTH_FALSE_008,dev_001,Kitchen,888,24.16,53.9,130,114,90,NORMAL,100,Synthetic simulation of FALSE_ALARM condition,synthetic
2026-09-16 05:44:13.343597+00:00,SYNTH_FALSE_008,dev_001,Kitchen,888,24.42,53.91,135,115,90,NORMAL,100,Synthetic simulation of FALSE_ALARM condition,synthetic
2026-09-16 05:44:14.343597+00:00,SYNTH_FALSE_008,dev_001,Kitchen,888,24.17,53.59,138,120,90,NORMAL,100,Synthetic simulation of FALSE_ALARM condition,synthetic
2026-09-16 05:44:15.343597+00:00,SYNTH_FALSE_008,dev_001,Kitchen,892,24.37,53.69,137,118,90,NORMAL,100,Synthetic simulation of FALSE_ALARM condition,synthetic
2026-09-16 05:44:16.343597+00:00,SYNTH_FALSE_008,dev_001,Kitchen,885,24.31,53.36,134,114,90,NORMAL,100,Synthetic simulation of FALSE_ALARM condition,synthetic
2026-09-16 05:44:17.343597+00:00,SYNTH_FALSE_008,dev_001,Kitchen,892,24.12,53.71,131,113,90,NORMAL,100,Synthetic simulation of FALSE_ALARM condition,synthetic
2026-09-16 05:44:18.343597+00:00,SYNTH_FALSE_008,dev_001,Kitchen,892,24.3,53.34,131,114,90,NORMAL,100,Synthetic simulation of FALSE_ALARM condition,synthetic
2026-09-16 05:44:19.343597+00:00,SYNTH_FALSE_008,dev_001,Kitchen,891,24.3,53.55,134,113,90,NORMAL,100,Synthetic simulation of FALSE_ALARM condition,synthetic
2026-09-16 05:44:20.343597+00:00,SYNTH_FALSE_008,dev_001,Kitchen,893,24.32,53.72,132,110,90,NORMAL,100,Synthetic simulation of FALSE_ALARM condition,synthetic
2026-09-16 05:44:21.343597+00:00,SYNTH_FALSE_008,dev_001,Kitchen,892,24.41,53.63,132,118,90,NORMAL,100,Synthetic simulation of FALSE_ALARM condition,synthetic
2026-09-16 05:44:22.343597+00:00,SYNTH_FALSE_008,dev_001,Kitchen,893,23.91,53.48,131,113,90,NORMAL,100,Synthetic simulation of FALSE_ALARM condition,synthetic
2026-09-16 05:44:23.343597+00:00,SYNTH_FALSE_008,dev_001,Kitchen,887,24.12,53.92,134,115,90,NORMAL,100,Synthetic simulation of FALSE_ALARM condition,synthetic
2026-09-16 05:44:24.343597+00:00,SYNTH_FALSE_008,dev_001,Kitchen,889,24.65,53.67,136,118,90,NORMAL,100,Synthetic simulation of FALSE_ALARM condition,synthetic
2026-09-16 05:44:25.343597+00:00,SYNTH_FALSE_008,dev_001,Kitchen,895,24.06,53.63,139,115,90,NORMAL,100,Synthetic simulation of FALSE_ALARM condition,synthetic
2026-09-16 05:44:26.343597+00:00,SYNTH_FALSE_008,dev_001,Kitchen,891,24.49,53.51,138,113,90,NORMAL,100,Synthetic simulation of FALSE_ALARM condition,synthetic
2026-09-16 05:44:27.343597+00:00,SYNTH_FALSE_008,dev_001,Kitchen,895,24.26,53.69,134,117,90,NORMAL,100,Synthetic simulation of FALSE_ALARM condition,synthetic
2026-09-16 05:44:28.343597+00:00,SYNTH_FALSE_008,dev_001,Kitchen,885,24.34,53.68,136,117,90,NORMAL,100,Synthetic simulation of FALSE_ALARM condition,synthetic
2026-09-16 05:44:29.343597+00:00,SYNTH_FALSE_008,dev_001,Kitchen,889,24.32,53.43,140,113,90,NORMAL,100,Synthetic simulation of FALSE_ALARM condition,synthetic
2026-09-16 05:44:30.343597+00:00,SYNTH_FALSE_008,dev_001,Kitchen,886,24.47,53.22,135,115,90,NORMAL,100,Synthetic simulation of FALSE_ALARM condition,synthetic
2026-09-16 05:44:31.343597+00:00,SYNTH_FALSE_008,dev_001,Kitchen,888,24.28,53.71,131,115,90,NORMAL,100,Synthetic simulation of FALSE_ALARM condition,synthetic
2026-09-16 05:44:32.343597+00:00,SYNTH_FALSE_008,dev_001,Kitchen,895,24.41,53.74,138,115,90,NORMAL,100,Synthetic simulation of FALSE_ALARM condition,synthetic
2026-09-16 05:44:33.343597+00:00,SYNTH_FALSE_008,dev_001,Kitchen,894,24.32,53.81,131,115,90,NORMAL,100,Synthetic simulation of FALSE_ALARM condition,synthetic
2026-09-16 05:44:34.343597+00:00,SYNTH_FALSE_008,dev_001,Kitchen,888,24.33,53.79,130,112,90,NORMAL,100,Synthetic simulation of FALSE_ALARM condition,synthetic
2026-09-16 05:44:35.343597+00:00,SYNTH_FALSE_008,dev_001,Kitchen,898,24.26,53.98,128,113,90,NORMAL,100,Synthetic simulation of FALSE_ALARM condition,synthetic
2026-09-16 05:44:36.343597+00:00,SYNTH_FALSE_008,dev_001,Kitchen,895,24.41,53.87,136,115,90,NORMAL,100,Synthetic simulation of FALSE_ALARM condition,synthetic
2026-09-16 05:44:37.343597+00:00,SYNTH_FALSE_008,dev_001,Kitchen,891,24.42,53.26,134,113,90,NORMAL,100,Synthetic simulation of FALSE_ALARM condition,synthetic
2026-09-16 05:44:38.343597+00:00,SYNTH_FALSE_008,dev_001,Kitchen,892,24.38,53.53,138,116,90,NORMAL,100,Synthetic simulation of FALSE_ALARM condition,synthetic
2026-09-16 05:44:39.343597+00:00,SYNTH_FALSE_008,dev_001,Kitchen,899,24.31,53.45,130,110,90,NORMAL,100,Synthetic simulation of FALSE_ALARM condition,synthetic
2026-09-16 05:44:40.343597+00:00,SYNTH_FALSE_008,dev_001,Kitchen,879,24.47,53.7,130,112,90,NORMAL,100,Synthetic simulation of FALSE_ALARM condition,synthetic
2026-09-16 05:44:41.343597+00:00,SYNTH_FALSE_008,dev_001,Kitchen,893,24.52,53.84,132,120,90,NORMAL,100,Synthetic simulation of FALSE_ALARM condition,synthetic
2026-09-16 05:44:42.343597+00:00,SYNTH_FALSE_008,dev_001,Kitchen,897,24.16,53.93,132,114,90,NORMAL,100,Synthetic simulation of FALSE_ALARM condition,synthetic
2026-09-16 05:44:43.343597+00:00,SYNTH_FALSE_008,dev_001,Kitchen,892,24.25,53.66,137,118,90,NORMAL,100,Synthetic simulation of FALSE_ALARM condition,synthetic
2026-09-16 05:44:44.343597+00:00,SYNTH_FALSE_008,dev_001,Kitchen,893,24.21,53.54,138,113,90,NORMAL,100,Synthetic simulation of FALSE_ALARM condition,synthetic
2026-09-16 05:44:45.343597+00:00,SYNTH_FALSE_008,dev_001,Kitchen,893,24.31,53.75,132,115,90,NORMAL,100,Synthetic simulation of FALSE_ALARM condition,synthetic
2026-09-16 05:44:46.343597+00:00,SYNTH_FALSE_008,dev_001,Kitchen,883,24.45,53.8,139,115,90,NORMAL,100,Synthetic simulation of FALSE_ALARM condition,synthetic
2026-09-16 05:44:47.343597+00:00,SYNTH_FALSE_008,dev_001,Kitchen,890,23.96,53.37,132,114,90,NORMAL,100,Synthetic simulation of FALSE_ALARM condition,synthetic
2026-09-16 05:44:48.343597+00:00,SYNTH_FALSE_008,dev_001,Kitchen,891,24.47,53.98,130,115,90,NORMAL,100,Synthetic simulation of FALSE_ALARM condition,synthetic
2026-09-16 05:44:49.343597+00:00,SYNTH_FALSE_008,dev_001,Kitchen,885,24.08,53.83,136,112,90,NORMAL,100,Synthetic simulation of FALSE_ALARM condition,synthetic
2026-09-16 05:44:50.343597+00:00,SYNTH_FALSE_008,dev_001,Kitchen,889,24.11,53.51,136,117,90,NORMAL,100,Synthetic simulation of FALSE_ALARM condition,synthetic
2026-09-16 05:44:51.343597+00:00,SYNTH_FALSE_008,dev_001,Kitchen,889,24.12,53.88,138,113,90,NORMAL,100,Synthetic simulation of FALSE_ALARM condition,synthetic
2026-09-16 05:44:52.343597+00:00,SYNTH_FALSE_008,dev_001,Kitchen,892,24.11,53.33,133,119,90,NORMAL,100,Synthetic simulation of FALSE_ALARM condition,synthetic
2026-09-16 05:42:53.344595+00:00,SYNTH_FALSE_009,dev_001,Kitchen,912,23.67,53.0,111,108,90,NORMAL,100,Synthetic simulation of FALSE_ALARM condition,synthetic
2026-09-16 05:42:54.344595+00:00,SYNTH_FALSE_009,dev_001,Kitchen,915,23.9,53.07,115,101,90,NORMAL,100,Synthetic simulation of FALSE_ALARM condition,synthetic
2026-09-16 05:42:55.344595+00:00,SYNTH_FALSE_009,dev_001,Kitchen,907,23.94,53.09,115,100,90,NORMAL,100,Synthetic simulation of FALSE_ALARM condition,synthetic
2026-09-16 05:42:56.344595+00:00,SYNTH_FALSE_009,dev_001,Kitchen,909,23.65,52.62,109,102,90,NORMAL,100,Synthetic simulation of FALSE_ALARM condition,synthetic
2026-09-16 05:42:57.344595+00:00,SYNTH_FALSE_009,dev_001,Kitchen,914,23.69,53.09,115,102,90,NORMAL,100,Synthetic simulation of FALSE_ALARM condition,synthetic
2026-09-16 05:42:58.344595+00:00,SYNTH_FALSE_009,dev_001,Kitchen,911,24.02,52.25,112,105,90,NORMAL,100,Synthetic simulation of FALSE_ALARM condition,synthetic
2026-09-16 05:42:59.344595+00:00,SYNTH_FALSE_009,dev_001,Kitchen,911,23.71,52.65,112,101,90,NORMAL,100,Synthetic simulation of FALSE_ALARM condition,synthetic
2026-09-16 05:43:00.344595+00:00,SYNTH_FALSE_009,dev_001,Kitchen,910,23.68,52.82,119,104,90,NORMAL,100,Synthetic simulation of FALSE_ALARM condition,synthetic
2026-09-16 05:43:01.344595+00:00,SYNTH_FALSE_009,dev_001,Kitchen,915,23.83,52.61,114,104,90,NORMAL,100,Synthetic simulation of FALSE_ALARM condition,synthetic
2026-09-16 05:43:02.344595+00:00,SYNTH_FALSE_009,dev_001,Kitchen,911,23.82,52.96,109,106,90,NORMAL,100,Synthetic simulation of FALSE_ALARM condition,synthetic
2026-09-16 05:43:03.344595+00:00,SYNTH_FALSE_009,dev_001,Kitchen,907,24.13,52.7,110,105,90,NORMAL,100,Synthetic simulation of FALSE_ALARM condition,synthetic
2026-09-16 05:43:04.344595+00:00,SYNTH_FALSE_009,dev_001,Kitchen,908,23.78,52.71,111,102,90,NORMAL,100,Synthetic simulation of FALSE_ALARM condition,synthetic
2026-09-16 05:43:05.344595+00:00,SYNTH_FALSE_009,dev_001,Kitchen,912,23.97,52.15,111,104,90,NORMAL,100,Synthetic simulation of FALSE_ALARM condition,synthetic
2026-09-16 05:43:06.344595+00:00,SYNTH_FALSE_009,dev_001,Kitchen,912,24.0,52.56,114,102,90,NORMAL,100,Synthetic simulation of FALSE_ALARM condition,synthetic
2026-09-16 05:43:07.344595+00:00,SYNTH_FALSE_009,dev_001,Kitchen,920,23.72,52.8,109,101,90,NORMAL,100,Synthetic simulation of FALSE_ALARM condition,synthetic
2026-09-16 05:43:08.344595+00:00,SYNTH_FALSE_009,dev_001,Kitchen,915,23.66,52.25,110,105,90,NORMAL,100,Synthetic simulation of FALSE_ALARM condition,synthetic
2026-09-16 05:43:09.344595+00:00,SYNTH_FALSE_009,dev_001,Kitchen,907,23.65,53.08,107,104,90,NORMAL,100,Synthetic simulation of FALSE_ALARM condition,synthetic
2026-09-16 05:43:10.344595+00:00,SYNTH_FALSE_009,dev_001,Kitchen,911,23.78,53.06,112,107,90,NORMAL,100,Synthetic simulation of FALSE_ALARM condition,synthetic
2026-09-16 05:43:11.344595+00:00,SYNTH_FALSE_009,dev_001,Kitchen,910,23.75,52.48,111,108,90,NORMAL,100,Synthetic simulation of FALSE_ALARM condition,synthetic
2026-09-16 05:43:12.344595+00:00,SYNTH_FALSE_009,dev_001,Kitchen,914,23.77,52.73,110,101,90,NORMAL,100,Synthetic simulation of FALSE_ALARM condition,synthetic
2026-09-16 05:43:13.344595+00:00,SYNTH_FALSE_009,dev_001,Kitchen,912,23.55,52.58,111,104,90,NORMAL,100,Synthetic simulation of FALSE_ALARM condition,synthetic
2026-09-16 05:43:14.344595+00:00,SYNTH_FALSE_009,dev_001,Kitchen,918,23.79,52.61,110,105,90,NORMAL,100,Synthetic simulation of FALSE_ALARM condition,synthetic
2026-09-16 05:43:15.344595+00:00,SYNTH_FALSE_009,dev_001,Kitchen,916,23.89,52.72,114,104,90,NORMAL,100,Synthetic simulation of FALSE_ALARM condition,synthetic
2026-09-16 05:43:16.344595+00:00,SYNTH_FALSE_009,dev_001,Kitchen,910,23.82,52.75,113,105,90,NORMAL,100,Synthetic simulation of FALSE_ALARM condition,synthetic
2026-09-16 05:43:17.344595+00:00,SYNTH_FALSE_009,dev_001,Kitchen,915,23.85,52.72,110,106,90,NORMAL,100,Synthetic simulation of FALSE_ALARM condition,synthetic
2026-09-16 05:43:18.344595+00:00,SYNTH_FALSE_009,dev_001,Kitchen,914,23.75,52.89,107,98,90,NORMAL,100,Synthetic simulation of FALSE_ALARM condition,synthetic
2026-09-16 05:43:19.344595+00:00,SYNTH_FALSE_009,dev_001,Kitchen,911,23.77,52.62,116,105,90,NORMAL,100,Synthetic simulation of FALSE_ALARM condition,synthetic
2026-09-16 05:43:20.344595+00:00,SYNTH_FALSE_009,dev_001,Kitchen,917,23.69,52.57,113,105,90,NORMAL,100,Synthetic simulation of FALSE_ALARM condition,synthetic
2026-09-16 05:43:21.344595+00:00,SYNTH_FALSE_009,dev_001,Kitchen,909,23.79,52.59,104,103,90,NORMAL,100,Synthetic simulation of FALSE_ALARM condition,synthetic
2026-09-16 05:43:22.344595+00:00,SYNTH_FALSE_009,dev_001,Kitchen,915,24.06,52.3,113,107,90,NORMAL,100,Synthetic simulation of FALSE_ALARM condition,synthetic
2026-09-16 05:43:23.344595+00:00,SYNTH_FALSE_009,dev_001,Kitchen,911,23.72,52.77,112,101,90,NORMAL,100,Synthetic simulation of FALSE_ALARM condition,synthetic
2026-09-16 05:43:24.344595+00:00,SYNTH_FALSE_009,dev_001,Kitchen,916,23.83,52.63,110,103,90,NORMAL,100,Synthetic simulation of FALSE_ALARM condition,synthetic
2026-09-16 05:43:25.344595+00:00,SYNTH_FALSE_009,dev_001,Kitchen,907,23.78,52.9,111,105,90,NORMAL,100,Synthetic simulation of FALSE_ALARM condition,synthetic
2026-09-16 05:43:26.344595+00:00,SYNTH_FALSE_009,dev_001,Kitchen,911,24.12,52.8,115,102,90,NORMAL,100,Synthetic simulation of FALSE_ALARM condition,synthetic
2026-09-16 05:43:27.344595+00:00,SYNTH_FALSE_009,dev_001,Kitchen,908,23.7,52.53,113,105,90,NORMAL,100,Synthetic simulation of FALSE_ALARM condition,synthetic
2026-09-16 05:43:28.344595+00:00,SYNTH_FALSE_009,dev_001,Kitchen,911,24.29,52.11,116,103,90,NORMAL,100,Synthetic simulation of FALSE_ALARM condition,synthetic
2026-09-16 05:43:29.344595+00:00,SYNTH_FALSE_009,dev_001,Kitchen,908,23.75,52.68,111,100,90,NORMAL,100,Synthetic simulation of FALSE_ALARM condition,synthetic
2026-09-16 05:43:30.344595+00:00,SYNTH_FALSE_009,dev_001,Kitchen,908,23.81,52.35,113,103,90,NORMAL,100,Synthetic simulation of FALSE_ALARM condition,synthetic
2026-09-16 05:43:31.344595+00:00,SYNTH_FALSE_009,dev_001,Kitchen,910,23.95,52.97,112,104,90,NORMAL,100,Synthetic simulation of FALSE_ALARM condition,synthetic
2026-09-16 05:43:32.344595+00:00,SYNTH_FALSE_009,dev_001,Kitchen,915,23.59,52.05,116,101,90,NORMAL,100,Synthetic simulation of FALSE_ALARM condition,synthetic
2026-09-16 05:43:33.344595+00:00,SYNTH_FALSE_009,dev_001,Kitchen,909,23.9,52.68,114,103,90,NORMAL,100,Synthetic simulation of FALSE_ALARM condition,synthetic
2026-09-16 05:43:34.344595+00:00,SYNTH_FALSE_009,dev_001,Kitchen,906,23.91,52.68,114,102,90,NORMAL,100,Synthetic simulation of FALSE_ALARM condition,synthetic
2026-09-16 05:43:35.344595+00:00,SYNTH_FALSE_009,dev_001,Kitchen,912,23.96,52.41,112,102,90,NORMAL,100,Synthetic simulation of FALSE_ALARM condition,synthetic
2026-09-16 05:43:36.344595+00:00,SYNTH_FALSE_009,dev_001,Kitchen,906,24.13,52.51,112,106,90,NORMAL,100,Synthetic simulation of FALSE_ALARM condition,synthetic
2026-09-16 05:43:37.344595+00:00,SYNTH_FALSE_009,dev_001,Kitchen,917,24.04,52.6,118,103,90,NORMAL,100,Synthetic simulation of FALSE_ALARM condition,synthetic
2026-09-16 05:43:38.344595+00:00,SYNTH_FALSE_009,dev_001,Kitchen,904,24.03,52.76,110,102,90,NORMAL,100,Synthetic simulation of FALSE_ALARM condition,synthetic
2026-09-16 05:43:39.344595+00:00,SYNTH_FALSE_009,dev_001,Kitchen,901,23.86,52.85,111,100,90,NORMAL,100,Synthetic simulation of FALSE_ALARM condition,synthetic
2026-09-16 05:43:40.344595+00:00,SYNTH_FALSE_009,dev_001,Kitchen,916,24.22,53.27,112,107,90,NORMAL,100,Synthetic simulation of FALSE_ALARM condition,synthetic
2026-09-16 05:43:41.344595+00:00,SYNTH_FALSE_009,dev_001,Kitchen,464,23.73,52.74,116,104,45,FALSE_ALARM,100,Synthetic simulation of FALSE_ALARM condition,synthetic
2026-09-16 05:43:42.344595+00:00,SYNTH_FALSE_009,dev_001,Kitchen,456,23.88,52.64,117,108,45,FALSE_ALARM,100,Synthetic simulation of FALSE_ALARM condition,synthetic
2026-09-16 05:43:43.344595+00:00,SYNTH_FALSE_009,dev_001,Kitchen,466,23.91,52.33,111,107,45,FALSE_ALARM,100,Synthetic simulation of FALSE_ALARM condition,synthetic
2026-09-16 05:43:44.344595+00:00,SYNTH_FALSE_009,dev_001,Kitchen,463,23.73,52.74,115,106,45,FALSE_ALARM,100,Synthetic simulation of FALSE_ALARM condition,synthetic
2026-09-16 05:43:45.344595+00:00,SYNTH_FALSE_009,dev_001,Kitchen,909,23.86,52.41,109,97,90,NORMAL,100,Synthetic simulation of FALSE_ALARM condition,synthetic
2026-09-16 05:43:46.344595+00:00,SYNTH_FALSE_009,dev_001,Kitchen,906,23.54,52.5,106,102,90,NORMAL,100,Synthetic simulation of FALSE_ALARM condition,synthetic
2026-09-16 05:43:47.344595+00:00,SYNTH_FALSE_009,dev_001,Kitchen,916,23.58,52.65,114,101,90,NORMAL,100,Synthetic simulation of FALSE_ALARM condition,synthetic
2026-09-16 05:43:48.344595+00:00,SYNTH_FALSE_009,dev_001,Kitchen,910,23.67,52.78,112,104,90,NORMAL,100,Synthetic simulation of FALSE_ALARM condition,synthetic
2026-09-16 05:43:49.344595+00:00,SYNTH_FALSE_009,dev_001,Kitchen,918,23.77,52.68,111,100,90,NORMAL,100,Synthetic simulation of FALSE_ALARM condition,synthetic
2026-09-16 05:43:50.344595+00:00,SYNTH_FALSE_009,dev_001,Kitchen,911,23.76,52.67,115,105,90,NORMAL,100,Synthetic simulation of FALSE_ALARM condition,synthetic
2026-09-16 05:43:51.344595+00:00,SYNTH_FALSE_009,dev_001,Kitchen,911,23.81,52.88,118,103,90,NORMAL,100,Synthetic simulation of FALSE_ALARM condition,synthetic
2026-09-16 05:43:52.344595+00:00,SYNTH_FALSE_009,dev_001,Kitchen,914,23.98,52.92,113,106,90,NORMAL,100,Synthetic simulation of FALSE_ALARM condition,synthetic
2026-09-16 05:43:53.344595+00:00,SYNTH_FALSE_009,dev_001,Kitchen,919,23.86,52.21,118,104,90,NORMAL,100,Synthetic simulation of FALSE_ALARM condition,synthetic
2026-09-16 05:43:54.344595+00:00,SYNTH_FALSE_009,dev_001,Kitchen,910,23.79,52.42,115,107,90,NORMAL,100,Synthetic simulation of FALSE_ALARM condition,synthetic
2026-09-16 05:43:55.344595+00:00,SYNTH_FALSE_009,dev_001,Kitchen,908,23.52,52.56,113,104,90,NORMAL,100,Synthetic simulation of FALSE_ALARM condition,synthetic
2026-09-16 05:43:56.344595+00:00,SYNTH_FALSE_009,dev_001,Kitchen,911,23.92,52.12,116,107,90,NORMAL,100,Synthetic simulation of FALSE_ALARM condition,synthetic
2026-09-16 05:43:57.344595+00:00,SYNTH_FALSE_009,dev_001,Kitchen,913,23.94,52.93,113,105,90,NORMAL,100,Synthetic simulation of FALSE_ALARM condition,synthetic
2026-09-16 05:43:58.344595+00:00,SYNTH_FALSE_009,dev_001,Kitchen,909,23.79,52.24,113,108,90,NORMAL,100,Synthetic simulation of FALSE_ALARM condition,synthetic
2026-09-16 05:43:59.344595+00:00,SYNTH_FALSE_009,dev_001,Kitchen,914,23.82,52.19,120,106,90,NORMAL,100,Synthetic simulation of FALSE_ALARM condition,synthetic
2026-09-16 05:44:00.344595+00:00,SYNTH_FALSE_009,dev_001,Kitchen,911,23.75,52.44,114,103,90,NORMAL,100,Synthetic simulation of FALSE_ALARM condition,synthetic
2026-09-16 05:44:01.344595+00:00,SYNTH_FALSE_009,dev_001,Kitchen,911,23.63,52.24,114,101,90,NORMAL,100,Synthetic simulation of FALSE_ALARM condition,synthetic
2026-09-16 05:44:02.344595+00:00,SYNTH_FALSE_009,dev_001,Kitchen,910,23.88,52.86,110,110,90,NORMAL,100,Synthetic simulation of FALSE_ALARM condition,synthetic
2026-09-16 05:44:03.344595+00:00,SYNTH_FALSE_009,dev_001,Kitchen,908,23.72,52.55,113,102,90,NORMAL,100,Synthetic simulation of FALSE_ALARM condition,synthetic
2026-09-16 05:44:04.344595+00:00,SYNTH_FALSE_009,dev_001,Kitchen,910,24.02,52.66,111,106,90,NORMAL,100,Synthetic simulation of FALSE_ALARM condition,synthetic
2026-09-16 05:44:05.344595+00:00,SYNTH_FALSE_009,dev_001,Kitchen,919,23.82,52.87,110,104,90,NORMAL,100,Synthetic simulation of FALSE_ALARM condition,synthetic
2026-09-16 05:44:06.344595+00:00,SYNTH_FALSE_009,dev_001,Kitchen,916,23.89,52.57,109,105,90,NORMAL,100,Synthetic simulation of FALSE_ALARM condition,synthetic
2026-09-16 05:44:07.344595+00:00,SYNTH_FALSE_009,dev_001,Kitchen,912,23.6,52.6,113,98,90,NORMAL,100,Synthetic simulation of FALSE_ALARM condition,synthetic
2026-09-16 05:44:08.344595+00:00,SYNTH_FALSE_009,dev_001,Kitchen,909,23.85,52.78,110,107,90,NORMAL,100,Synthetic simulation of FALSE_ALARM condition,synthetic
2026-09-16 05:44:09.344595+00:00,SYNTH_FALSE_009,dev_001,Kitchen,902,23.88,52.78,109,102,90,NORMAL,100,Synthetic simulation of FALSE_ALARM condition,synthetic
2026-09-16 05:44:10.344595+00:00,SYNTH_FALSE_009,dev_001,Kitchen,913,23.92,52.57,111,107,90,NORMAL,100,Synthetic simulation of FALSE_ALARM condition,synthetic
2026-09-16 05:44:11.344595+00:00,SYNTH_FALSE_009,dev_001,Kitchen,908,24.1,52.74,112,103,90,NORMAL,100,Synthetic simulation of FALSE_ALARM condition,synthetic
2026-09-16 05:44:12.344595+00:00,SYNTH_FALSE_009,dev_001,Kitchen,910,23.92,52.77,116,101,90,NORMAL,100,Synthetic simulation of FALSE_ALARM condition,synthetic
2026-09-16 05:44:13.344595+00:00,SYNTH_FALSE_009,dev_001,Kitchen,911,23.89,52.49,108,101,90,NORMAL,100,Synthetic simulation of FALSE_ALARM condition,synthetic
2026-09-16 05:44:14.344595+00:00,SYNTH_FALSE_009,dev_001,Kitchen,911,24.01,52.51,113,105,90,NORMAL,100,Synthetic simulation of FALSE_ALARM condition,synthetic
2026-09-16 05:44:15.344595+00:00,SYNTH_FALSE_009,dev_001,Kitchen,911,24.01,52.79,109,103,90,NORMAL,100,Synthetic simulation of FALSE_ALARM condition,synthetic
2026-09-16 05:44:16.344595+00:00,SYNTH_FALSE_009,dev_001,Kitchen,911,23.5,52.33,114,105,90,NORMAL,100,Synthetic simulation of FALSE_ALARM condition,synthetic
2026-09-16 05:44:17.344595+00:00,SYNTH_FALSE_009,dev_001,Kitchen,915,23.82,52.49,114,103,90,NORMAL,100,Synthetic simulation of FALSE_ALARM condition,synthetic
2026-09-16 05:44:18.344595+00:00,SYNTH_FALSE_009,dev_001,Kitchen,917,24.19,52.56,111,105,90,NORMAL,100,Synthetic simulation of FALSE_ALARM condition,synthetic
2026-09-16 05:44:19.344595+00:00,SYNTH_FALSE_009,dev_001,Kitchen,912,23.82,52.96,110,103,90,NORMAL,100,Synthetic simulation of FALSE_ALARM condition,synthetic
2026-09-16 05:44:20.344595+00:00,SYNTH_FALSE_009,dev_001,Kitchen,906,23.76,53.31,110,107,90,NORMAL,100,Synthetic simulation of FALSE_ALARM condition,synthetic
2026-09-16 05:44:21.344595+00:00,SYNTH_FALSE_009,dev_001,Kitchen,911,23.7,52.74,108,104,90,NORMAL,100,Synthetic simulation of FALSE_ALARM condition,synthetic
2026-09-16 05:44:22.344595+00:00,SYNTH_FALSE_009,dev_001,Kitchen,914,23.91,52.54,113,101,90,NORMAL,100,Synthetic simulation of FALSE_ALARM condition,synthetic
2026-09-16 05:44:23.344595+00:00,SYNTH_FALSE_009,dev_001,Kitchen,912,23.93,51.98,108,105,90,NORMAL,100,Synthetic simulation of FALSE_ALARM condition,synthetic
2026-09-16 05:44:24.344595+00:00,SYNTH_FALSE_009,dev_001,Kitchen,904,23.82,52.82,106,101,90,NORMAL,100,Synthetic simulation of FALSE_ALARM condition,synthetic
2026-09-16 05:44:25.344595+00:00,SYNTH_FALSE_009,dev_001,Kitchen,912,24.01,52.99,118,106,90,NORMAL,100,Synthetic simulation of FALSE_ALARM condition,synthetic
2026-09-16 05:44:26.344595+00:00,SYNTH_FALSE_009,dev_001,Kitchen,909,23.71,52.53,117,106,90,NORMAL,100,Synthetic simulation of FALSE_ALARM condition,synthetic
2026-09-16 05:44:27.344595+00:00,SYNTH_FALSE_009,dev_001,Kitchen,908,23.63,52.58,108,102,90,NORMAL,100,Synthetic simulation of FALSE_ALARM condition,synthetic
2026-09-16 05:44:28.344595+00:00,SYNTH_FALSE_009,dev_001,Kitchen,911,23.83,52.43,110,106,90,NORMAL,100,Synthetic simulation of FALSE_ALARM condition,synthetic
2026-09-16 05:44:29.344595+00:00,SYNTH_FALSE_009,dev_001,Kitchen,908,23.98,52.6,115,110,90,NORMAL,100,Synthetic simulation of FALSE_ALARM condition,synthetic
2026-09-16 05:44:30.344595+00:00,SYNTH_FALSE_009,dev_001,Kitchen,906,23.96,53.0,113,106,90,NORMAL,100,Synthetic simulation of FALSE_ALARM condition,synthetic
2026-09-16 05:44:31.344595+00:00,SYNTH_FALSE_009,dev_001,Kitchen,910,23.98,52.61,114,106,90,NORMAL,100,Synthetic simulation of FALSE_ALARM condition,synthetic
2026-09-16 05:44:32.344595+00:00,SYNTH_FALSE_009,dev_001,Kitchen,909,23.81,52.74,110,106,90,NORMAL,100,Synthetic simulation of FALSE_ALARM condition,synthetic
2026-09-16 05:44:33.344595+00:00,SYNTH_FALSE_009,dev_001,Kitchen,910,23.91,52.3,110,105,90,NORMAL,100,Synthetic simulation of FALSE_ALARM condition,synthetic
2026-09-16 05:44:34.344595+00:00,SYNTH_FALSE_009,dev_001,Kitchen,913,23.93,52.37,115,102,90,NORMAL,100,Synthetic simulation of FALSE_ALARM condition,synthetic
2026-09-16 05:44:35.344595+00:00,SYNTH_FALSE_009,dev_001,Kitchen,911,23.89,52.66,111,99,90,NORMAL,100,Synthetic simulation of FALSE_ALARM condition,synthetic
2026-09-16 05:44:36.344595+00:00,SYNTH_FALSE_009,dev_001,Kitchen,918,23.71,52.64,108,105,90,NORMAL,100,Synthetic simulation of FALSE_ALARM condition,synthetic
2026-09-16 05:44:37.344595+00:00,SYNTH_FALSE_009,dev_001,Kitchen,913,23.6,53.07,120,105,90,NORMAL,100,Synthetic simulation of FALSE_ALARM condition,synthetic
2026-09-16 05:44:38.344595+00:00,SYNTH_FALSE_009,dev_001,Kitchen,902,23.71,53.04,114,101,90,NORMAL,100,Synthetic simulation of FALSE_ALARM condition,synthetic
2026-09-16 05:44:39.344595+00:00,SYNTH_FALSE_009,dev_001,Kitchen,914,23.47,52.29,106,106,90,NORMAL,100,Synthetic simulation of FALSE_ALARM condition,synthetic
2026-09-16 05:44:40.344595+00:00,SYNTH_FALSE_009,dev_001,Kitchen,914,23.75,52.69,112,105,90,NORMAL,100,Synthetic simulation of FALSE_ALARM condition,synthetic
2026-09-16 05:44:41.344595+00:00,SYNTH_FALSE_009,dev_001,Kitchen,906,23.82,52.69,111,106,90,NORMAL,100,Synthetic simulation of FALSE_ALARM condition,synthetic
2026-09-16 05:44:42.344595+00:00,SYNTH_FALSE_009,dev_001,Kitchen,915,24.06,52.38,111,104,90,NORMAL,100,Synthetic simulation of FALSE_ALARM condition,synthetic
2026-09-16 05:44:43.344595+00:00,SYNTH_FALSE_009,dev_001,Kitchen,921,23.81,52.77,112,104,90,NORMAL,100,Synthetic simulation of FALSE_ALARM condition,synthetic
2026-09-16 05:44:44.344595+00:00,SYNTH_FALSE_009,dev_001,Kitchen,907,23.84,52.64,116,104,90,NORMAL,100,Synthetic simulation of FALSE_ALARM condition,synthetic
2026-09-16 05:44:45.344595+00:00,SYNTH_FALSE_009,dev_001,Kitchen,915,24.01,52.77,110,102,90,NORMAL,100,Synthetic simulation of FALSE_ALARM condition,synthetic
2026-09-16 05:44:46.344595+00:00,SYNTH_FALSE_009,dev_001,Kitchen,917,23.94,52.77,119,103,90,NORMAL,100,Synthetic simulation of FALSE_ALARM condition,synthetic
2026-09-16 05:44:47.344595+00:00,SYNTH_FALSE_009,dev_001,Kitchen,917,23.63,53.04,116,99,90,NORMAL,100,Synthetic simulation of FALSE_ALARM condition,synthetic
2026-09-16 05:44:48.344595+00:00,SYNTH_FALSE_009,dev_001,Kitchen,911,24.14,52.6,112,105,90,NORMAL,100,Synthetic simulation of FALSE_ALARM condition,synthetic
2026-09-16 05:44:49.344595+00:00,SYNTH_FALSE_009,dev_001,Kitchen,910,23.91,52.64,112,105,90,NORMAL,100,Synthetic simulation of FALSE_ALARM condition,synthetic
2026-09-16 05:44:50.344595+00:00,SYNTH_FALSE_009,dev_001,Kitchen,919,23.84,53.03,114,103,90,NORMAL,100,Synthetic simulation of FALSE_ALARM condition,synthetic
2026-09-16 05:44:51.344595+00:00,SYNTH_FALSE_009,dev_001,Kitchen,913,23.97,52.36,108,101,90,NORMAL,100,Synthetic simulation of FALSE_ALARM condition,synthetic
2026-09-16 05:44:52.344595+00:00,SYNTH_FALSE_009,dev_001,Kitchen,915,24.11,52.54,115,100,90,NORMAL,100,Synthetic simulation of FALSE_ALARM condition,synthetic
2026-09-16 05:42:53.346608+00:00,SYNTH_FALSE_010,dev_001,Kitchen,875,24.83,52.32,134,120,90,NORMAL,100,Synthetic simulation of FALSE_ALARM condition,synthetic
2026-09-16 05:42:54.346608+00:00,SYNTH_FALSE_010,dev_001,Kitchen,876,24.69,52.35,130,121,90,NORMAL,100,Synthetic simulation of FALSE_ALARM condition,synthetic
2026-09-16 05:42:55.346608+00:00,SYNTH_FALSE_010,dev_001,Kitchen,881,24.77,52.91,125,118,90,NORMAL,100,Synthetic simulation of FALSE_ALARM condition,synthetic
2026-09-16 05:42:56.346608+00:00,SYNTH_FALSE_010,dev_001,Kitchen,882,24.87,52.47,129,122,90,NORMAL,100,Synthetic simulation of FALSE_ALARM condition,synthetic
2026-09-16 05:42:57.346608+00:00,SYNTH_FALSE_010,dev_001,Kitchen,879,24.98,52.74,128,119,90,NORMAL,100,Synthetic simulation of FALSE_ALARM condition,synthetic
2026-09-16 05:42:58.346608+00:00,SYNTH_FALSE_010,dev_001,Kitchen,883,24.77,52.11,129,123,90,NORMAL,100,Synthetic simulation of FALSE_ALARM condition,synthetic
2026-09-16 05:42:59.346608+00:00,SYNTH_FALSE_010,dev_001,Kitchen,879,24.85,52.3,128,121,90,NORMAL,100,Synthetic simulation of FALSE_ALARM condition,synthetic
2026-09-16 05:43:00.346608+00:00,SYNTH_FALSE_010,dev_001,Kitchen,879,24.7,52.6,134,124,90,NORMAL,100,Synthetic simulation of FALSE_ALARM condition,synthetic
2026-09-16 05:43:01.346608+00:00,SYNTH_FALSE_010,dev_001,Kitchen,872,25.25,52.57,132,116,90,NORMAL,100,Synthetic simulation of FALSE_ALARM condition,synthetic
2026-09-16 05:43:02.346608+00:00,SYNTH_FALSE_010,dev_001,Kitchen,876,24.86,51.88,131,118,90,NORMAL,100,Synthetic simulation of FALSE_ALARM condition,synthetic
2026-09-16 05:43:03.346608+00:00,SYNTH_FALSE_010,dev_001,Kitchen,874,24.8,52.74,129,120,90,NORMAL,100,Synthetic simulation of FALSE_ALARM condition,synthetic
2026-09-16 05:43:04.346608+00:00,SYNTH_FALSE_010,dev_001,Kitchen,882,24.92,52.53,132,120,90,NORMAL,100,Synthetic simulation of FALSE_ALARM condition,synthetic
2026-09-16 05:43:05.346608+00:00,SYNTH_FALSE_010,dev_001,Kitchen,879,24.8,52.24,130,118,90,NORMAL,100,Synthetic simulation of FALSE_ALARM condition,synthetic
2026-09-16 05:43:06.346608+00:00,SYNTH_FALSE_010,dev_001,Kitchen,875,24.97,52.65,127,120,90,NORMAL,100,Synthetic simulation of FALSE_ALARM condition,synthetic
2026-09-16 05:43:07.346608+00:00,SYNTH_FALSE_010,dev_001,Kitchen,878,24.74,52.26,127,120,90,NORMAL,100,Synthetic simulation of FALSE_ALARM condition,synthetic
2026-09-16 05:43:08.346608+00:00,SYNTH_FALSE_010,dev_001,Kitchen,879,24.9,52.45,130,120,90,NORMAL,100,Synthetic simulation of FALSE_ALARM condition,synthetic
2026-09-16 05:43:09.346608+00:00,SYNTH_FALSE_010,dev_001,Kitchen,880,24.81,52.3,130,117,90,NORMAL,100,Synthetic simulation of FALSE_ALARM condition,synthetic
2026-09-16 05:43:10.346608+00:00,SYNTH_FALSE_010,dev_001,Kitchen,879,24.93,52.47,126,118,90,NORMAL,100,Synthetic simulation of FALSE_ALARM condition,synthetic
2026-09-16 05:43:11.346608+00:00,SYNTH_FALSE_010,dev_001,Kitchen,879,25.01,52.35,130,120,90,NORMAL,100,Synthetic simulation of FALSE_ALARM condition,synthetic
2026-09-16 05:43:12.346608+00:00,SYNTH_FALSE_010,dev_001,Kitchen,889,24.83,52.6,131,126,90,NORMAL,100,Synthetic simulation of FALSE_ALARM condition,synthetic
2026-09-16 05:43:13.346608+00:00,SYNTH_FALSE_010,dev_001,Kitchen,885,24.58,52.27,129,118,90,NORMAL,100,Synthetic simulation of FALSE_ALARM condition,synthetic
2026-09-16 05:43:14.346608+00:00,SYNTH_FALSE_010,dev_001,Kitchen,886,24.91,52.67,132,121,90,NORMAL,100,Synthetic simulation of FALSE_ALARM condition,synthetic
2026-09-16 05:43:15.346608+00:00,SYNTH_FALSE_010,dev_001,Kitchen,877,24.63,52.12,132,117,90,NORMAL,100,Synthetic simulation of FALSE_ALARM condition,synthetic
2026-09-16 05:43:16.346608+00:00,SYNTH_FALSE_010,dev_001,Kitchen,883,24.8,52.32,130,122,90,NORMAL,100,Synthetic simulation of FALSE_ALARM condition,synthetic
2026-09-16 05:43:17.346608+00:00,SYNTH_FALSE_010,dev_001,Kitchen,883,24.87,52.66,131,120,90,NORMAL,100,Synthetic simulation of FALSE_ALARM condition,synthetic
2026-09-16 05:43:18.346608+00:00,SYNTH_FALSE_010,dev_001,Kitchen,876,24.54,52.74,131,119,90,NORMAL,100,Synthetic simulation of FALSE_ALARM condition,synthetic
2026-09-16 05:43:19.346608+00:00,SYNTH_FALSE_010,dev_001,Kitchen,884,24.97,52.67,126,119,90,NORMAL,100,Synthetic simulation of FALSE_ALARM condition,synthetic
2026-09-16 05:43:20.346608+00:00,SYNTH_FALSE_010,dev_001,Kitchen,881,24.96,52.58,127,118,90,NORMAL,100,Synthetic simulation of FALSE_ALARM condition,synthetic
2026-09-16 05:43:21.346608+00:00,SYNTH_FALSE_010,dev_001,Kitchen,874,24.44,52.41,133,122,90,NORMAL,100,Synthetic simulation of FALSE_ALARM condition,synthetic
2026-09-16 05:43:22.346608+00:00,SYNTH_FALSE_010,dev_001,Kitchen,879,24.83,52.48,127,119,90,NORMAL,100,Synthetic simulation of FALSE_ALARM condition,synthetic
2026-09-16 05:43:23.346608+00:00,SYNTH_FALSE_010,dev_001,Kitchen,879,25.2,52.55,132,120,90,NORMAL,100,Synthetic simulation of FALSE_ALARM condition,synthetic
2026-09-16 05:43:24.346608+00:00,SYNTH_FALSE_010,dev_001,Kitchen,884,24.88,52.23,135,113,90,NORMAL,100,Synthetic simulation of FALSE_ALARM condition,synthetic
2026-09-16 05:43:25.346608+00:00,SYNTH_FALSE_010,dev_001,Kitchen,884,24.87,52.36,126,119,90,NORMAL,100,Synthetic simulation of FALSE_ALARM condition,synthetic
2026-09-16 05:43:26.346608+00:00,SYNTH_FALSE_010,dev_001,Kitchen,879,24.8,52.5,125,118,90,NORMAL,100,Synthetic simulation of FALSE_ALARM condition,synthetic
2026-09-16 05:43:27.346608+00:00,SYNTH_FALSE_010,dev_001,Kitchen,885,24.93,52.66,134,118,90,NORMAL,100,Synthetic simulation of FALSE_ALARM condition,synthetic
2026-09-16 05:43:28.346608+00:00,SYNTH_FALSE_010,dev_001,Kitchen,880,24.76,52.64,125,116,90,NORMAL,100,Synthetic simulation of FALSE_ALARM condition,synthetic
2026-09-16 05:43:29.346608+00:00,SYNTH_FALSE_010,dev_001,Kitchen,885,24.78,52.89,134,118,90,NORMAL,100,Synthetic simulation of FALSE_ALARM condition,synthetic
2026-09-16 05:43:30.346608+00:00,SYNTH_FALSE_010,dev_001,Kitchen,878,24.85,52.46,130,117,90,NORMAL,100,Synthetic simulation of FALSE_ALARM condition,synthetic
2026-09-16 05:43:31.346608+00:00,SYNTH_FALSE_010,dev_001,Kitchen,877,24.81,52.66,132,119,90,NORMAL,100,Synthetic simulation of FALSE_ALARM condition,synthetic
2026-09-16 05:43:32.346608+00:00,SYNTH_FALSE_010,dev_001,Kitchen,882,24.68,52.55,137,120,90,NORMAL,100,Synthetic simulation of FALSE_ALARM condition,synthetic
2026-09-16 05:43:33.346608+00:00,SYNTH_FALSE_010,dev_001,Kitchen,878,24.74,52.31,133,123,90,NORMAL,100,Synthetic simulation of FALSE_ALARM condition,synthetic
2026-09-16 05:43:34.346608+00:00,SYNTH_FALSE_010,dev_001,Kitchen,876,24.62,52.45,132,123,90,NORMAL,100,Synthetic simulation of FALSE_ALARM condition,synthetic
2026-09-16 05:43:35.346608+00:00,SYNTH_FALSE_010,dev_001,Kitchen,879,24.86,52.44,128,120,90,NORMAL,100,Synthetic simulation of FALSE_ALARM condition,synthetic
2026-09-16 05:43:36.346608+00:00,SYNTH_FALSE_010,dev_001,Kitchen,877,24.9,52.13,128,119,90,NORMAL,100,Synthetic simulation of FALSE_ALARM condition,synthetic
2026-09-16 05:43:37.346608+00:00,SYNTH_FALSE_010,dev_001,Kitchen,877,24.83,52.43,132,122,90,NORMAL,100,Synthetic simulation of FALSE_ALARM condition,synthetic
2026-09-16 05:43:38.346608+00:00,SYNTH_FALSE_010,dev_001,Kitchen,880,24.77,52.55,137,118,90,NORMAL,100,Synthetic simulation of FALSE_ALARM condition,synthetic
2026-09-16 05:43:39.346608+00:00,SYNTH_FALSE_010,dev_001,Kitchen,874,24.47,52.39,128,117,90,NORMAL,100,Synthetic simulation of FALSE_ALARM condition,synthetic
2026-09-16 05:43:40.346608+00:00,SYNTH_FALSE_010,dev_001,Kitchen,879,24.4,52.33,131,117,90,NORMAL,100,Synthetic simulation of FALSE_ALARM condition,synthetic
2026-09-16 05:43:41.346608+00:00,SYNTH_FALSE_010,dev_001,Kitchen,351,24.78,51.9,131,124,90,FALSE_ALARM,100,Synthetic simulation of FALSE_ALARM condition,synthetic
2026-09-16 05:43:42.346608+00:00,SYNTH_FALSE_010,dev_001,Kitchen,343,24.61,52.5,132,115,90,FALSE_ALARM,100,Synthetic simulation of FALSE_ALARM condition,synthetic
2026-09-16 05:43:43.346608+00:00,SYNTH_FALSE_010,dev_001,Kitchen,348,24.87,52.25,134,120,90,FALSE_ALARM,100,Synthetic simulation of FALSE_ALARM condition,synthetic
2026-09-16 05:43:44.346608+00:00,SYNTH_FALSE_010,dev_001,Kitchen,351,24.89,52.54,134,120,90,FALSE_ALARM,100,Synthetic simulation of FALSE_ALARM condition,synthetic
2026-09-16 05:43:45.346608+00:00,SYNTH_FALSE_010,dev_001,Kitchen,346,24.64,52.32,130,120,90,FALSE_ALARM,100,Synthetic simulation of FALSE_ALARM condition,synthetic
2026-09-16 05:43:46.346608+00:00,SYNTH_FALSE_010,dev_001,Kitchen,344,24.93,52.44,126,120,90,FALSE_ALARM,100,Synthetic simulation of FALSE_ALARM condition,synthetic
2026-09-16 05:43:47.346608+00:00,SYNTH_FALSE_010,dev_001,Kitchen,877,25.03,52.77,132,120,90,NORMAL,100,Synthetic simulation of FALSE_ALARM condition,synthetic
2026-09-16 05:43:48.346608+00:00,SYNTH_FALSE_010,dev_001,Kitchen,884,24.9,51.93,129,121,90,NORMAL,100,Synthetic simulation of FALSE_ALARM condition,synthetic
2026-09-16 05:43:49.346608+00:00,SYNTH_FALSE_010,dev_001,Kitchen,882,24.75,52.97,130,124,90,NORMAL,100,Synthetic simulation of FALSE_ALARM condition,synthetic
2026-09-16 05:43:50.346608+00:00,SYNTH_FALSE_010,dev_001,Kitchen,880,25.07,52.19,134,118,90,NORMAL,100,Synthetic simulation of FALSE_ALARM condition,synthetic
2026-09-16 05:43:51.346608+00:00,SYNTH_FALSE_010,dev_001,Kitchen,877,24.95,52.87,119,125,90,NORMAL,100,Synthetic simulation of FALSE_ALARM condition,synthetic
2026-09-16 05:43:52.346608+00:00,SYNTH_FALSE_010,dev_001,Kitchen,889,24.86,52.63,128,119,90,NORMAL,100,Synthetic simulation of FALSE_ALARM condition,synthetic
2026-09-16 05:43:53.346608+00:00,SYNTH_FALSE_010,dev_001,Kitchen,884,24.84,53.22,128,120,90,NORMAL,100,Synthetic simulation of FALSE_ALARM condition,synthetic
2026-09-16 05:43:54.346608+00:00,SYNTH_FALSE_010,dev_001,Kitchen,886,24.79,52.31,131,117,90,NORMAL,100,Synthetic simulation of FALSE_ALARM condition,synthetic
2026-09-16 05:43:55.346608+00:00,SYNTH_FALSE_010,dev_001,Kitchen,875,24.57,52.45,124,120,90,NORMAL,100,Synthetic simulation of FALSE_ALARM condition,synthetic
2026-09-16 05:43:56.346608+00:00,SYNTH_FALSE_010,dev_001,Kitchen,880,24.84,52.56,127,116,90,NORMAL,100,Synthetic simulation of FALSE_ALARM condition,synthetic
2026-09-16 05:43:57.346608+00:00,SYNTH_FALSE_010,dev_001,Kitchen,885,24.64,52.27,131,120,90,NORMAL,100,Synthetic simulation of FALSE_ALARM condition,synthetic
2026-09-16 05:43:58.346608+00:00,SYNTH_FALSE_010,dev_001,Kitchen,882,24.68,52.38,134,121,90,NORMAL,100,Synthetic simulation of FALSE_ALARM condition,synthetic
2026-09-16 05:43:59.346608+00:00,SYNTH_FALSE_010,dev_001,Kitchen,880,24.76,52.36,132,115,90,NORMAL,100,Synthetic simulation of FALSE_ALARM condition,synthetic
2026-09-16 05:44:00.346608+00:00,SYNTH_FALSE_010,dev_001,Kitchen,882,24.53,53.03,131,119,90,NORMAL,100,Synthetic simulation of FALSE_ALARM condition,synthetic
2026-09-16 05:44:01.346608+00:00,SYNTH_FALSE_010,dev_001,Kitchen,883,25.17,52.09,132,116,90,NORMAL,100,Synthetic simulation of FALSE_ALARM condition,synthetic
2026-09-16 05:44:02.346608+00:00,SYNTH_FALSE_010,dev_001,Kitchen,882,24.92,52.27,132,121,90,NORMAL,100,Synthetic simulation of FALSE_ALARM condition,synthetic
2026-09-16 05:44:03.346608+00:00,SYNTH_FALSE_010,dev_001,Kitchen,883,24.88,52.29,128,121,90,NORMAL,100,Synthetic simulation of FALSE_ALARM condition,synthetic
2026-09-16 05:44:04.346608+00:00,SYNTH_FALSE_010,dev_001,Kitchen,879,24.84,52.4,133,116,90,NORMAL,100,Synthetic simulation of FALSE_ALARM condition,synthetic
2026-09-16 05:44:05.346608+00:00,SYNTH_FALSE_010,dev_001,Kitchen,882,25.07,52.49,130,118,90,NORMAL,100,Synthetic simulation of FALSE_ALARM condition,synthetic
2026-09-16 05:44:06.346608+00:00,SYNTH_FALSE_010,dev_001,Kitchen,880,24.88,52.35,129,117,90,NORMAL,100,Synthetic simulation of FALSE_ALARM condition,synthetic
2026-09-16 05:44:07.346608+00:00,SYNTH_FALSE_010,dev_001,Kitchen,880,24.77,51.93,131,120,90,NORMAL,100,Synthetic simulation of FALSE_ALARM condition,synthetic
2026-09-16 05:44:08.346608+00:00,SYNTH_FALSE_010,dev_001,Kitchen,875,25.17,52.38,126,118,90,NORMAL,100,Synthetic simulation of FALSE_ALARM condition,synthetic
2026-09-16 05:44:09.346608+00:00,SYNTH_FALSE_010,dev_001,Kitchen,880,24.87,52.37,136,122,90,NORMAL,100,Synthetic simulation of FALSE_ALARM condition,synthetic
2026-09-16 05:44:10.346608+00:00,SYNTH_FALSE_010,dev_001,Kitchen,884,24.68,52.65,130,123,90,NORMAL,100,Synthetic simulation of FALSE_ALARM condition,synthetic
2026-09-16 05:44:11.346608+00:00,SYNTH_FALSE_010,dev_001,Kitchen,886,24.54,52.54,130,120,90,NORMAL,100,Synthetic simulation of FALSE_ALARM condition,synthetic
2026-09-16 05:44:12.346608+00:00,SYNTH_FALSE_010,dev_001,Kitchen,878,24.66,52.75,133,114,90,NORMAL,100,Synthetic simulation of FALSE_ALARM condition,synthetic
2026-09-16 05:44:13.346608+00:00,SYNTH_FALSE_010,dev_001,Kitchen,878,24.69,52.61,128,122,90,NORMAL,100,Synthetic simulation of FALSE_ALARM condition,synthetic
2026-09-16 05:44:14.346608+00:00,SYNTH_FALSE_010,dev_001,Kitchen,878,24.74,52.69,127,115,90,NORMAL,100,Synthetic simulation of FALSE_ALARM condition,synthetic
2026-09-16 05:44:15.346608+00:00,SYNTH_FALSE_010,dev_001,Kitchen,886,24.87,52.31,131,120,90,NORMAL,100,Synthetic simulation of FALSE_ALARM condition,synthetic
2026-09-16 05:44:16.346608+00:00,SYNTH_FALSE_010,dev_001,Kitchen,884,24.82,52.6,135,122,90,NORMAL,100,Synthetic simulation of FALSE_ALARM condition,synthetic
2026-09-16 05:44:17.346608+00:00,SYNTH_FALSE_010,dev_001,Kitchen,882,24.41,52.47,128,124,90,NORMAL,100,Synthetic simulation of FALSE_ALARM condition,synthetic
2026-09-16 05:44:18.346608+00:00,SYNTH_FALSE_010,dev_001,Kitchen,878,24.77,52.79,136,124,90,NORMAL,100,Synthetic simulation of FALSE_ALARM condition,synthetic
2026-09-16 05:44:19.346608+00:00,SYNTH_FALSE_010,dev_001,Kitchen,886,24.95,52.75,130,118,90,NORMAL,100,Synthetic simulation of FALSE_ALARM condition,synthetic
2026-09-16 05:44:20.346608+00:00,SYNTH_FALSE_010,dev_001,Kitchen,880,24.81,52.42,133,120,90,NORMAL,100,Synthetic simulation of FALSE_ALARM condition,synthetic
2026-09-16 05:44:21.346608+00:00,SYNTH_FALSE_010,dev_001,Kitchen,885,24.74,52.68,132,117,90,NORMAL,100,Synthetic simulation of FALSE_ALARM condition,synthetic
2026-09-16 05:44:22.346608+00:00,SYNTH_FALSE_010,dev_001,Kitchen,888,24.83,53.13,127,123,90,NORMAL,100,Synthetic simulation of FALSE_ALARM condition,synthetic
2026-09-16 05:44:23.346608+00:00,SYNTH_FALSE_010,dev_001,Kitchen,885,24.72,52.05,128,121,90,NORMAL,100,Synthetic simulation of FALSE_ALARM condition,synthetic
2026-09-16 05:44:24.346608+00:00,SYNTH_FALSE_010,dev_001,Kitchen,882,24.64,52.65,126,118,90,NORMAL,100,Synthetic simulation of FALSE_ALARM condition,synthetic
2026-09-16 05:44:25.346608+00:00,SYNTH_FALSE_010,dev_001,Kitchen,877,24.77,52.01,126,116,90,NORMAL,100,Synthetic simulation of FALSE_ALARM condition,synthetic
2026-09-16 05:44:26.346608+00:00,SYNTH_FALSE_010,dev_001,Kitchen,884,24.6,52.38,131,120,90,NORMAL,100,Synthetic simulation of FALSE_ALARM condition,synthetic
2026-09-16 05:44:27.346608+00:00,SYNTH_FALSE_010,dev_001,Kitchen,881,24.97,52.45,127,123,90,NORMAL,100,Synthetic simulation of FALSE_ALARM condition,synthetic
2026-09-16 05:44:28.346608+00:00,SYNTH_FALSE_010,dev_001,Kitchen,877,25.14,52.44,134,117,90,NORMAL,100,Synthetic simulation of FALSE_ALARM condition,synthetic
2026-09-16 05:44:29.346608+00:00,SYNTH_FALSE_010,dev_001,Kitchen,879,24.7,52.44,129,120,90,NORMAL,100,Synthetic simulation of FALSE_ALARM condition,synthetic
2026-09-16 05:44:30.346608+00:00,SYNTH_FALSE_010,dev_001,Kitchen,880,24.4,52.18,125,121,90,NORMAL,100,Synthetic simulation of FALSE_ALARM condition,synthetic
2026-09-16 05:44:31.346608+00:00,SYNTH_FALSE_010,dev_001,Kitchen,886,24.8,52.21,130,121,90,NORMAL,100,Synthetic simulation of FALSE_ALARM condition,synthetic
2026-09-16 05:44:32.346608+00:00,SYNTH_FALSE_010,dev_001,Kitchen,881,24.88,52.61,125,116,90,NORMAL,100,Synthetic simulation of FALSE_ALARM condition,synthetic
2026-09-16 05:44:33.346608+00:00,SYNTH_FALSE_010,dev_001,Kitchen,877,24.79,52.7,131,120,90,NORMAL,100,Synthetic simulation of FALSE_ALARM condition,synthetic
2026-09-16 05:44:34.346608+00:00,SYNTH_FALSE_010,dev_001,Kitchen,887,24.79,52.83,131,125,90,NORMAL,100,Synthetic simulation of FALSE_ALARM condition,synthetic
2026-09-16 05:44:35.346608+00:00,SYNTH_FALSE_010,dev_001,Kitchen,872,24.81,52.45,132,122,90,NORMAL,100,Synthetic simulation of FALSE_ALARM condition,synthetic
2026-09-16 05:44:36.346608+00:00,SYNTH_FALSE_010,dev_001,Kitchen,879,24.79,52.37,126,122,90,NORMAL,100,Synthetic simulation of FALSE_ALARM condition,synthetic
2026-09-16 05:44:37.346608+00:00,SYNTH_FALSE_010,dev_001,Kitchen,880,24.68,52.65,128,120,90,NORMAL,100,Synthetic simulation of FALSE_ALARM condition,synthetic
2026-09-16 05:44:38.346608+00:00,SYNTH_FALSE_010,dev_001,Kitchen,882,25.28,52.08,124,118,90,NORMAL,100,Synthetic simulation of FALSE_ALARM condition,synthetic
2026-09-16 05:44:39.346608+00:00,SYNTH_FALSE_010,dev_001,Kitchen,879,24.8,51.9,130,117,90,NORMAL,100,Synthetic simulation of FALSE_ALARM condition,synthetic
2026-09-16 05:44:40.346608+00:00,SYNTH_FALSE_010,dev_001,Kitchen,881,25.08,52.89,127,115,90,NORMAL,100,Synthetic simulation of FALSE_ALARM condition,synthetic
2026-09-16 05:44:41.346608+00:00,SYNTH_FALSE_010,dev_001,Kitchen,879,24.64,52.48,129,118,90,NORMAL,100,Synthetic simulation of FALSE_ALARM condition,synthetic
2026-09-16 05:44:42.346608+00:00,SYNTH_FALSE_010,dev_001,Kitchen,880,24.91,52.56,132,116,90,NORMAL,100,Synthetic simulation of FALSE_ALARM condition,synthetic
2026-09-16 05:44:43.346608+00:00,SYNTH_FALSE_010,dev_001,Kitchen,878,24.6,52.85,132,120,90,NORMAL,100,Synthetic simulation of FALSE_ALARM condition,synthetic
2026-09-16 05:44:44.346608+00:00,SYNTH_FALSE_010,dev_001,Kitchen,882,24.67,52.47,134,122,90,NORMAL,100,Synthetic simulation of FALSE_ALARM condition,synthetic
2026-09-16 05:44:45.346608+00:00,SYNTH_FALSE_010,dev_001,Kitchen,881,24.78,52.59,129,116,90,NORMAL,100,Synthetic simulation of FALSE_ALARM condition,synthetic
2026-09-16 05:44:46.346608+00:00,SYNTH_FALSE_010,dev_001,Kitchen,878,25.29,52.77,128,122,90,NORMAL,100,Synthetic simulation of FALSE_ALARM condition,synthetic
2026-09-16 05:44:47.346608+00:00,SYNTH_FALSE_010,dev_001,Kitchen,881,24.82,52.6,132,116,90,NORMAL,100,Synthetic simulation of FALSE_ALARM condition,synthetic
2026-09-16 05:44:48.346608+00:00,SYNTH_FALSE_010,dev_001,Kitchen,879,25.03,53.03,126,117,90,NORMAL,100,Synthetic simulation of FALSE_ALARM condition,synthetic
2026-09-16 05:44:49.346608+00:00,SYNTH_FALSE_010,dev_001,Kitchen,882,24.57,52.96,130,118,90,NORMAL,100,Synthetic simulation of FALSE_ALARM condition,synthetic
2026-09-16 05:44:50.346608+00:00,SYNTH_FALSE_010,dev_001,Kitchen,882,25.02,52.61,129,123,90,NORMAL,100,Synthetic simulation of FALSE_ALARM condition,synthetic
2026-09-16 05:44:51.346608+00:00,SYNTH_FALSE_010,dev_001,Kitchen,886,24.64,52.69,130,116,90,NORMAL,100,Synthetic simulation of FALSE_ALARM condition,synthetic
2026-09-16 05:44:52.346608+00:00,SYNTH_FALSE_010,dev_001,Kitchen,885,24.95,52.4,127,121,90,NORMAL,100,Synthetic simulation of FALSE_ALARM condition,synthetic
2026-09-16 05:42:53.300796+00:00,SYNTH_FIRE_001,dev_001,Kitchen,919,24.66,54.5,125,109,90,NORMAL,100,Synthetic simulation of FIRE condition,synthetic
2026-09-16 05:42:54.300796+00:00,SYNTH_FIRE_001,dev_001,Kitchen,910,24.51,54.36,124,112,90,NORMAL,100,Synthetic simulation of FIRE condition,synthetic
2026-09-16 05:42:55.300796+00:00,SYNTH_FIRE_001,dev_001,Kitchen,917,24.87,54.27,125,110,90,NORMAL,100,Synthetic simulation of FIRE condition,synthetic
2026-09-16 05:42:56.300796+00:00,SYNTH_FIRE_001,dev_001,Kitchen,913,24.72,54.62,128,112,90,NORMAL,100,Synthetic simulation of FIRE condition,synthetic
2026-09-16 05:42:57.300796+00:00,SYNTH_FIRE_001,dev_001,Kitchen,912,24.48,54.47,126,114,90,NORMAL,100,Synthetic simulation of FIRE condition,synthetic
2026-09-16 05:42:58.300796+00:00,SYNTH_FIRE_001,dev_001,Kitchen,913,24.5,54.23,131,114,90,NORMAL,100,Synthetic simulation of FIRE condition,synthetic
2026-09-16 05:42:59.300796+00:00,SYNTH_FIRE_001,dev_001,Kitchen,917,24.43,54.88,134,108,90,NORMAL,100,Synthetic simulation of FIRE condition,synthetic
2026-09-16 05:43:00.300796+00:00,SYNTH_FIRE_001,dev_001,Kitchen,914,24.38,54.3,123,114,90,NORMAL,100,Synthetic simulation of FIRE condition,synthetic
2026-09-16 05:43:01.300796+00:00,SYNTH_FIRE_001,dev_001,Kitchen,916,24.92,54.57,124,113,90,NORMAL,100,Synthetic simulation of FIRE condition,synthetic
2026-09-16 05:43:02.300796+00:00,SYNTH_FIRE_001,dev_001,Kitchen,916,24.7,54.67,131,114,90,NORMAL,100,Synthetic simulation of FIRE condition,synthetic
2026-09-16 05:43:03.300796+00:00,SYNTH_FIRE_001,dev_001,Kitchen,911,24.71,54.2,125,116,90,NORMAL,100,Synthetic simulation of FIRE condition,synthetic
2026-09-16 05:43:04.300796+00:00,SYNTH_FIRE_001,dev_001,Kitchen,923,24.39,54.55,126,112,90,NORMAL,100,Synthetic simulation of FIRE condition,synthetic
2026-09-16 05:43:05.300796+00:00,SYNTH_FIRE_001,dev_001,Kitchen,919,24.54,54.78,125,111,90,NORMAL,100,Synthetic simulation of FIRE condition,synthetic
2026-09-16 05:43:06.300796+00:00,SYNTH_FIRE_001,dev_001,Kitchen,914,24.49,54.86,121,114,90,NORMAL,100,Synthetic simulation of FIRE condition,synthetic
2026-09-16 05:43:07.300796+00:00,SYNTH_FIRE_001,dev_001,Kitchen,911,24.61,55.27,127,114,90,NORMAL,100,Synthetic simulation of FIRE condition,synthetic
2026-09-16 05:43:08.300796+00:00,SYNTH_FIRE_001,dev_001,Kitchen,917,24.63,54.98,125,115,90,NORMAL,100,Synthetic simulation of FIRE condition,synthetic
2026-09-16 05:43:09.300796+00:00,SYNTH_FIRE_001,dev_001,Kitchen,911,24.39,54.53,126,115,90,NORMAL,100,Synthetic simulation of FIRE condition,synthetic
2026-09-16 05:43:10.300796+00:00,SYNTH_FIRE_001,dev_001,Kitchen,916,24.22,54.86,123,110,90,NORMAL,100,Synthetic simulation of FIRE condition,synthetic
2026-09-16 05:43:11.300796+00:00,SYNTH_FIRE_001,dev_001,Kitchen,923,24.35,54.49,128,113,90,NORMAL,100,Synthetic simulation of FIRE condition,synthetic
2026-09-16 05:43:12.300796+00:00,SYNTH_FIRE_001,dev_001,Kitchen,915,24.51,54.52,123,116,90,NORMAL,100,Synthetic simulation of FIRE condition,synthetic
2026-09-16 05:43:13.300796+00:00,SYNTH_FIRE_001,dev_001,Kitchen,914,24.69,54.36,130,113,90,NORMAL,100,Synthetic simulation of FIRE condition,synthetic
2026-09-16 05:43:14.300796+00:00,SYNTH_FIRE_001,dev_001,Kitchen,913,24.58,55.24,129,109,90,NORMAL,100,Synthetic simulation of FIRE condition,synthetic
2026-09-16 05:43:15.300796+00:00,SYNTH_FIRE_001,dev_001,Kitchen,919,24.56,54.68,130,111,90,NORMAL,100,Synthetic simulation of FIRE condition,synthetic
2026-09-16 05:43:16.300796+00:00,SYNTH_FIRE_001,dev_001,Kitchen,919,24.52,55.04,130,111,90,NORMAL,100,Synthetic simulation of FIRE condition,synthetic
2026-09-16 05:43:17.300796+00:00,SYNTH_FIRE_001,dev_001,Kitchen,902,25.54,42.62,135,124,45,FIRE,100,Synthetic simulation of FIRE condition,synthetic
2026-09-16 05:43:18.300796+00:00,SYNTH_FIRE_001,dev_001,Kitchen,901,25.62,42.38,128,124,45,FIRE,100,Synthetic simulation of FIRE condition,synthetic
2026-09-16 05:43:19.300796+00:00,SYNTH_FIRE_001,dev_001,Kitchen,894,26.06,42.73,145,128,45,FIRE,100,Synthetic simulation of FIRE condition,synthetic
2026-09-16 05:43:20.300796+00:00,SYNTH_FIRE_001,dev_001,Kitchen,896,26.25,42.47,138,133,45,FIRE,100,Synthetic simulation of FIRE condition,synthetic
2026-09-16 05:43:21.300796+00:00,SYNTH_FIRE_001,dev_001,Kitchen,893,26.88,42.55,145,141,45,FIRE,100,Synthetic simulation of FIRE condition,synthetic
2026-09-16 05:43:22.300796+00:00,SYNTH_FIRE_001,dev_001,Kitchen,873,27.21,43.22,151,144,45,FIRE,100,Synthetic simulation of FIRE condition,synthetic
2026-09-16 05:43:23.300796+00:00,SYNTH_FIRE_001,dev_001,Kitchen,869,27.92,42.76,159,151,45,FIRE,100,Synthetic simulation of FIRE condition,synthetic
2026-09-16 05:43:24.300796+00:00,SYNTH_FIRE_001,dev_001,Kitchen,860,28.57,42.72,157,159,45,FIRE,100,Synthetic simulation of FIRE condition,synthetic
2026-09-16 05:43:25.300796+00:00,SYNTH_FIRE_001,dev_001,Kitchen,847,29.25,42.72,170,169,45,FIRE,100,Synthetic simulation of FIRE condition,synthetic
2026-09-16 05:43:26.300796+00:00,SYNTH_FIRE_001,dev_001,Kitchen,842,30.29,43.14,165,180,45,FIRE,100,Synthetic simulation of FIRE condition,synthetic
2026-09-16 05:43:27.300796+00:00,SYNTH_FIRE_001,dev_001,Kitchen,826,31.56,42.47,182,195,45,FIRE,100,Synthetic simulation of FIRE condition,synthetic
2026-09-16 05:43:28.300796+00:00,SYNTH_FIRE_001,dev_001,Kitchen,805,32.95,42.7,193,211,45,FIRE,100,Synthetic simulation of FIRE condition,synthetic
2026-09-16 05:43:29.300796+00:00,SYNTH_FIRE_001,dev_001,Kitchen,778,34.68,42.94,208,225,45,FIRE,100,Synthetic simulation of FIRE condition,synthetic
2026-09-16 05:43:30.300796+00:00,SYNTH_FIRE_001,dev_001,Kitchen,764,36.41,43.04,223,255,45,FIRE,100,Synthetic simulation of FIRE condition,synthetic
2026-09-16 05:43:31.300796+00:00,SYNTH_FIRE_001,dev_001,Kitchen,731,38.51,42.72,244,281,45,FIRE,100,Synthetic simulation of FIRE condition,synthetic
2026-09-16 05:43:32.300796+00:00,SYNTH_FIRE_001,dev_001,Kitchen,701,41.1,42.89,262,308,45,FIRE,100,Synthetic simulation of FIRE condition,synthetic
2026-09-16 05:43:33.300796+00:00,SYNTH_FIRE_001,dev_001,Kitchen,662,43.29,42.79,284,333,45,FIRE,100,Synthetic simulation of FIRE condition,synthetic
2026-09-16 05:43:34.300796+00:00,SYNTH_FIRE_001,dev_001,Kitchen,631,46.14,42.7,302,365,45,FIRE,100,Synthetic simulation of FIRE condition,synthetic
2026-09-16 05:43:35.300796+00:00,SYNTH_FIRE_001,dev_001,Kitchen,601,48.75,42.44,325,397,45,FIRE,100,Synthetic simulation of FIRE condition,synthetic
2026-09-16 05:43:36.300796+00:00,SYNTH_FIRE_001,dev_001,Kitchen,555,51.35,42.63,351,432,45,FIRE,100,Synthetic simulation of FIRE condition,synthetic
2026-09-16 05:43:37.300796+00:00,SYNTH_FIRE_001,dev_001,Kitchen,524,54.41,42.63,377,468,45,FIRE,100,Synthetic simulation of FIRE condition,synthetic
2026-09-16 05:43:38.300796+00:00,SYNTH_FIRE_001,dev_001,Kitchen,486,57.15,42.63,395,492,45,FIRE,100,Synthetic simulation of FIRE condition,synthetic
2026-09-16 05:43:39.300796+00:00,SYNTH_FIRE_001,dev_001,Kitchen,458,59.71,42.61,421,527,45,FIRE,100,Synthetic simulation of FIRE condition,synthetic
2026-09-16 05:43:40.300796+00:00,SYNTH_FIRE_001,dev_001,Kitchen,428,62.08,42.75,443,551,45,FIRE,100,Synthetic simulation of FIRE condition,synthetic
2026-09-16 05:43:41.300796+00:00,SYNTH_FIRE_001,dev_001,Kitchen,391,64.44,42.79,464,579,45,FIRE,100,Synthetic simulation of FIRE condition,synthetic
2026-09-16 05:43:42.300796+00:00,SYNTH_FIRE_001,dev_001,Kitchen,365,66.21,42.39,478,606,45,FIRE,100,Synthetic simulation of FIRE condition,synthetic
2026-09-16 05:43:43.300796+00:00,SYNTH_FIRE_001,dev_001,Kitchen,347,67.99,42.41,496,625,45,FIRE,100,Synthetic simulation of FIRE condition,synthetic
2026-09-16 05:43:44.300796+00:00,SYNTH_FIRE_001,dev_001,Kitchen,335,69.51,43.02,510,644,45,FIRE,100,Synthetic simulation of FIRE condition,synthetic
2026-09-16 05:43:45.300796+00:00,SYNTH_FIRE_001,dev_001,Kitchen,299,70.75,42.84,513,654,45,FIRE,100,Synthetic simulation of FIRE condition,synthetic
2026-09-16 05:43:46.300796+00:00,SYNTH_FIRE_001,dev_001,Kitchen,292,71.85,42.59,525,672,45,FIRE,100,Synthetic simulation of FIRE condition,synthetic
2026-09-16 05:43:47.300796+00:00,SYNTH_FIRE_001,dev_001,Kitchen,279,73.15,42.67,536,678,45,FIRE,100,Synthetic simulation of FIRE condition,synthetic
2026-09-16 05:43:48.300796+00:00,SYNTH_FIRE_001,dev_001,Kitchen,265,73.74,42.79,546,694,45,FIRE,100,Synthetic simulation of FIRE condition,synthetic
2026-09-16 05:43:49.300796+00:00,SYNTH_FIRE_001,dev_001,Kitchen,265,74.29,42.45,547,697,45,FIRE,100,Synthetic simulation of FIRE condition,synthetic
2026-09-16 05:43:50.300796+00:00,SYNTH_FIRE_001,dev_001,Kitchen,255,75.12,42.63,551,703,45,FIRE,100,Synthetic simulation of FIRE condition,synthetic
2026-09-16 05:43:51.300796+00:00,SYNTH_FIRE_001,dev_001,Kitchen,239,75.43,43.06,550,708,45,FIRE,100,Synthetic simulation of FIRE condition,synthetic
2026-09-16 05:43:52.300796+00:00,SYNTH_FIRE_001,dev_001,Kitchen,245,75.65,42.68,556,711,45,FIRE,100,Synthetic simulation of FIRE condition,synthetic
2026-09-16 05:43:53.300796+00:00,SYNTH_FIRE_001,dev_001,Kitchen,241,76.16,42.95,562,721,45,FIRE,100,Synthetic simulation of FIRE condition,synthetic
2026-09-16 05:43:54.300796+00:00,SYNTH_FIRE_001,dev_001,Kitchen,234,76.53,42.41,560,717,45,FIRE,100,Synthetic simulation of FIRE condition,synthetic
2026-09-16 05:43:55.300796+00:00,SYNTH_FIRE_001,dev_001,Kitchen,227,76.41,43.04,563,726,45,FIRE,100,Synthetic simulation of FIRE condition,synthetic
2026-09-16 05:43:56.300796+00:00,SYNTH_FIRE_001,dev_001,Kitchen,220,76.92,42.47,565,724,45,FIRE,100,Synthetic simulation of FIRE condition,synthetic
2026-09-16 05:43:57.300796+00:00,SYNTH_FIRE_001,dev_001,Kitchen,225,76.7,42.7,566,729,45,FIRE,100,Synthetic simulation of FIRE condition,synthetic
2026-09-16 05:43:58.300796+00:00,SYNTH_FIRE_001,dev_001,Kitchen,229,76.94,42.49,566,730,45,FIRE,100,Synthetic simulation of FIRE condition,synthetic
2026-09-16 05:43:59.300796+00:00,SYNTH_FIRE_001,dev_001,Kitchen,235,76.72,42.88,569,733,45,FIRE,100,Synthetic simulation of FIRE condition,synthetic
2026-09-16 05:44:00.300796+00:00,SYNTH_FIRE_001,dev_001,Kitchen,222,77.07,42.75,570,730,45,FIRE,100,Synthetic simulation of FIRE condition,synthetic
2026-09-16 05:44:01.300796+00:00,SYNTH_FIRE_001,dev_001,Kitchen,221,77.01,42.78,569,735,45,FIRE,100,Synthetic simulation of FIRE condition,synthetic
2026-09-16 05:44:02.300796+00:00,SYNTH_FIRE_001,dev_001,Kitchen,226,77.49,42.45,571,732,45,FIRE,100,Synthetic simulation of FIRE condition,synthetic
2026-09-16 05:44:03.300796+00:00,SYNTH_FIRE_001,dev_001,Kitchen,221,77.35,42.26,570,731,45,FIRE,100,Synthetic simulation of FIRE condition,synthetic
2026-09-16 05:44:04.300796+00:00,SYNTH_FIRE_001,dev_001,Kitchen,223,77.62,42.27,575,729,45,FIRE,100,Synthetic simulation of FIRE condition,synthetic
2026-09-16 05:44:05.300796+00:00,SYNTH_FIRE_001,dev_001,Kitchen,219,77.28,42.79,573,734,45,FIRE,100,Synthetic simulation of FIRE condition,synthetic
2026-09-16 05:44:06.300796+00:00,SYNTH_FIRE_001,dev_001,Kitchen,223,77.54,42.82,570,739,45,FIRE,100,Synthetic simulation of FIRE condition,synthetic
2026-09-16 05:44:07.300796+00:00,SYNTH_FIRE_001,dev_001,Kitchen,220,77.3,42.93,569,733,45,FIRE,100,Synthetic simulation of FIRE condition,synthetic
2026-09-16 05:44:08.300796+00:00,SYNTH_FIRE_001,dev_001,Kitchen,220,77.71,42.88,572,732,45,FIRE,100,Synthetic simulation of FIRE condition,synthetic
2026-09-16 05:44:09.300796+00:00,SYNTH_FIRE_001,dev_001,Kitchen,228,77.2,42.58,572,733,45,FIRE,100,Synthetic simulation of FIRE condition,synthetic
2026-09-16 05:44:10.300796+00:00,SYNTH_FIRE_001,dev_001,Kitchen,223,77.51,42.06,569,733,45,FIRE,100,Synthetic simulation of FIRE condition,synthetic
2026-09-16 05:44:11.300796+00:00,SYNTH_FIRE_001,dev_001,Kitchen,222,77.2,42.57,568,735,45,FIRE,100,Synthetic simulation of FIRE condition,synthetic
2026-09-16 05:44:12.300796+00:00,SYNTH_FIRE_001,dev_001,Kitchen,225,77.51,42.42,577,733,45,FIRE,100,Synthetic simulation of FIRE condition,synthetic
2026-09-16 05:44:13.300796+00:00,SYNTH_FIRE_001,dev_001,Kitchen,220,77.32,43.03,570,735,45,FIRE,100,Synthetic simulation of FIRE condition,synthetic
2026-09-16 05:44:14.300796+00:00,SYNTH_FIRE_001,dev_001,Kitchen,220,77.79,42.41,572,731,45,FIRE,100,Synthetic simulation of FIRE condition,synthetic
2026-09-16 05:44:15.300796+00:00,SYNTH_FIRE_001,dev_001,Kitchen,219,77.68,42.68,573,737,45,FIRE,100,Synthetic simulation of FIRE condition,synthetic
2026-09-16 05:44:16.300796+00:00,SYNTH_FIRE_001,dev_001,Kitchen,216,77.21,42.53,570,727,45,FIRE,100,Synthetic simulation of FIRE condition,synthetic
2026-09-16 05:44:17.300796+00:00,SYNTH_FIRE_001,dev_001,Kitchen,227,77.0,42.74,574,738,45,FIRE,100,Synthetic simulation of FIRE condition,synthetic
2026-09-16 05:44:18.300796+00:00,SYNTH_FIRE_001,dev_001,Kitchen,216,77.59,42.91,569,732,45,FIRE,100,Synthetic simulation of FIRE condition,synthetic
2026-09-16 05:44:19.300796+00:00,SYNTH_FIRE_001,dev_001,Kitchen,219,77.5,42.29,568,735,45,FIRE,100,Synthetic simulation of FIRE condition,synthetic
2026-09-16 05:44:20.300796+00:00,SYNTH_FIRE_001,dev_001,Kitchen,222,77.26,42.79,570,732,45,FIRE,100,Synthetic simulation of FIRE condition,synthetic
2026-09-16 05:44:21.300796+00:00,SYNTH_FIRE_001,dev_001,Kitchen,223,77.34,42.75,568,736,45,FIRE,100,Synthetic simulation of FIRE condition,synthetic
2026-09-16 05:44:22.300796+00:00,SYNTH_FIRE_001,dev_001,Kitchen,221,77.57,42.7,572,730,45,FIRE,100,Synthetic simulation of FIRE condition,synthetic
2026-09-16 05:44:23.300796+00:00,SYNTH_FIRE_001,dev_001,Kitchen,219,77.4,42.73,570,736,45,FIRE,100,Synthetic simulation of FIRE condition,synthetic
2026-09-16 05:44:24.300796+00:00,SYNTH_FIRE_001,dev_001,Kitchen,219,77.39,42.39,574,738,45,FIRE,100,Synthetic simulation of FIRE condition,synthetic
2026-09-16 05:44:25.300796+00:00,SYNTH_FIRE_001,dev_001,Kitchen,226,77.57,43.31,570,735,45,FIRE,100,Synthetic simulation of FIRE condition,synthetic
2026-09-16 05:44:26.300796+00:00,SYNTH_FIRE_001,dev_001,Kitchen,226,77.21,42.55,571,735,45,FIRE,100,Synthetic simulation of FIRE condition,synthetic
2026-09-16 05:44:27.300796+00:00,SYNTH_FIRE_001,dev_001,Kitchen,222,77.36,42.32,567,737,45,FIRE,100,Synthetic simulation of FIRE condition,synthetic
2026-09-16 05:44:28.300796+00:00,SYNTH_FIRE_001,dev_001,Kitchen,216,77.49,42.91,576,735,45,FIRE,100,Synthetic simulation of FIRE condition,synthetic
2026-09-16 05:44:29.300796+00:00,SYNTH_FIRE_001,dev_001,Kitchen,233,77.2,43.14,572,733,45,FIRE,100,Synthetic simulation of FIRE condition,synthetic
2026-09-16 05:44:30.300796+00:00,SYNTH_FIRE_001,dev_001,Kitchen,219,77.52,42.83,570,736,45,FIRE,100,Synthetic simulation of FIRE condition,synthetic
2026-09-16 05:44:31.300796+00:00,SYNTH_FIRE_001,dev_001,Kitchen,221,77.35,42.77,571,729,45,FIRE,100,Synthetic simulation of FIRE condition,synthetic
2026-09-16 05:44:32.300796+00:00,SYNTH_FIRE_001,dev_001,Kitchen,213,77.77,42.87,568,732,45,FIRE,100,Synthetic simulation of FIRE condition,synthetic
2026-09-16 05:44:33.300796+00:00,SYNTH_FIRE_001,dev_001,Kitchen,223,77.46,43.04,568,735,45,FIRE,100,Synthetic simulation of FIRE condition,synthetic
2026-09-16 05:44:34.300796+00:00,SYNTH_FIRE_001,dev_001,Kitchen,221,77.44,42.77,575,732,45,FIRE,100,Synthetic simulation of FIRE condition,synthetic
2026-09-16 05:44:35.300796+00:00,SYNTH_FIRE_001,dev_001,Kitchen,221,77.19,42.98,572,732,45,FIRE,100,Synthetic simulation of FIRE condition,synthetic
2026-09-16 05:44:36.300796+00:00,SYNTH_FIRE_001,dev_001,Kitchen,222,77.15,42.61,576,734,45,FIRE,100,Synthetic simulation of FIRE condition,synthetic
2026-09-16 05:44:37.300796+00:00,SYNTH_FIRE_001,dev_001,Kitchen,222,77.45,43.02,570,736,45,FIRE,100,Synthetic simulation of FIRE condition,synthetic
2026-09-16 05:44:38.300796+00:00,SYNTH_FIRE_001,dev_001,Kitchen,222,77.41,42.5,576,729,45,FIRE,100,Synthetic simulation of FIRE condition,synthetic
2026-09-16 05:44:39.300796+00:00,SYNTH_FIRE_001,dev_001,Kitchen,222,77.36,42.29,569,738,45,FIRE,100,Synthetic simulation of FIRE condition,synthetic
2026-09-16 05:44:40.300796+00:00,SYNTH_FIRE_001,dev_001,Kitchen,220,77.31,43.15,571,735,45,FIRE,100,Synthetic simulation of FIRE condition,synthetic
2026-09-16 05:44:41.300796+00:00,SYNTH_FIRE_001,dev_001,Kitchen,217,77.57,42.61,569,731,45,FIRE,100,Synthetic simulation of FIRE condition,synthetic
2026-09-16 05:44:42.300796+00:00,SYNTH_FIRE_001,dev_001,Kitchen,221,77.34,42.19,571,733,45,FIRE,100,Synthetic simulation of FIRE condition,synthetic
2026-09-16 05:44:43.300796+00:00,SYNTH_FIRE_001,dev_001,Kitchen,214,77.54,42.51,575,735,45,FIRE,100,Synthetic simulation of FIRE condition,synthetic
2026-09-16 05:44:44.300796+00:00,SYNTH_FIRE_001,dev_001,Kitchen,224,77.29,42.5,568,731,45,FIRE,100,Synthetic simulation of FIRE condition,synthetic
2026-09-16 05:44:45.300796+00:00,SYNTH_FIRE_001,dev_001,Kitchen,214,77.46,42.48,566,735,45,FIRE,100,Synthetic simulation of FIRE condition,synthetic
2026-09-16 05:44:46.300796+00:00,SYNTH_FIRE_001,dev_001,Kitchen,222,77.47,42.93,573,734,45,FIRE,100,Synthetic simulation of FIRE condition,synthetic
2026-09-16 05:44:47.300796+00:00,SYNTH_FIRE_001,dev_001,Kitchen,215,77.4,42.98,575,733,45,FIRE,100,Synthetic simulation of FIRE condition,synthetic
2026-09-16 05:44:48.300796+00:00,SYNTH_FIRE_001,dev_001,Kitchen,217,77.26,42.53,574,729,45,FIRE,100,Synthetic simulation of FIRE condition,synthetic
2026-09-16 05:44:49.300796+00:00,SYNTH_FIRE_001,dev_001,Kitchen,220,77.42,42.7,572,730,45,FIRE,100,Synthetic simulation of FIRE condition,synthetic
2026-09-16 05:44:50.300796+00:00,SYNTH_FIRE_001,dev_001,Kitchen,215,77.07,42.9,569,732,45,FIRE,100,Synthetic simulation of FIRE condition,synthetic
2026-09-16 05:44:51.300796+00:00,SYNTH_FIRE_001,dev_001,Kitchen,217,77.52,42.46,567,739,45,FIRE,100,Synthetic simulation of FIRE condition,synthetic
2026-09-16 05:44:52.300796+00:00,SYNTH_FIRE_001,dev_001,Kitchen,217,77.48,42.69,568,734,45,FIRE,100,Synthetic simulation of FIRE condition,synthetic
2026-09-16 05:42:53.302803+00:00,SYNTH_FIRE_002,dev_001,Kitchen,872,26.17,54.39,118,122,90,NORMAL,100,Synthetic simulation of FIRE condition,synthetic
2026-09-16 05:42:54.302803+00:00,SYNTH_FIRE_002,dev_001,Kitchen,887,26.39,54.4,113,112,90,NORMAL,100,Synthetic simulation of FIRE condition,synthetic
2026-09-16 05:42:55.302803+00:00,SYNTH_FIRE_002,dev_001,Kitchen,887,26.07,55.04,118,122,90,NORMAL,100,Synthetic simulation of FIRE condition,synthetic
2026-09-16 05:42:56.302803+00:00,SYNTH_FIRE_002,dev_001,Kitchen,888,26.49,55.14,116,120,90,NORMAL,100,Synthetic simulation of FIRE condition,synthetic
2026-09-16 05:42:57.302803+00:00,SYNTH_FIRE_002,dev_001,Kitchen,887,25.97,54.95,120,114,90,NORMAL,100,Synthetic simulation of FIRE condition,synthetic
2026-09-16 05:42:58.302803+00:00,SYNTH_FIRE_002,dev_001,Kitchen,878,26.16,54.76,115,118,90,NORMAL,100,Synthetic simulation of FIRE condition,synthetic
2026-09-16 05:42:59.302803+00:00,SYNTH_FIRE_002,dev_001,Kitchen,887,26.17,54.74,115,118,90,NORMAL,100,Synthetic simulation of FIRE condition,synthetic
2026-09-16 05:43:00.302803+00:00,SYNTH_FIRE_002,dev_001,Kitchen,878,26.18,55.25,111,115,90,NORMAL,100,Synthetic simulation of FIRE condition,synthetic
2026-09-16 05:43:01.302803+00:00,SYNTH_FIRE_002,dev_001,Kitchen,879,26.18,54.47,110,119,90,NORMAL,100,Synthetic simulation of FIRE condition,synthetic
2026-09-16 05:43:02.302803+00:00,SYNTH_FIRE_002,dev_001,Kitchen,877,26.14,54.25,119,112,90,NORMAL,100,Synthetic simulation of FIRE condition,synthetic
2026-09-16 05:43:03.302803+00:00,SYNTH_FIRE_002,dev_001,Kitchen,885,26.53,54.78,117,119,90,NORMAL,100,Synthetic simulation of FIRE condition,synthetic
2026-09-16 05:43:04.302803+00:00,SYNTH_FIRE_002,dev_001,Kitchen,884,26.45,54.42,115,113,90,NORMAL,100,Synthetic simulation of FIRE condition,synthetic
2026-09-16 05:43:05.302803+00:00,SYNTH_FIRE_002,dev_001,Kitchen,891,26.03,54.77,115,117,90,NORMAL,100,Synthetic simulation of FIRE condition,synthetic
2026-09-16 05:43:06.302803+00:00,SYNTH_FIRE_002,dev_001,Kitchen,886,26.02,55.12,122,120,90,NORMAL,100,Synthetic simulation of FIRE condition,synthetic
2026-09-16 05:43:07.302803+00:00,SYNTH_FIRE_002,dev_001,Kitchen,883,26.16,54.97,113,115,90,NORMAL,100,Synthetic simulation of FIRE condition,synthetic
2026-09-16 05:43:08.302803+00:00,SYNTH_FIRE_002,dev_001,Kitchen,893,25.98,54.78,119,117,90,NORMAL,100,Synthetic simulation of FIRE condition,synthetic
2026-09-16 05:43:09.302803+00:00,SYNTH_FIRE_002,dev_001,Kitchen,881,26.45,54.94,117,116,90,NORMAL,100,Synthetic simulation of FIRE condition,synthetic
2026-09-16 05:43:10.302803+00:00,SYNTH_FIRE_002,dev_001,Kitchen,882,26.18,55.16,118,117,90,NORMAL,100,Synthetic simulation of FIRE condition,synthetic
2026-09-16 05:43:11.302803+00:00,SYNTH_FIRE_002,dev_001,Kitchen,877,26.39,54.77,121,117,90,NORMAL,100,Synthetic simulation of FIRE condition,synthetic
2026-09-16 05:43:12.302803+00:00,SYNTH_FIRE_002,dev_001,Kitchen,876,26.07,54.66,116,121,90,NORMAL,100,Synthetic simulation of FIRE condition,synthetic
2026-09-16 05:43:13.302803+00:00,SYNTH_FIRE_002,dev_001,Kitchen,879,26.11,54.23,116,117,90,NORMAL,100,Synthetic simulation of FIRE condition,synthetic
2026-09-16 05:43:14.302803+00:00,SYNTH_FIRE_002,dev_001,Kitchen,886,26.15,54.67,118,115,90,NORMAL,100,Synthetic simulation of FIRE condition,synthetic
2026-09-16 05:43:15.302803+00:00,SYNTH_FIRE_002,dev_001,Kitchen,884,26.2,54.72,117,115,90,NORMAL,100,Synthetic simulation of FIRE condition,synthetic
2026-09-16 05:43:16.302803+00:00,SYNTH_FIRE_002,dev_001,Kitchen,891,26.11,54.5,114,116,90,NORMAL,100,Synthetic simulation of FIRE condition,synthetic
2026-09-16 05:43:17.302803+00:00,SYNTH_FIRE_002,dev_001,Kitchen,878,26.84,42.45,123,128,135,FIRE,100,Synthetic simulation of FIRE condition,synthetic
2026-09-16 05:43:18.302803+00:00,SYNTH_FIRE_002,dev_001,Kitchen,875,27.32,43.12,127,132,135,FIRE,100,Synthetic simulation of FIRE condition,synthetic
2026-09-16 05:43:19.302803+00:00,SYNTH_FIRE_002,dev_001,Kitchen,864,27.22,42.87,131,128,135,FIRE,100,Synthetic simulation of FIRE condition,synthetic
2026-09-16 05:43:20.302803+00:00,SYNTH_FIRE_002,dev_001,Kitchen,858,27.7,42.98,128,138,135,FIRE,100,Synthetic simulation of FIRE condition,synthetic
2026-09-16 05:43:21.302803+00:00,SYNTH_FIRE_002,dev_001,Kitchen,853,27.71,42.6,132,139,135,FIRE,100,Synthetic simulation of FIRE condition,synthetic
2026-09-16 05:43:22.302803+00:00,SYNTH_FIRE_002,dev_001,Kitchen,852,27.98,42.9,140,147,135,FIRE,100,Synthetic simulation of FIRE condition,synthetic
2026-09-16 05:43:23.302803+00:00,SYNTH_FIRE_002,dev_001,Kitchen,841,28.41,43.09,141,150,135,FIRE,100,Synthetic simulation of FIRE condition,synthetic
2026-09-16 05:43:24.302803+00:00,SYNTH_FIRE_002,dev_001,Kitchen,837,29.09,42.15,144,157,135,FIRE,100,Synthetic simulation of FIRE condition,synthetic
2026-09-16 05:43:25.302803+00:00,SYNTH_FIRE_002,dev_001,Kitchen,824,29.54,42.85,155,159,135,FIRE,100,Synthetic simulation of FIRE condition,synthetic
2026-09-16 05:43:26.302803+00:00,SYNTH_FIRE_002,dev_001,Kitchen,807,30.19,42.55,162,175,135,FIRE,100,Synthetic simulation of FIRE condition,synthetic
2026-09-16 05:43:27.302803+00:00,SYNTH_FIRE_002,dev_001,Kitchen,789,31.13,42.53,169,183,135,FIRE,100,Synthetic simulation of FIRE condition,synthetic
2026-09-16 05:43:28.302803+00:00,SYNTH_FIRE_002,dev_001,Kitchen,784,32.34,42.93,187,203,135,FIRE,100,Synthetic simulation of FIRE condition,synthetic
2026-09-16 05:43:29.302803+00:00,SYNTH_FIRE_002,dev_001,Kitchen,752,33.58,42.37,201,215,135,FIRE,100,Synthetic simulation of FIRE condition,synthetic
2026-09-16 05:43:30.302803+00:00,SYNTH_FIRE_002,dev_001,Kitchen,726,34.56,43.0,212,229,135,FIRE,100,Synthetic simulation of FIRE condition,synthetic
2026-09-16 05:43:31.302803+00:00,SYNTH_FIRE_002,dev_001,Kitchen,704,36.14,42.78,227,255,135,FIRE,100,Synthetic simulation of FIRE condition,synthetic
2026-09-16 05:43:32.302803+00:00,SYNTH_FIRE_002,dev_001,Kitchen,677,37.85,42.66,244,280,135,FIRE,100,Synthetic simulation of FIRE condition,synthetic
2026-09-16 05:43:33.302803+00:00,SYNTH_FIRE_002,dev_001,Kitchen,650,39.5,42.85,265,300,135,FIRE,100,Synthetic simulation of FIRE condition,synthetic
2026-09-16 05:43:34.302803+00:00,SYNTH_FIRE_002,dev_001,Kitchen,611,41.38,42.35,282,328,135,FIRE,100,Synthetic simulation of FIRE condition,synthetic
2026-09-16 05:43:35.302803+00:00,SYNTH_FIRE_002,dev_001,Kitchen,568,43.29,42.4,303,355,135,FIRE,100,Synthetic simulation of FIRE condition,synthetic
2026-09-16 05:43:36.302803+00:00,SYNTH_FIRE_002,dev_001,Kitchen,536,45.41,42.52,327,378,135,FIRE,100,Synthetic simulation of FIRE condition,synthetic
2026-09-16 05:43:37.302803+00:00,SYNTH_FIRE_002,dev_001,Kitchen,505,47.3,42.99,353,410,135,FIRE,100,Synthetic simulation of FIRE condition,synthetic
2026-09-16 05:43:38.302803+00:00,SYNTH_FIRE_002,dev_001,Kitchen,469,49.46,42.9,374,429,135,FIRE,100,Synthetic simulation of FIRE condition,synthetic
2026-09-16 05:43:39.302803+00:00,SYNTH_FIRE_002,dev_001,Kitchen,441,51.52,42.62,391,460,135,FIRE,100,Synthetic simulation of FIRE condition,synthetic
2026-09-16 05:43:40.302803+00:00,SYNTH_FIRE_002,dev_001,Kitchen,408,53.26,43.06,413,487,135,FIRE,100,Synthetic simulation of FIRE condition,synthetic
2026-09-16 05:43:41.302803+00:00,SYNTH_FIRE_002,dev_001,Kitchen,386,54.69,42.78,426,502,135,FIRE,100,Synthetic simulation of FIRE condition,synthetic
2026-09-16 05:43:42.302803+00:00,SYNTH_FIRE_002,dev_001,Kitchen,357,56.06,42.84,446,525,135,FIRE,100,Synthetic simulation of FIRE condition,synthetic
2026-09-16 05:43:43.302803+00:00,SYNTH_FIRE_002,dev_001,Kitchen,337,57.31,42.77,456,541,135,FIRE,100,Synthetic simulation of FIRE condition,synthetic
2026-09-16 05:43:44.302803+00:00,SYNTH_FIRE_002,dev_001,Kitchen,315,58.58,42.81,467,555,135,FIRE,100,Synthetic simulation of FIRE condition,synthetic
2026-09-16 05:43:45.302803+00:00,SYNTH_FIRE_002,dev_001,Kitchen,307,59.36,43.03,479,569,135,FIRE,100,Synthetic simulation of FIRE condition,synthetic
2026-09-16 05:43:46.302803+00:00,SYNTH_FIRE_002,dev_001,Kitchen,282,60.28,42.73,489,580,135,FIRE,100,Synthetic simulation of FIRE condition,synthetic
2026-09-16 05:43:47.302803+00:00,SYNTH_FIRE_002,dev_001,Kitchen,268,60.73,43.19,497,595,135,FIRE,100,Synthetic simulation of FIRE condition,synthetic
2026-09-16 05:43:48.302803+00:00,SYNTH_FIRE_002,dev_001,Kitchen,267,61.24,43.21,496,597,135,FIRE,100,Synthetic simulation of FIRE condition,synthetic
2026-09-16 05:43:49.302803+00:00,SYNTH_FIRE_002,dev_001,Kitchen,252,61.89,42.65,509,604,135,FIRE,100,Synthetic simulation of FIRE condition,synthetic
2026-09-16 05:43:50.302803+00:00,SYNTH_FIRE_002,dev_001,Kitchen,245,62.13,43.12,513,604,135,FIRE,100,Synthetic simulation of FIRE condition,synthetic
2026-09-16 05:43:51.302803+00:00,SYNTH_FIRE_002,dev_001,Kitchen,244,62.6,42.32,515,615,135,FIRE,100,Synthetic simulation of FIRE condition,synthetic
2026-09-16 05:43:52.302803+00:00,SYNTH_FIRE_002,dev_001,Kitchen,233,62.58,42.36,524,618,135,FIRE,100,Synthetic simulation of FIRE condition,synthetic
2026-09-16 05:43:53.302803+00:00,SYNTH_FIRE_002,dev_001,Kitchen,235,63.27,42.73,525,617,135,FIRE,100,Synthetic simulation of FIRE condition,synthetic
2026-09-16 05:43:54.302803+00:00,SYNTH_FIRE_002,dev_001,Kitchen,229,63.3,42.92,526,622,135,FIRE,100,Synthetic simulation of FIRE condition,synthetic
2026-09-16 05:43:55.302803+00:00,SYNTH_FIRE_002,dev_001,Kitchen,217,63.68,42.91,523,621,135,FIRE,100,Synthetic simulation of FIRE condition,synthetic
2026-09-16 05:43:56.302803+00:00,SYNTH_FIRE_002,dev_001,Kitchen,220,63.3,42.68,527,627,135,FIRE,100,Synthetic simulation of FIRE condition,synthetic
2026-09-16 05:43:57.302803+00:00,SYNTH_FIRE_002,dev_001,Kitchen,223,63.71,42.73,527,630,135,FIRE,100,Synthetic simulation of FIRE condition,synthetic
2026-09-16 05:43:58.302803+00:00,SYNTH_FIRE_002,dev_001,Kitchen,223,63.52,42.49,532,629,135,FIRE,100,Synthetic simulation of FIRE condition,synthetic
2026-09-16 05:43:59.302803+00:00,SYNTH_FIRE_002,dev_001,Kitchen,219,63.75,43.07,532,624,135,FIRE,100,Synthetic simulation of FIRE condition,synthetic
2026-09-16 05:44:00.302803+00:00,SYNTH_FIRE_002,dev_001,Kitchen,216,63.79,43.07,530,632,135,FIRE,100,Synthetic simulation of FIRE condition,synthetic
2026-09-16 05:44:01.302803+00:00,SYNTH_FIRE_002,dev_001,Kitchen,216,63.81,42.58,536,632,135,FIRE,100,Synthetic simulation of FIRE condition,synthetic
2026-09-16 05:44:02.302803+00:00,SYNTH_FIRE_002,dev_001,Kitchen,213,63.68,42.24,530,633,135,FIRE,100,Synthetic simulation of FIRE condition,synthetic
2026-09-16 05:44:03.302803+00:00,SYNTH_FIRE_002,dev_001,Kitchen,219,63.81,42.76,536,628,135,FIRE,100,Synthetic simulation of FIRE condition,synthetic
2026-09-16 05:44:04.302803+00:00,SYNTH_FIRE_002,dev_001,Kitchen,217,63.85,42.88,534,634,135,FIRE,100,Synthetic simulation of FIRE condition,synthetic
2026-09-16 05:44:05.302803+00:00,SYNTH_FIRE_002,dev_001,Kitchen,209,64.1,42.84,535,630,135,FIRE,100,Synthetic simulation of FIRE condition,synthetic
2026-09-16 05:44:06.302803+00:00,SYNTH_FIRE_002,dev_001,Kitchen,211,63.98,42.84,533,632,135,FIRE,100,Synthetic simulation of FIRE condition,synthetic
2026-09-16 05:44:07.302803+00:00,SYNTH_FIRE_002,dev_001,Kitchen,221,63.87,42.6,534,631,135,FIRE,100,Synthetic simulation of FIRE condition,synthetic
2026-09-16 05:44:08.302803+00:00,SYNTH_FIRE_002,dev_001,Kitchen,211,64.06,42.68,527,629,135,FIRE,100,Synthetic simulation of FIRE condition,synthetic
2026-09-16 05:44:09.302803+00:00,SYNTH_FIRE_002,dev_001,Kitchen,217,64.05,42.6,535,630,135,FIRE,100,Synthetic simulation of FIRE condition,synthetic
2026-09-16 05:44:10.302803+00:00,SYNTH_FIRE_002,dev_001,Kitchen,213,64.02,43.05,537,633,135,FIRE,100,Synthetic simulation of FIRE condition,synthetic
2026-09-16 05:44:11.302803+00:00,SYNTH_FIRE_002,dev_001,Kitchen,217,63.84,43.01,531,633,135,FIRE,100,Synthetic simulation of FIRE condition,synthetic
2026-09-16 05:44:12.302803+00:00,SYNTH_FIRE_002,dev_001,Kitchen,216,63.98,42.77,534,636,135,FIRE,100,Synthetic simulation of FIRE condition,synthetic
2026-09-16 05:44:13.302803+00:00,SYNTH_FIRE_002,dev_001,Kitchen,214,63.97,42.92,533,634,135,FIRE,100,Synthetic simulation of FIRE condition,synthetic
2026-09-16 05:44:14.302803+00:00,SYNTH_FIRE_002,dev_001,Kitchen,219,64.05,42.82,536,628,135,FIRE,100,Synthetic simulation of FIRE condition,synthetic
2026-09-16 05:44:15.302803+00:00,SYNTH_FIRE_002,dev_001,Kitchen,219,63.91,42.99,536,631,135,FIRE,100,Synthetic simulation of FIRE condition,synthetic
2026-09-16 05:44:16.302803+00:00,SYNTH_FIRE_002,dev_001,Kitchen,215,64.01,42.67,530,632,135,FIRE,100,Synthetic simulation of FIRE condition,synthetic
2026-09-16 05:44:17.302803+00:00,SYNTH_FIRE_002,dev_001,Kitchen,219,64.35,42.91,530,634,135,FIRE,100,Synthetic simulation of FIRE condition,synthetic
2026-09-16 05:44:18.302803+00:00,SYNTH_FIRE_002,dev_001,Kitchen,221,63.94,43.13,528,633,135,FIRE,100,Synthetic simulation of FIRE condition,synthetic
2026-09-16 05:44:19.302803+00:00,SYNTH_FIRE_002,dev_001,Kitchen,213,64.27,42.81,537,634,135,FIRE,100,Synthetic simulation of FIRE condition,synthetic
2026-09-16 05:44:20.302803+00:00,SYNTH_FIRE_002,dev_001,Kitchen,218,63.94,42.87,534,631,135,FIRE,100,Synthetic simulation of FIRE condition,synthetic
2026-09-16 05:44:21.302803+00:00,SYNTH_FIRE_002,dev_001,Kitchen,207,63.99,42.59,529,633,135,FIRE,100,Synthetic simulation of FIRE condition,synthetic
2026-09-16 05:44:22.302803+00:00,SYNTH_FIRE_002,dev_001,Kitchen,216,63.9,43.09,529,633,135,FIRE,100,Synthetic simulation of FIRE condition,synthetic
2026-09-16 05:44:23.302803+00:00,SYNTH_FIRE_002,dev_001,Kitchen,221,64.02,42.6,528,632,135,FIRE,100,Synthetic simulation of FIRE condition,synthetic
2026-09-16 05:44:24.302803+00:00,SYNTH_FIRE_002,dev_001,Kitchen,215,63.88,42.81,532,634,135,FIRE,100,Synthetic simulation of FIRE condition,synthetic
2026-09-16 05:44:25.302803+00:00,SYNTH_FIRE_002,dev_001,Kitchen,215,64.0,42.9,534,629,135,FIRE,100,Synthetic simulation of FIRE condition,synthetic
2026-09-16 05:44:26.302803+00:00,SYNTH_FIRE_002,dev_001,Kitchen,220,64.11,42.9,536,632,135,FIRE,100,Synthetic simulation of FIRE condition,synthetic
2026-09-16 05:44:27.302803+00:00,SYNTH_FIRE_002,dev_001,Kitchen,217,64.26,42.48,528,632,135,FIRE,100,Synthetic simulation of FIRE condition,synthetic
2026-09-16 05:44:28.302803+00:00,SYNTH_FIRE_002,dev_001,Kitchen,210,64.19,42.24,533,637,135,FIRE,100,Synthetic simulation of FIRE condition,synthetic
2026-09-16 05:44:29.302803+00:00,SYNTH_FIRE_002,dev_001,Kitchen,220,64.22,42.7,532,631,135,FIRE,100,Synthetic simulation of FIRE condition,synthetic
2026-09-16 05:44:30.302803+00:00,SYNTH_FIRE_002,dev_001,Kitchen,218,64.21,42.6,538,632,135,FIRE,100,Synthetic simulation of FIRE condition,synthetic
2026-09-16 05:44:31.302803+00:00,SYNTH_FIRE_002,dev_001,Kitchen,211,64.11,42.71,539,631,135,FIRE,100,Synthetic simulation of FIRE condition,synthetic
2026-09-16 05:44:32.302803+00:00,SYNTH_FIRE_002,dev_001,Kitchen,221,64.31,42.67,530,635,135,FIRE,100,Synthetic simulation of FIRE condition,synthetic
2026-09-16 05:44:33.302803+00:00,SYNTH_FIRE_002,dev_001,Kitchen,214,63.87,42.74,532,629,135,FIRE,100,Synthetic simulation of FIRE condition,synthetic
2026-09-16 05:44:34.302803+00:00,SYNTH_FIRE_002,dev_001,Kitchen,218,64.12,42.99,530,632,135,FIRE,100,Synthetic simulation of FIRE condition,synthetic
2026-09-16 05:44:35.302803+00:00,SYNTH_FIRE_002,dev_001,Kitchen,217,63.88,42.69,533,630,135,FIRE,100,Synthetic simulation of FIRE condition,synthetic
2026-09-16 05:44:36.302803+00:00,SYNTH_FIRE_002,dev_001,Kitchen,217,63.78,42.78,527,631,135,FIRE,100,Synthetic simulation of FIRE condition,synthetic
2026-09-16 05:44:37.302803+00:00,SYNTH_FIRE_002,dev_001,Kitchen,214,63.98,42.64,532,636,135,FIRE,100,Synthetic simulation of FIRE condition,synthetic
2026-09-16 05:44:38.302803+00:00,SYNTH_FIRE_002,dev_001,Kitchen,215,64.16,42.93,531,633,135,FIRE,100,Synthetic simulation of FIRE condition,synthetic
2026-09-16 05:44:39.302803+00:00,SYNTH_FIRE_002,dev_001,Kitchen,215,64.17,43.16,537,636,135,FIRE,100,Synthetic simulation of FIRE condition,synthetic
2026-09-16 05:44:40.302803+00:00,SYNTH_FIRE_002,dev_001,Kitchen,213,64.0,42.76,531,630,135,FIRE,100,Synthetic simulation of FIRE condition,synthetic
2026-09-16 05:44:41.302803+00:00,SYNTH_FIRE_002,dev_001,Kitchen,215,64.04,42.92,533,628,135,FIRE,100,Synthetic simulation of FIRE condition,synthetic
2026-09-16 05:44:42.302803+00:00,SYNTH_FIRE_002,dev_001,Kitchen,212,63.92,42.65,528,635,135,FIRE,100,Synthetic simulation of FIRE condition,synthetic
2026-09-16 05:44:43.302803+00:00,SYNTH_FIRE_002,dev_001,Kitchen,214,64.02,42.78,534,632,135,FIRE,100,Synthetic simulation of FIRE condition,synthetic
2026-09-16 05:44:44.302803+00:00,SYNTH_FIRE_002,dev_001,Kitchen,212,64.02,42.49,535,633,135,FIRE,100,Synthetic simulation of FIRE condition,synthetic
2026-09-16 05:44:45.302803+00:00,SYNTH_FIRE_002,dev_001,Kitchen,217,63.82,42.87,534,633,135,FIRE,100,Synthetic simulation of FIRE condition,synthetic
2026-09-16 05:44:46.302803+00:00,SYNTH_FIRE_002,dev_001,Kitchen,216,64.18,43.04,537,636,135,FIRE,100,Synthetic simulation of FIRE condition,synthetic
2026-09-16 05:44:47.302803+00:00,SYNTH_FIRE_002,dev_001,Kitchen,216,63.96,42.29,533,634,135,FIRE,100,Synthetic simulation of FIRE condition,synthetic
2026-09-16 05:44:48.302803+00:00,SYNTH_FIRE_002,dev_001,Kitchen,216,64.15,42.75,533,639,135,FIRE,100,Synthetic simulation of FIRE condition,synthetic
2026-09-16 05:44:49.302803+00:00,SYNTH_FIRE_002,dev_001,Kitchen,219,64.1,42.68,530,633,135,FIRE,100,Synthetic simulation of FIRE condition,synthetic
2026-09-16 05:44:50.302803+00:00,SYNTH_FIRE_002,dev_001,Kitchen,213,63.94,43.1,534,632,135,FIRE,100,Synthetic simulation of FIRE condition,synthetic
2026-09-16 05:44:51.302803+00:00,SYNTH_FIRE_002,dev_001,Kitchen,219,63.73,42.87,527,633,135,FIRE,100,Synthetic simulation of FIRE condition,synthetic
2026-09-16 05:44:52.302803+00:00,SYNTH_FIRE_002,dev_001,Kitchen,214,64.1,42.74,535,633,135,FIRE,100,Synthetic simulation of FIRE condition,synthetic
2026-09-16 05:42:53.304806+00:00,SYNTH_FIRE_003,dev_001,Kitchen,896,23.5,55.18,108,114,90,NORMAL,100,Synthetic simulation of FIRE condition,synthetic
2026-09-16 05:42:54.304806+00:00,SYNTH_FIRE_003,dev_001,Kitchen,899,23.36,55.05,110,114,90,NORMAL,100,Synthetic simulation of FIRE condition,synthetic
2026-09-16 05:42:55.304806+00:00,SYNTH_FIRE_003,dev_001,Kitchen,898,23.68,54.97,110,114,90,NORMAL,100,Synthetic simulation of FIRE condition,synthetic
2026-09-16 05:42:56.304806+00:00,SYNTH_FIRE_003,dev_001,Kitchen,889,23.66,55.55,113,119,90,NORMAL,100,Synthetic simulation of FIRE condition,synthetic
2026-09-16 05:42:57.304806+00:00,SYNTH_FIRE_003,dev_001,Kitchen,896,23.56,55.16,115,116,90,NORMAL,100,Synthetic simulation of FIRE condition,synthetic
2026-09-16 05:42:58.304806+00:00,SYNTH_FIRE_003,dev_001,Kitchen,894,23.42,54.96,112,114,90,NORMAL,100,Synthetic simulation of FIRE condition,synthetic
2026-09-16 05:42:59.304806+00:00,SYNTH_FIRE_003,dev_001,Kitchen,889,23.55,55.43,118,115,90,NORMAL,100,Synthetic simulation of FIRE condition,synthetic
2026-09-16 05:43:00.304806+00:00,SYNTH_FIRE_003,dev_001,Kitchen,895,23.66,55.47,114,120,90,NORMAL,100,Synthetic simulation of FIRE condition,synthetic
2026-09-16 05:43:01.304806+00:00,SYNTH_FIRE_003,dev_001,Kitchen,895,23.59,55.19,118,112,90,NORMAL,100,Synthetic simulation of FIRE condition,synthetic
2026-09-16 05:43:02.304806+00:00,SYNTH_FIRE_003,dev_001,Kitchen,896,23.24,55.17,109,118,90,NORMAL,100,Synthetic simulation of FIRE condition,synthetic
2026-09-16 05:43:03.304806+00:00,SYNTH_FIRE_003,dev_001,Kitchen,889,23.47,55.63,115,117,90,NORMAL,100,Synthetic simulation of FIRE condition,synthetic
2026-09-16 05:43:04.304806+00:00,SYNTH_FIRE_003,dev_001,Kitchen,885,23.13,55.32,115,117,90,NORMAL,100,Synthetic simulation of FIRE condition,synthetic
2026-09-16 05:43:05.304806+00:00,SYNTH_FIRE_003,dev_001,Kitchen,884,23.48,55.53,116,116,90,NORMAL,100,Synthetic simulation of FIRE condition,synthetic
2026-09-16 05:43:06.304806+00:00,SYNTH_FIRE_003,dev_001,Kitchen,900,23.57,55.52,110,116,90,NORMAL,100,Synthetic simulation of FIRE condition,synthetic
2026-09-16 05:43:07.304806+00:00,SYNTH_FIRE_003,dev_001,Kitchen,887,23.38,54.93,117,110,90,NORMAL,100,Synthetic simulation of FIRE condition,synthetic
2026-09-16 05:43:08.304806+00:00,SYNTH_FIRE_003,dev_001,Kitchen,899,23.47,55.25,115,112,90,NORMAL,100,Synthetic simulation of FIRE condition,synthetic
2026-09-16 05:43:09.304806+00:00,SYNTH_FIRE_003,dev_001,Kitchen,890,23.46,55.34,111,115,90,NORMAL,100,Synthetic simulation of FIRE condition,synthetic
2026-09-16 05:43:10.304806+00:00,SYNTH_FIRE_003,dev_001,Kitchen,896,23.57,55.1,108,112,90,NORMAL,100,Synthetic simulation of FIRE condition,synthetic
2026-09-16 05:43:11.304806+00:00,SYNTH_FIRE_003,dev_001,Kitchen,892,23.64,55.66,117,116,90,NORMAL,100,Synthetic simulation of FIRE condition,synthetic
2026-09-16 05:43:12.304806+00:00,SYNTH_FIRE_003,dev_001,Kitchen,893,23.62,55.47,113,116,90,NORMAL,100,Synthetic simulation of FIRE condition,synthetic
2026-09-16 05:43:13.304806+00:00,SYNTH_FIRE_003,dev_001,Kitchen,897,23.55,55.16,113,114,90,NORMAL,100,Synthetic simulation of FIRE condition,synthetic
2026-09-16 05:43:14.304806+00:00,SYNTH_FIRE_003,dev_001,Kitchen,893,23.73,55.16,108,119,90,NORMAL,100,Synthetic simulation of FIRE condition,synthetic
2026-09-16 05:43:15.304806+00:00,SYNTH_FIRE_003,dev_001,Kitchen,889,23.58,55.53,115,122,90,NORMAL,100,Synthetic simulation of FIRE condition,synthetic
2026-09-16 05:43:16.304806+00:00,SYNTH_FIRE_003,dev_001,Kitchen,886,23.33,55.42,108,115,90,NORMAL,100,Synthetic simulation of FIRE condition,synthetic
2026-09-16 05:43:17.304806+00:00,SYNTH_FIRE_003,dev_001,Kitchen,872,24.16,43.41,122,128,30,FIRE,100,Synthetic simulation of FIRE condition,synthetic
2026-09-16 05:43:18.304806+00:00,SYNTH_FIRE_003,dev_001,Kitchen,878,24.66,43.77,123,129,30,FIRE,100,Synthetic simulation of FIRE condition,synthetic
2026-09-16 05:43:19.304806+00:00,SYNTH_FIRE_003,dev_001,Kitchen,879,24.81,43.58,124,130,30,FIRE,100,Synthetic simulation of FIRE condition,synthetic
2026-09-16 05:43:20.304806+00:00,SYNTH_FIRE_003,dev_001,Kitchen,874,25.05,42.93,128,132,30,FIRE,100,Synthetic simulation of FIRE condition,synthetic
2026-09-16 05:43:21.304806+00:00,SYNTH_FIRE_003,dev_001,Kitchen,869,25.44,43.01,136,136,30,FIRE,100,Synthetic simulation of FIRE condition,synthetic
2026-09-16 05:43:22.304806+00:00,SYNTH_FIRE_003,dev_001,Kitchen,863,26.21,43.18,139,140,30,FIRE,100,Synthetic simulation of FIRE condition,synthetic
2026-09-16 05:43:23.304806+00:00,SYNTH_FIRE_003,dev_001,Kitchen,853,26.73,43.18,146,143,30,FIRE,100,Synthetic simulation of FIRE condition,synthetic
2026-09-16 05:43:24.304806+00:00,SYNTH_FIRE_003,dev_001,Kitchen,848,27.27,43.23,148,151,30,FIRE,100,Synthetic simulation of FIRE condition,synthetic
2026-09-16 05:43:25.304806+00:00,SYNTH_FIRE_003,dev_001,Kitchen,833,28.13,43.73,155,158,30,FIRE,100,Synthetic simulation of FIRE condition,synthetic
2026-09-16 05:43:26.304806+00:00,SYNTH_FIRE_003,dev_001,Kitchen,824,28.87,42.97,164,176,30,FIRE,100,Synthetic simulation of FIRE condition,synthetic
2026-09-16 05:43:27.304806+00:00,SYNTH_FIRE_003,dev_001,Kitchen,809,30.17,42.95,180,179,30,FIRE,100,Synthetic simulation of FIRE condition,synthetic
2026-09-16 05:43:28.304806+00:00,SYNTH_FIRE_003,dev_001,Kitchen,785,31.45,43.65,194,191,30,FIRE,100,Synthetic simulation of FIRE condition,synthetic
2026-09-16 05:43:29.304806+00:00,SYNTH_FIRE_003,dev_001,Kitchen,769,32.96,43.56,210,210,30,FIRE,100,Synthetic simulation of FIRE condition,synthetic
2026-09-16 05:43:30.304806+00:00,SYNTH_FIRE_003,dev_001,Kitchen,738,35.04,43.08,233,226,30,FIRE,100,Synthetic simulation of FIRE condition,synthetic
2026-09-16 05:43:31.304806+00:00,SYNTH_FIRE_003,dev_001,Kitchen,718,36.85,43.27,246,247,30,FIRE,100,Synthetic simulation of FIRE condition,synthetic
2026-09-16 05:43:32.304806+00:00,SYNTH_FIRE_003,dev_001,Kitchen,693,39.12,43.48,264,264,30,FIRE,100,Synthetic simulation of FIRE condition,synthetic
2026-09-16 05:43:33.304806+00:00,SYNTH_FIRE_003,dev_001,Kitchen,655,41.59,43.29,298,286,30,FIRE,100,Synthetic simulation of FIRE condition,synthetic
2026-09-16 05:43:34.304806+00:00,SYNTH_FIRE_003,dev_001,Kitchen,630,44.03,43.34,315,318,30,FIRE,100,Synthetic simulation of FIRE condition,synthetic
2026-09-16 05:43:35.304806+00:00,SYNTH_FIRE_003,dev_001,Kitchen,596,46.82,43.4,342,341,30,FIRE,100,Synthetic simulation of FIRE condition,synthetic
2026-09-16 05:43:36.304806+00:00,SYNTH_FIRE_003,dev_001,Kitchen,560,49.31,43.19,369,366,30,FIRE,100,Synthetic simulation of FIRE condition,synthetic
2026-09-16 05:43:37.304806+00:00,SYNTH_FIRE_003,dev_001,Kitchen,523,52.29,43.35,399,390,30,FIRE,100,Synthetic simulation of FIRE condition,synthetic
2026-09-16 05:43:38.304806+00:00,SYNTH_FIRE_003,dev_001,Kitchen,493,54.49,43.36,423,418,30,FIRE,100,Synthetic simulation of FIRE condition,synthetic
2026-09-16 05:43:39.304806+00:00,SYNTH_FIRE_003,dev_001,Kitchen,469,57.34,43.58,448,437,30,FIRE,100,Synthetic simulation of FIRE condition,synthetic
2026-09-16 05:43:40.304806+00:00,SYNTH_FIRE_003,dev_001,Kitchen,422,59.77,43.37,480,459,30,FIRE,100,Synthetic simulation of FIRE condition,synthetic
2026-09-16 05:43:41.304806+00:00,SYNTH_FIRE_003,dev_001,Kitchen,402,61.75,43.31,493,486,30,FIRE,100,Synthetic simulation of FIRE condition,synthetic
2026-09-16 05:43:42.304806+00:00,SYNTH_FIRE_003,dev_001,Kitchen,369,63.52,43.3,511,503,30,FIRE,100,Synthetic simulation of FIRE condition,synthetic
2026-09-16 05:43:43.304806+00:00,SYNTH_FIRE_003,dev_001,Kitchen,350,65.44,43.61,529,514,30,FIRE,100,Synthetic simulation of FIRE condition,synthetic
2026-09-16 05:43:44.304806+00:00,SYNTH_FIRE_003,dev_001,Kitchen,328,66.91,43.53,544,533,30,FIRE,100,Synthetic simulation of FIRE condition,synthetic
2026-09-16 05:43:45.304806+00:00,SYNTH_FIRE_003,dev_001,Kitchen,310,68.09,43.39,557,546,30,FIRE,100,Synthetic simulation of FIRE condition,synthetic
2026-09-16 05:43:46.304806+00:00,SYNTH_FIRE_003,dev_001,Kitchen,308,68.98,43.32,562,551,30,FIRE,100,Synthetic simulation of FIRE condition,synthetic
2026-09-16 05:43:47.304806+00:00,SYNTH_FIRE_003,dev_001,Kitchen,288,70.18,42.92,576,562,30,FIRE,100,Synthetic simulation of FIRE condition,synthetic
2026-09-16 05:43:48.304806+00:00,SYNTH_FIRE_003,dev_001,Kitchen,278,70.63,43.27,581,568,30,FIRE,100,Synthetic simulation of FIRE condition,synthetic
2026-09-16 05:43:49.304806+00:00,SYNTH_FIRE_003,dev_001,Kitchen,267,71.24,43.13,590,578,30,FIRE,100,Synthetic simulation of FIRE condition,synthetic
2026-09-16 05:43:50.304806+00:00,SYNTH_FIRE_003,dev_001,Kitchen,261,71.67,43.29,592,582,30,FIRE,100,Synthetic simulation of FIRE condition,synthetic
2026-09-16 05:43:51.304806+00:00,SYNTH_FIRE_003,dev_001,Kitchen,261,72.15,43.63,599,586,30,FIRE,100,Synthetic simulation of FIRE condition,synthetic
2026-09-16 05:43:52.304806+00:00,SYNTH_FIRE_003,dev_001,Kitchen,249,72.57,43.15,602,586,30,FIRE,100,Synthetic simulation of FIRE condition,synthetic
2026-09-16 05:43:53.304806+00:00,SYNTH_FIRE_003,dev_001,Kitchen,247,73.08,43.51,605,596,30,FIRE,100,Synthetic simulation of FIRE condition,synthetic
2026-09-16 05:43:54.304806+00:00,SYNTH_FIRE_003,dev_001,Kitchen,243,73.35,43.32,605,596,30,FIRE,100,Synthetic simulation of FIRE condition,synthetic
2026-09-16 05:43:55.304806+00:00,SYNTH_FIRE_003,dev_001,Kitchen,245,73.6,42.95,609,600,30,FIRE,100,Synthetic simulation of FIRE condition,synthetic
2026-09-16 05:43:56.304806+00:00,SYNTH_FIRE_003,dev_001,Kitchen,238,73.56,43.19,606,596,30,FIRE,100,Synthetic simulation of FIRE condition,synthetic
2026-09-16 05:43:57.304806+00:00,SYNTH_FIRE_003,dev_001,Kitchen,240,73.71,42.83,614,598,30,FIRE,100,Synthetic simulation of FIRE condition,synthetic
2026-09-16 05:43:58.304806+00:00,SYNTH_FIRE_003,dev_001,Kitchen,229,73.77,43.52,613,602,30,FIRE,100,Synthetic simulation of FIRE condition,synthetic
2026-09-16 05:43:59.304806+00:00,SYNTH_FIRE_003,dev_001,Kitchen,238,74.0,42.94,619,604,30,FIRE,100,Synthetic simulation of FIRE condition,synthetic
2026-09-16 05:44:00.304806+00:00,SYNTH_FIRE_003,dev_001,Kitchen,240,74.12,43.22,615,604,30,FIRE,100,Synthetic simulation of FIRE condition,synthetic
2026-09-16 05:44:01.304806+00:00,SYNTH_FIRE_003,dev_001,Kitchen,242,74.02,43.3,618,603,30,FIRE,100,Synthetic simulation of FIRE condition,synthetic
2026-09-16 05:44:02.304806+00:00,SYNTH_FIRE_003,dev_001,Kitchen,248,73.98,43.56,624,606,30,FIRE,100,Synthetic simulation of FIRE condition,synthetic
2026-09-16 05:44:03.304806+00:00,SYNTH_FIRE_003,dev_001,Kitchen,237,73.84,42.93,617,605,30,FIRE,100,Synthetic simulation of FIRE condition,synthetic
2026-09-16 05:44:04.304806+00:00,SYNTH_FIRE_003,dev_001,Kitchen,236,74.09,43.07,617,604,30,FIRE,100,Synthetic simulation of FIRE condition,synthetic
2026-09-16 05:44:05.304806+00:00,SYNTH_FIRE_003,dev_001,Kitchen,234,74.35,43.57,622,603,30,FIRE,100,Synthetic simulation of FIRE condition,synthetic
2026-09-16 05:44:06.304806+00:00,SYNTH_FIRE_003,dev_001,Kitchen,228,74.28,43.7,618,602,30,FIRE,100,Synthetic simulation of FIRE condition,synthetic
2026-09-16 05:44:07.304806+00:00,SYNTH_FIRE_003,dev_001,Kitchen,233,74.2,43.3,621,603,30,FIRE,100,Synthetic simulation of FIRE condition,synthetic
2026-09-16 05:44:08.304806+00:00,SYNTH_FIRE_003,dev_001,Kitchen,234,74.34,43.43,617,604,30,FIRE,100,Synthetic simulation of FIRE condition,synthetic
2026-09-16 05:44:09.304806+00:00,SYNTH_FIRE_003,dev_001,Kitchen,229,73.95,43.38,621,602,30,FIRE,100,Synthetic simulation of FIRE condition,synthetic
2026-09-16 05:44:10.304806+00:00,SYNTH_FIRE_003,dev_001,Kitchen,226,74.51,43.4,618,605,30,FIRE,100,Synthetic simulation of FIRE condition,synthetic
2026-09-16 05:44:11.304806+00:00,SYNTH_FIRE_003,dev_001,Kitchen,232,74.17,43.37,621,605,30,FIRE,100,Synthetic simulation of FIRE condition,synthetic
2026-09-16 05:44:12.304806+00:00,SYNTH_FIRE_003,dev_001,Kitchen,226,73.95,43.51,619,607,30,FIRE,100,Synthetic simulation of FIRE condition,synthetic
2026-09-16 05:44:13.304806+00:00,SYNTH_FIRE_003,dev_001,Kitchen,232,74.46,43.41,615,605,30,FIRE,100,Synthetic simulation of FIRE condition,synthetic
2026-09-16 05:44:14.304806+00:00,SYNTH_FIRE_003,dev_001,Kitchen,233,74.3,43.57,623,604,30,FIRE,100,Synthetic simulation of FIRE condition,synthetic
2026-09-16 05:44:15.304806+00:00,SYNTH_FIRE_003,dev_001,Kitchen,230,74.07,43.31,620,606,30,FIRE,100,Synthetic simulation of FIRE condition,synthetic
2026-09-16 05:44:16.304806+00:00,SYNTH_FIRE_003,dev_001,Kitchen,233,74.39,43.19,621,601,30,FIRE,100,Synthetic simulation of FIRE condition,synthetic
2026-09-16 05:44:17.304806+00:00,SYNTH_FIRE_003,dev_001,Kitchen,227,74.19,43.12,619,605,30,FIRE,100,Synthetic simulation of FIRE condition,synthetic
2026-09-16 05:44:18.304806+00:00,SYNTH_FIRE_003,dev_001,Kitchen,231,74.16,43.6,620,602,30,FIRE,100,Synthetic simulation of FIRE condition,synthetic
2026-09-16 05:44:19.304806+00:00,SYNTH_FIRE_003,dev_001,Kitchen,229,74.19,43.23,619,604,30,FIRE,100,Synthetic simulation of FIRE condition,synthetic
2026-09-16 05:44:20.304806+00:00,SYNTH_FIRE_003,dev_001,Kitchen,240,74.2,43.33,619,606,30,FIRE,100,Synthetic simulation of FIRE condition,synthetic
2026-09-16 05:44:21.304806+00:00,SYNTH_FIRE_003,dev_001,Kitchen,234,74.39,43.08,619,603,30,FIRE,100,Synthetic simulation of FIRE condition,synthetic
2026-09-16 05:44:22.304806+00:00,SYNTH_FIRE_003,dev_001,Kitchen,234,74.42,43.18,619,605,30,FIRE,100,Synthetic simulation of FIRE condition,synthetic
2026-09-16 05:44:23.304806+00:00,SYNTH_FIRE_003,dev_001,Kitchen,231,74.27,43.73,618,608,30,FIRE,100,Synthetic simulation of FIRE condition,synthetic
2026-09-16 05:44:24.304806+00:00,SYNTH_FIRE_003,dev_001,Kitchen,238,74.27,43.46,616,606,30,FIRE,100,Synthetic simulation of FIRE condition,synthetic
2026-09-16 05:44:25.304806+00:00,SYNTH_FIRE_003,dev_001,Kitchen,237,74.34,43.33,613,606,30,FIRE,100,Synthetic simulation of FIRE condition,synthetic
2026-09-16 05:44:26.304806+00:00,SYNTH_FIRE_003,dev_001,Kitchen,230,74.42,43.09,614,605,30,FIRE,100,Synthetic simulation of FIRE condition,synthetic
2026-09-16 05:44:27.304806+00:00,SYNTH_FIRE_003,dev_001,Kitchen,236,74.03,43.04,615,602,30,FIRE,100,Synthetic simulation of FIRE condition,synthetic
2026-09-16 05:44:28.304806+00:00,SYNTH_FIRE_003,dev_001,Kitchen,230,74.41,43.53,617,603,30,FIRE,100,Synthetic simulation of FIRE condition,synthetic
2026-09-16 05:44:29.304806+00:00,SYNTH_FIRE_003,dev_001,Kitchen,233,74.29,42.93,620,605,30,FIRE,100,Synthetic simulation of FIRE condition,synthetic
2026-09-16 05:44:30.304806+00:00,SYNTH_FIRE_003,dev_001,Kitchen,240,74.12,42.65,616,604,30,FIRE,100,Synthetic simulation of FIRE condition,synthetic
2026-09-16 05:44:31.304806+00:00,SYNTH_FIRE_003,dev_001,Kitchen,232,74.54,43.23,621,603,30,FIRE,100,Synthetic simulation of FIRE condition,synthetic
2026-09-16 05:44:32.304806+00:00,SYNTH_FIRE_003,dev_001,Kitchen,231,74.45,43.46,622,600,30,FIRE,100,Synthetic simulation of FIRE condition,synthetic
2026-09-16 05:44:33.304806+00:00,SYNTH_FIRE_003,dev_001,Kitchen,234,74.07,43.29,618,605,30,FIRE,100,Synthetic simulation of FIRE condition,synthetic
2026-09-16 05:44:34.304806+00:00,SYNTH_FIRE_003,dev_001,Kitchen,232,74.23,43.34,617,604,30,FIRE,100,Synthetic simulation of FIRE condition,synthetic
2026-09-16 05:44:35.304806+00:00,SYNTH_FIRE_003,dev_001,Kitchen,233,74.57,43.1,614,608,30,FIRE,100,Synthetic simulation of FIRE condition,synthetic
2026-09-16 05:44:36.304806+00:00,SYNTH_FIRE_003,dev_001,Kitchen,232,74.31,43.14,620,603,30,FIRE,100,Synthetic simulation of FIRE condition,synthetic
2026-09-16 05:44:37.304806+00:00,SYNTH_FIRE_003,dev_001,Kitchen,234,74.45,43.32,617,599,30,FIRE,100,Synthetic simulation of FIRE condition,synthetic
2026-09-16 05:44:38.304806+00:00,SYNTH_FIRE_003,dev_001,Kitchen,233,74.28,43.37,618,605,30,FIRE,100,Synthetic simulation of FIRE condition,synthetic
2026-09-16 05:44:39.304806+00:00,SYNTH_FIRE_003,dev_001,Kitchen,234,74.26,43.03,622,608,30,FIRE,100,Synthetic simulation of FIRE condition,synthetic
2026-09-16 05:44:40.304806+00:00,SYNTH_FIRE_003,dev_001,Kitchen,237,74.21,43.92,619,608,30,FIRE,100,Synthetic simulation of FIRE condition,synthetic
2026-09-16 05:44:41.304806+00:00,SYNTH_FIRE_003,dev_001,Kitchen,230,74.03,43.3,614,604,30,FIRE,100,Synthetic simulation of FIRE condition,synthetic
2026-09-16 05:44:42.304806+00:00,SYNTH_FIRE_003,dev_001,Kitchen,228,74.3,43.32,620,604,30,FIRE,100,Synthetic simulation of FIRE condition,synthetic
2026-09-16 05:44:43.304806+00:00,SYNTH_FIRE_003,dev_001,Kitchen,238,74.33,43.37,625,606,30,FIRE,100,Synthetic simulation of FIRE condition,synthetic
2026-09-16 05:44:44.304806+00:00,SYNTH_FIRE_003,dev_001,Kitchen,238,73.97,43.16,619,610,30,FIRE,100,Synthetic simulation of FIRE condition,synthetic
2026-09-16 05:44:45.304806+00:00,SYNTH_FIRE_003,dev_001,Kitchen,235,74.35,43.13,621,603,30,FIRE,100,Synthetic simulation of FIRE condition,synthetic
2026-09-16 05:44:46.304806+00:00,SYNTH_FIRE_003,dev_001,Kitchen,228,74.18,43.25,619,603,30,FIRE,100,Synthetic simulation of FIRE condition,synthetic
2026-09-16 05:44:47.304806+00:00,SYNTH_FIRE_003,dev_001,Kitchen,234,74.27,43.76,617,608,30,FIRE,100,Synthetic simulation of FIRE condition,synthetic
2026-09-16 05:44:48.304806+00:00,SYNTH_FIRE_003,dev_001,Kitchen,230,74.37,42.9,616,608,30,FIRE,100,Synthetic simulation of FIRE condition,synthetic
2026-09-16 05:44:49.304806+00:00,SYNTH_FIRE_003,dev_001,Kitchen,221,74.11,43.72,620,605,30,FIRE,100,Synthetic simulation of FIRE condition,synthetic
2026-09-16 05:44:50.304806+00:00,SYNTH_FIRE_003,dev_001,Kitchen,226,74.14,42.92,617,601,30,FIRE,100,Synthetic simulation of FIRE condition,synthetic
2026-09-16 05:44:51.304806+00:00,SYNTH_FIRE_003,dev_001,Kitchen,230,74.16,43.1,614,607,30,FIRE,100,Synthetic simulation of FIRE condition,synthetic
2026-09-16 05:44:52.304806+00:00,SYNTH_FIRE_003,dev_001,Kitchen,230,74.49,43.96,617,602,30,FIRE,100,Synthetic simulation of FIRE condition,synthetic
2026-09-16 05:42:53.307307+00:00,SYNTH_FIRE_004,dev_001,Kitchen,903,25.57,52.95,121,100,90,NORMAL,100,Synthetic simulation of FIRE condition,synthetic
2026-09-16 05:42:54.307307+00:00,SYNTH_FIRE_004,dev_001,Kitchen,907,25.54,53.26,113,101,90,NORMAL,100,Synthetic simulation of FIRE condition,synthetic
2026-09-16 05:42:55.307307+00:00,SYNTH_FIRE_004,dev_001,Kitchen,907,25.25,52.72,120,105,90,NORMAL,100,Synthetic simulation of FIRE condition,synthetic
2026-09-16 05:42:56.307307+00:00,SYNTH_FIRE_004,dev_001,Kitchen,910,25.02,53.08,126,101,90,NORMAL,100,Synthetic simulation of FIRE condition,synthetic
2026-09-16 05:42:57.307307+00:00,SYNTH_FIRE_004,dev_001,Kitchen,911,25.32,53.07,118,103,90,NORMAL,100,Synthetic simulation of FIRE condition,synthetic
2026-09-16 05:42:58.307307+00:00,SYNTH_FIRE_004,dev_001,Kitchen,902,25.42,53.2,121,103,90,NORMAL,100,Synthetic simulation of FIRE condition,synthetic
2026-09-16 05:42:59.307307+00:00,SYNTH_FIRE_004,dev_001,Kitchen,908,25.35,52.88,118,101,90,NORMAL,100,Synthetic simulation of FIRE condition,synthetic
2026-09-16 05:43:00.307307+00:00,SYNTH_FIRE_004,dev_001,Kitchen,899,25.35,53.14,119,105,90,NORMAL,100,Synthetic simulation of FIRE condition,synthetic
2026-09-16 05:43:01.307307+00:00,SYNTH_FIRE_004,dev_001,Kitchen,906,25.1,53.19,117,105,90,NORMAL,100,Synthetic simulation of FIRE condition,synthetic
2026-09-16 05:43:02.307307+00:00,SYNTH_FIRE_004,dev_001,Kitchen,901,25.42,52.73,126,103,90,NORMAL,100,Synthetic simulation of FIRE condition,synthetic
2026-09-16 05:43:03.307307+00:00,SYNTH_FIRE_004,dev_001,Kitchen,910,25.7,52.87,116,105,90,NORMAL,100,Synthetic simulation of FIRE condition,synthetic
2026-09-16 05:43:04.307307+00:00,SYNTH_FIRE_004,dev_001,Kitchen,901,25.37,52.96,123,102,90,NORMAL,100,Synthetic simulation of FIRE condition,synthetic
2026-09-16 05:43:05.307307+00:00,SYNTH_FIRE_004,dev_001,Kitchen,907,25.56,53.11,117,103,90,NORMAL,100,Synthetic simulation of FIRE condition,synthetic
2026-09-16 05:43:06.307307+00:00,SYNTH_FIRE_004,dev_001,Kitchen,913,25.47,52.93,122,98,90,NORMAL,100,Synthetic simulation of FIRE condition,synthetic
2026-09-16 05:43:07.307307+00:00,SYNTH_FIRE_004,dev_001,Kitchen,909,25.45,52.71,117,103,90,NORMAL,100,Synthetic simulation of FIRE condition,synthetic
2026-09-16 05:43:08.307307+00:00,SYNTH_FIRE_004,dev_001,Kitchen,904,25.27,52.84,117,103,90,NORMAL,100,Synthetic simulation of FIRE condition,synthetic
2026-09-16 05:43:09.307307+00:00,SYNTH_FIRE_004,dev_001,Kitchen,898,25.43,52.8,126,102,90,NORMAL,100,Synthetic simulation of FIRE condition,synthetic
2026-09-16 05:43:10.307307+00:00,SYNTH_FIRE_004,dev_001,Kitchen,904,25.51,53.07,120,103,90,NORMAL,100,Synthetic simulation of FIRE condition,synthetic
2026-09-16 05:43:11.307307+00:00,SYNTH_FIRE_004,dev_001,Kitchen,908,25.37,52.89,121,101,90,NORMAL,100,Synthetic simulation of FIRE condition,synthetic
2026-09-16 05:43:12.307307+00:00,SYNTH_FIRE_004,dev_001,Kitchen,906,25.48,53.08,117,106,90,NORMAL,100,Synthetic simulation of FIRE condition,synthetic
2026-09-16 05:43:13.307307+00:00,SYNTH_FIRE_004,dev_001,Kitchen,908,25.08,52.91,119,101,90,NORMAL,100,Synthetic simulation of FIRE condition,synthetic
2026-09-16 05:43:14.307307+00:00,SYNTH_FIRE_004,dev_001,Kitchen,902,25.23,52.76,117,99,90,NORMAL,100,Synthetic simulation of FIRE condition,synthetic
2026-09-16 05:43:15.307307+00:00,SYNTH_FIRE_004,dev_001,Kitchen,913,25.39,53.36,120,105,90,NORMAL,100,Synthetic simulation of FIRE condition,synthetic
2026-09-16 05:43:16.307307+00:00,SYNTH_FIRE_004,dev_001,Kitchen,907,25.35,53.11,117,103,90,NORMAL,100,Synthetic simulation of FIRE condition,synthetic
2026-09-16 05:43:17.307307+00:00,SYNTH_FIRE_004,dev_001,Kitchen,889,26.0,41.24,126,117,135,FIRE,100,Synthetic simulation of FIRE condition,synthetic
2026-09-16 05:43:18.307307+00:00,SYNTH_FIRE_004,dev_001,Kitchen,890,26.43,41.16,122,119,135,FIRE,100,Synthetic simulation of FIRE condition,synthetic
2026-09-16 05:43:19.307307+00:00,SYNTH_FIRE_004,dev_001,Kitchen,885,26.37,41.21,133,120,135,FIRE,100,Synthetic simulation of FIRE condition,synthetic
2026-09-16 05:43:20.307307+00:00,SYNTH_FIRE_004,dev_001,Kitchen,879,26.86,40.79,139,128,135,FIRE,100,Synthetic simulation of FIRE condition,synthetic
2026-09-16 05:43:21.307307+00:00,SYNTH_FIRE_004,dev_001,Kitchen,878,27.23,40.71,135,128,135,FIRE,100,Synthetic simulation of FIRE condition,synthetic
2026-09-16 05:43:22.307307+00:00,SYNTH_FIRE_004,dev_001,Kitchen,872,27.62,41.51,147,135,135,FIRE,100,Synthetic simulation of FIRE condition,synthetic
2026-09-16 05:43:23.307307+00:00,SYNTH_FIRE_004,dev_001,Kitchen,867,28.31,40.81,147,149,135,FIRE,100,Synthetic simulation of FIRE condition,synthetic
2026-09-16 05:43:24.307307+00:00,SYNTH_FIRE_004,dev_001,Kitchen,844,28.95,40.92,153,150,135,FIRE,100,Synthetic simulation of FIRE condition,synthetic
2026-09-16 05:43:25.307307+00:00,SYNTH_FIRE_004,dev_001,Kitchen,842,29.68,41.38,159,155,135,FIRE,100,Synthetic simulation of FIRE condition,synthetic
2026-09-16 05:43:26.307307+00:00,SYNTH_FIRE_004,dev_001,Kitchen,819,30.33,41.08,170,174,135,FIRE,100,Synthetic simulation of FIRE condition,synthetic
2026-09-16 05:43:27.307307+00:00,SYNTH_FIRE_004,dev_001,Kitchen,809,31.35,41.18,173,188,135,FIRE,100,Synthetic simulation of FIRE condition,synthetic
2026-09-16 05:43:28.307307+00:00,SYNTH_FIRE_004,dev_001,Kitchen,792,32.57,41.1,185,203,135,FIRE,100,Synthetic simulation of FIRE condition,synthetic
2026-09-16 05:43:29.307307+00:00,SYNTH_FIRE_004,dev_001,Kitchen,772,33.78,40.95,195,225,135,FIRE,100,Synthetic simulation of FIRE condition,synthetic
2026-09-16 05:43:30.307307+00:00,SYNTH_FIRE_004,dev_001,Kitchen,744,35.58,40.73,208,245,135,FIRE,100,Synthetic simulation of FIRE condition,synthetic
2026-09-16 05:43:31.307307+00:00,SYNTH_FIRE_004,dev_001,Kitchen,713,36.98,41.6,230,271,135,FIRE,100,Synthetic simulation of FIRE condition,synthetic
2026-09-16 05:43:32.307307+00:00,SYNTH_FIRE_004,dev_001,Kitchen,691,39.19,40.98,248,299,135,FIRE,100,Synthetic simulation of FIRE condition,synthetic
2026-09-16 05:43:33.307307+00:00,SYNTH_FIRE_004,dev_001,Kitchen,647,41.32,40.95,275,326,135,FIRE,100,Synthetic simulation of FIRE condition,synthetic
2026-09-16 05:43:34.307307+00:00,SYNTH_FIRE_004,dev_001,Kitchen,613,43.43,41.23,291,354,135,FIRE,100,Synthetic simulation of FIRE condition,synthetic
2026-09-16 05:43:35.307307+00:00,SYNTH_FIRE_004,dev_001,Kitchen,579,45.97,40.85,308,391,135,FIRE,100,Synthetic simulation of FIRE condition,synthetic
2026-09-16 05:43:36.307307+00:00,SYNTH_FIRE_004,dev_001,Kitchen,545,48.56,40.96,329,423,135,FIRE,100,Synthetic simulation of FIRE condition,synthetic
2026-09-16 05:43:37.307307+00:00,SYNTH_FIRE_004,dev_001,Kitchen,504,51.02,40.85,358,460,135,FIRE,100,Synthetic simulation of FIRE condition,synthetic
2026-09-16 05:43:38.307307+00:00,SYNTH_FIRE_004,dev_001,Kitchen,459,53.07,41.15,379,487,135,FIRE,100,Synthetic simulation of FIRE condition,synthetic
2026-09-16 05:43:39.307307+00:00,SYNTH_FIRE_004,dev_001,Kitchen,432,55.21,40.94,392,524,135,FIRE,100,Synthetic simulation of FIRE condition,synthetic
2026-09-16 05:43:40.307307+00:00,SYNTH_FIRE_004,dev_001,Kitchen,399,56.91,41.07,412,553,135,FIRE,100,Synthetic simulation of FIRE condition,synthetic
2026-09-16 05:43:41.307307+00:00,SYNTH_FIRE_004,dev_001,Kitchen,370,59.46,40.84,435,576,135,FIRE,100,Synthetic simulation of FIRE condition,synthetic
2026-09-16 05:43:42.307307+00:00,SYNTH_FIRE_004,dev_001,Kitchen,348,60.82,41.05,455,598,135,FIRE,100,Synthetic simulation of FIRE condition,synthetic
2026-09-16 05:43:43.307307+00:00,SYNTH_FIRE_004,dev_001,Kitchen,316,62.49,40.79,463,626,135,FIRE,100,Synthetic simulation of FIRE condition,synthetic
2026-09-16 05:43:44.307307+00:00,SYNTH_FIRE_004,dev_001,Kitchen,298,63.81,40.83,484,643,135,FIRE,100,Synthetic simulation of FIRE condition,synthetic
2026-09-16 05:43:45.307307+00:00,SYNTH_FIRE_004,dev_001,Kitchen,270,64.87,40.75,489,656,135,FIRE,100,Synthetic simulation of FIRE condition,synthetic
2026-09-16 05:43:46.307307+00:00,SYNTH_FIRE_004,dev_001,Kitchen,261,65.6,40.93,496,666,135,FIRE,100,Synthetic simulation of FIRE condition,synthetic
2026-09-16 05:43:47.307307+00:00,SYNTH_FIRE_004,dev_001,Kitchen,256,66.79,40.59,501,681,135,FIRE,100,Synthetic simulation of FIRE condition,synthetic
2026-09-16 05:43:48.307307+00:00,SYNTH_FIRE_004,dev_001,Kitchen,234,67.17,40.96,509,692,135,FIRE,100,Synthetic simulation of FIRE condition,synthetic
2026-09-16 05:43:49.307307+00:00,SYNTH_FIRE_004,dev_001,Kitchen,230,68.11,40.67,518,699,135,FIRE,100,Synthetic simulation of FIRE condition,synthetic
2026-09-16 05:43:50.307307+00:00,SYNTH_FIRE_004,dev_001,Kitchen,226,68.51,41.08,520,710,135,FIRE,100,Synthetic simulation of FIRE condition,synthetic
2026-09-16 05:43:51.307307+00:00,SYNTH_FIRE_004,dev_001,Kitchen,215,68.66,41.09,526,711,135,FIRE,100,Synthetic simulation of FIRE condition,synthetic
2026-09-16 05:43:52.307307+00:00,SYNTH_FIRE_004,dev_001,Kitchen,216,69.04,40.9,523,713,135,FIRE,100,Synthetic simulation of FIRE condition,synthetic
2026-09-16 05:43:53.307307+00:00,SYNTH_FIRE_004,dev_001,Kitchen,208,69.26,40.96,528,716,135,FIRE,100,Synthetic simulation of FIRE condition,synthetic
2026-09-16 05:43:54.307307+00:00,SYNTH_FIRE_004,dev_001,Kitchen,201,69.44,41.31,531,722,135,FIRE,100,Synthetic simulation of FIRE condition,synthetic
2026-09-16 05:43:55.307307+00:00,SYNTH_FIRE_004,dev_001,Kitchen,202,69.88,41.08,530,723,135,FIRE,100,Synthetic simulation of FIRE condition,synthetic
2026-09-16 05:43:56.307307+00:00,SYNTH_FIRE_004,dev_001,Kitchen,199,69.9,41.11,536,725,135,FIRE,100,Synthetic simulation of FIRE condition,synthetic
2026-09-16 05:43:57.307307+00:00,SYNTH_FIRE_004,dev_001,Kitchen,198,69.96,41.04,537,725,135,FIRE,100,Synthetic simulation of FIRE condition,synthetic
2026-09-16 05:43:58.307307+00:00,SYNTH_FIRE_004,dev_001,Kitchen,197,70.09,41.27,536,733,135,FIRE,100,Synthetic simulation of FIRE condition,synthetic
2026-09-16 05:43:59.307307+00:00,SYNTH_FIRE_004,dev_001,Kitchen,197,70.12,41.26,536,731,135,FIRE,100,Synthetic simulation of FIRE condition,synthetic
2026-09-16 05:44:00.307307+00:00,SYNTH_FIRE_004,dev_001,Kitchen,193,70.16,41.03,540,735,135,FIRE,100,Synthetic simulation of FIRE condition,synthetic
2026-09-16 05:44:01.307307+00:00,SYNTH_FIRE_004,dev_001,Kitchen,191,70.22,40.97,540,731,135,FIRE,100,Synthetic simulation of FIRE condition,synthetic
2026-09-16 05:44:02.307307+00:00,SYNTH_FIRE_004,dev_001,Kitchen,196,70.5,40.9,538,734,135,FIRE,100,Synthetic simulation of FIRE condition,synthetic
2026-09-16 05:44:03.307307+00:00,SYNTH_FIRE_004,dev_001,Kitchen,193,70.4,41.1,533,731,135,FIRE,100,Synthetic simulation of FIRE condition,synthetic
2026-09-16 05:44:04.307307+00:00,SYNTH_FIRE_004,dev_001,Kitchen,188,70.57,40.64,537,732,135,FIRE,100,Synthetic simulation of FIRE condition,synthetic
2026-09-16 05:44:05.307307+00:00,SYNTH_FIRE_004,dev_001,Kitchen,189,70.41,40.99,544,733,135,FIRE,100,Synthetic simulation of FIRE condition,synthetic
2026-09-16 05:44:06.307307+00:00,SYNTH_FIRE_004,dev_001,Kitchen,189,70.58,41.22,539,734,135,FIRE,100,Synthetic simulation of FIRE condition,synthetic
2026-09-16 05:44:07.307307+00:00,SYNTH_FIRE_004,dev_001,Kitchen,192,70.47,40.55,537,740,135,FIRE,100,Synthetic simulation of FIRE condition,synthetic
2026-09-16 05:44:08.307307+00:00,SYNTH_FIRE_004,dev_001,Kitchen,186,70.68,40.65,539,735,135,FIRE,100,Synthetic simulation of FIRE condition,synthetic
2026-09-16 05:44:09.307307+00:00,SYNTH_FIRE_004,dev_001,Kitchen,188,70.54,41.14,541,738,135,FIRE,100,Synthetic simulation of FIRE condition,synthetic
2026-09-16 05:44:10.307307+00:00,SYNTH_FIRE_004,dev_001,Kitchen,194,70.61,41.4,541,736,135,FIRE,100,Synthetic simulation of FIRE condition,synthetic
2026-09-16 05:44:11.307307+00:00,SYNTH_FIRE_004,dev_001,Kitchen,197,70.53,40.5,538,733,135,FIRE,100,Synthetic simulation of FIRE condition,synthetic
2026-09-16 05:44:12.307307+00:00,SYNTH_FIRE_004,dev_001,Kitchen,189,70.4,40.99,537,734,135,FIRE,100,Synthetic simulation of FIRE condition,synthetic
2026-09-16 05:44:13.307307+00:00,SYNTH_FIRE_004,dev_001,Kitchen,188,70.33,41.06,539,732,135,FIRE,100,Synthetic simulation of FIRE condition,synthetic
2026-09-16 05:44:14.307307+00:00,SYNTH_FIRE_004,dev_001,Kitchen,190,70.64,40.21,542,731,135,FIRE,100,Synthetic simulation of FIRE condition,synthetic
2026-09-16 05:44:15.307307+00:00,SYNTH_FIRE_004,dev_001,Kitchen,190,70.44,41.19,547,735,135,FIRE,100,Synthetic simulation of FIRE condition,synthetic
2026-09-16 05:44:16.307307+00:00,SYNTH_FIRE_004,dev_001,Kitchen,190,70.48,41.03,543,739,135,FIRE,100,Synthetic simulation of FIRE condition,synthetic
2026-09-16 05:44:17.307307+00:00,SYNTH_FIRE_004,dev_001,Kitchen,186,70.29,40.51,544,733,135,FIRE,100,Synthetic simulation of FIRE condition,synthetic
2026-09-16 05:44:18.307307+00:00,SYNTH_FIRE_004,dev_001,Kitchen,193,70.23,40.82,538,738,135,FIRE,100,Synthetic simulation of FIRE condition,synthetic
2026-09-16 05:44:19.307307+00:00,SYNTH_FIRE_004,dev_001,Kitchen,195,70.61,41.18,541,736,135,FIRE,100,Synthetic simulation of FIRE condition,synthetic
2026-09-16 05:44:20.307307+00:00,SYNTH_FIRE_004,dev_001,Kitchen,187,70.63,40.83,546,732,135,FIRE,100,Synthetic simulation of FIRE condition,synthetic
2026-09-16 05:44:21.307307+00:00,SYNTH_FIRE_004,dev_001,Kitchen,191,70.52,41.3,541,737,135,FIRE,100,Synthetic simulation of FIRE condition,synthetic
2026-09-16 05:44:22.307307+00:00,SYNTH_FIRE_004,dev_001,Kitchen,185,70.3,40.96,536,734,135,FIRE,100,Synthetic simulation of FIRE condition,synthetic
2026-09-16 05:44:23.307307+00:00,SYNTH_FIRE_004,dev_001,Kitchen,190,70.49,40.87,539,735,135,FIRE,100,Synthetic simulation of FIRE condition,synthetic
2026-09-16 05:44:24.307307+00:00,SYNTH_FIRE_004,dev_001,Kitchen,188,70.26,40.7,538,735,135,FIRE,100,Synthetic simulation of FIRE condition,synthetic
2026-09-16 05:44:25.307307+00:00,SYNTH_FIRE_004,dev_001,Kitchen,191,70.2,40.92,542,737,135,FIRE,100,Synthetic simulation of FIRE condition,synthetic
2026-09-16 05:44:26.307307+00:00,SYNTH_FIRE_004,dev_001,Kitchen,188,70.5,40.71,543,737,135,FIRE,100,Synthetic simulation of FIRE condition,synthetic
2026-09-16 05:44:27.307307+00:00,SYNTH_FIRE_004,dev_001,Kitchen,189,70.22,40.95,539,734,135,FIRE,100,Synthetic simulation of FIRE condition,synthetic
2026-09-16 05:44:28.307307+00:00,SYNTH_FIRE_004,dev_001,Kitchen,195,70.57,40.9,535,736,135,FIRE,100,Synthetic simulation of FIRE condition,synthetic
2026-09-16 05:44:29.307307+00:00,SYNTH_FIRE_004,dev_001,Kitchen,193,70.27,40.68,537,736,135,FIRE,100,Synthetic simulation of FIRE condition,synthetic
2026-09-16 05:44:30.307307+00:00,SYNTH_FIRE_004,dev_001,Kitchen,193,70.76,40.76,534,737,135,FIRE,100,Synthetic simulation of FIRE condition,synthetic
2026-09-16 05:44:31.307307+00:00,SYNTH_FIRE_004,dev_001,Kitchen,194,70.49,40.77,533,735,135,FIRE,100,Synthetic simulation of FIRE condition,synthetic
2026-09-16 05:44:32.307307+00:00,SYNTH_FIRE_004,dev_001,Kitchen,191,70.59,40.86,541,732,135,FIRE,100,Synthetic simulation of FIRE condition,synthetic
2026-09-16 05:44:33.307307+00:00,SYNTH_FIRE_004,dev_001,Kitchen,188,70.55,40.94,544,731,135,FIRE,100,Synthetic simulation of FIRE condition,synthetic
2026-09-16 05:44:34.307307+00:00,SYNTH_FIRE_004,dev_001,Kitchen,193,70.37,41.34,536,734,135,FIRE,100,Synthetic simulation of FIRE condition,synthetic
2026-09-16 05:44:35.307307+00:00,SYNTH_FIRE_004,dev_001,Kitchen,188,70.38,41.46,536,735,135,FIRE,100,Synthetic simulation of FIRE condition,synthetic
2026-09-16 05:44:36.307307+00:00,SYNTH_FIRE_004,dev_001,Kitchen,189,70.49,40.9,544,738,135,FIRE,100,Synthetic simulation of FIRE condition,synthetic
2026-09-16 05:44:37.307307+00:00,SYNTH_FIRE_004,dev_001,Kitchen,195,70.53,40.96,541,732,135,FIRE,100,Synthetic simulation of FIRE condition,synthetic
2026-09-16 05:44:38.307307+00:00,SYNTH_FIRE_004,dev_001,Kitchen,195,70.28,41.36,544,740,135,FIRE,100,Synthetic simulation of FIRE condition,synthetic
2026-09-16 05:44:39.307307+00:00,SYNTH_FIRE_004,dev_001,Kitchen,196,70.36,41.05,537,735,135,FIRE,100,Synthetic simulation of FIRE condition,synthetic
2026-09-16 05:44:40.307307+00:00,SYNTH_FIRE_004,dev_001,Kitchen,193,70.54,40.96,539,737,135,FIRE,100,Synthetic simulation of FIRE condition,synthetic
2026-09-16 05:44:41.307307+00:00,SYNTH_FIRE_004,dev_001,Kitchen,192,70.36,40.82,539,737,135,FIRE,100,Synthetic simulation of FIRE condition,synthetic
2026-09-16 05:44:42.307307+00:00,SYNTH_FIRE_004,dev_001,Kitchen,189,70.53,40.8,537,734,135,FIRE,100,Synthetic simulation of FIRE condition,synthetic
2026-09-16 05:44:43.307307+00:00,SYNTH_FIRE_004,dev_001,Kitchen,190,70.46,40.54,544,733,135,FIRE,100,Synthetic simulation of FIRE condition,synthetic
2026-09-16 05:44:44.307307+00:00,SYNTH_FIRE_004,dev_001,Kitchen,188,70.38,40.88,540,735,135,FIRE,100,Synthetic simulation of FIRE condition,synthetic
2026-09-16 05:44:45.307307+00:00,SYNTH_FIRE_004,dev_001,Kitchen,192,70.39,40.99,541,737,135,FIRE,100,Synthetic simulation of FIRE condition,synthetic
2026-09-16 05:44:46.307307+00:00,SYNTH_FIRE_004,dev_001,Kitchen,181,70.43,40.51,536,732,135,FIRE,100,Synthetic simulation of FIRE condition,synthetic
2026-09-16 05:44:47.307307+00:00,SYNTH_FIRE_004,dev_001,Kitchen,192,70.48,41.11,531,732,135,FIRE,100,Synthetic simulation of FIRE condition,synthetic
2026-09-16 05:44:48.307307+00:00,SYNTH_FIRE_004,dev_001,Kitchen,192,70.35,41.07,539,734,135,FIRE,100,Synthetic simulation of FIRE condition,synthetic
2026-09-16 05:44:49.307307+00:00,SYNTH_FIRE_004,dev_001,Kitchen,189,70.58,40.77,536,733,135,FIRE,100,Synthetic simulation of FIRE condition,synthetic
2026-09-16 05:44:50.307307+00:00,SYNTH_FIRE_004,dev_001,Kitchen,188,70.52,41.04,537,735,135,FIRE,100,Synthetic simulation of FIRE condition,synthetic
2026-09-16 05:44:51.307307+00:00,SYNTH_FIRE_004,dev_001,Kitchen,198,70.23,41.02,542,733,135,FIRE,100,Synthetic simulation of FIRE condition,synthetic
2026-09-16 05:44:52.307307+00:00,SYNTH_FIRE_004,dev_001,Kitchen,185,70.44,40.77,536,733,135,FIRE,100,Synthetic simulation of FIRE condition,synthetic
2026-09-16 05:42:53.309341+00:00,SYNTH_FIRE_005,dev_001,Kitchen,897,25.4,50.43,135,124,90,NORMAL,100,Synthetic simulation of FIRE condition,synthetic
2026-09-16 05:42:54.309341+00:00,SYNTH_FIRE_005,dev_001,Kitchen,900,25.28,50.63,136,127,90,NORMAL,100,Synthetic simulation of FIRE condition,synthetic
2026-09-16 05:42:55.309341+00:00,SYNTH_FIRE_005,dev_001,Kitchen,898,25.28,50.69,136,130,90,NORMAL,100,Synthetic simulation of FIRE condition,synthetic
2026-09-16 05:42:56.309341+00:00,SYNTH_FIRE_005,dev_001,Kitchen,895,25.45,50.38,142,127,90,NORMAL,100,Synthetic simulation of FIRE condition,synthetic
2026-09-16 05:42:57.309341+00:00,SYNTH_FIRE_005,dev_001,Kitchen,906,25.44,50.52,140,129,90,NORMAL,100,Synthetic simulation of FIRE condition,synthetic
2026-09-16 05:42:58.309341+00:00,SYNTH_FIRE_005,dev_001,Kitchen,903,25.64,50.64,138,127,90,NORMAL,100,Synthetic simulation of FIRE condition,synthetic
2026-09-16 05:42:59.309341+00:00,SYNTH_FIRE_005,dev_001,Kitchen,893,25.61,50.16,137,124,90,NORMAL,100,Synthetic simulation of FIRE condition,synthetic
2026-09-16 05:43:00.309341+00:00,SYNTH_FIRE_005,dev_001,Kitchen,898,25.55,50.21,136,127,90,NORMAL,100,Synthetic simulation of FIRE condition,synthetic
2026-09-16 05:43:01.309341+00:00,SYNTH_FIRE_005,dev_001,Kitchen,895,25.53,50.32,137,132,90,NORMAL,100,Synthetic simulation of FIRE condition,synthetic
2026-09-16 05:43:02.309341+00:00,SYNTH_FIRE_005,dev_001,Kitchen,902,25.39,50.06,136,128,90,NORMAL,100,Synthetic simulation of FIRE condition,synthetic
2026-09-16 05:43:03.309341+00:00,SYNTH_FIRE_005,dev_001,Kitchen,896,25.27,49.65,136,130,90,NORMAL,100,Synthetic simulation of FIRE condition,synthetic
2026-09-16 05:43:04.309341+00:00,SYNTH_FIRE_005,dev_001,Kitchen,896,25.51,50.55,135,127,90,NORMAL,100,Synthetic simulation of FIRE condition,synthetic
2026-09-16 05:43:05.309341+00:00,SYNTH_FIRE_005,dev_001,Kitchen,897,25.36,50.39,134,126,90,NORMAL,100,Synthetic simulation of FIRE condition,synthetic
2026-09-16 05:43:06.309341+00:00,SYNTH_FIRE_005,dev_001,Kitchen,889,24.97,50.92,135,126,90,NORMAL,100,Synthetic simulation of FIRE condition,synthetic
2026-09-16 05:43:07.309341+00:00,SYNTH_FIRE_005,dev_001,Kitchen,906,25.24,50.92,139,131,90,NORMAL,100,Synthetic simulation of FIRE condition,synthetic
2026-09-16 05:43:08.309341+00:00,SYNTH_FIRE_005,dev_001,Kitchen,895,25.4,50.29,137,126,90,NORMAL,100,Synthetic simulation of FIRE condition,synthetic
2026-09-16 05:43:09.309341+00:00,SYNTH_FIRE_005,dev_001,Kitchen,891,25.32,50.52,139,131,90,NORMAL,100,Synthetic simulation of FIRE condition,synthetic
2026-09-16 05:43:10.309341+00:00,SYNTH_FIRE_005,dev_001,Kitchen,898,25.28,50.18,140,127,90,NORMAL,100,Synthetic simulation of FIRE condition,synthetic
2026-09-16 05:43:11.309341+00:00,SYNTH_FIRE_005,dev_001,Kitchen,904,25.36,50.68,137,127,90,NORMAL,100,Synthetic simulation of FIRE condition,synthetic
2026-09-16 05:43:12.309341+00:00,SYNTH_FIRE_005,dev_001,Kitchen,894,25.5,50.46,135,131,90,NORMAL,100,Synthetic simulation of FIRE condition,synthetic
2026-09-16 05:43:13.309341+00:00,SYNTH_FIRE_005,dev_001,Kitchen,898,25.34,49.99,134,127,90,NORMAL,100,Synthetic simulation of FIRE condition,synthetic
2026-09-16 05:43:14.309341+00:00,SYNTH_FIRE_005,dev_001,Kitchen,894,25.33,50.46,132,131,90,NORMAL,100,Synthetic simulation of FIRE condition,synthetic
2026-09-16 05:43:15.309341+00:00,SYNTH_FIRE_005,dev_001,Kitchen,897,25.14,50.22,138,121,90,NORMAL,100,Synthetic simulation of FIRE condition,synthetic
2026-09-16 05:43:16.309341+00:00,SYNTH_FIRE_005,dev_001,Kitchen,902,25.47,50.23,135,125,90,NORMAL,100,Synthetic simulation of FIRE condition,synthetic
2026-09-16 05:43:17.309341+00:00,SYNTH_FIRE_005,dev_001,Kitchen,882,26.14,38.05,149,141,45,FIRE,100,Synthetic simulation of FIRE condition,synthetic
2026-09-16 05:43:18.309341+00:00,SYNTH_FIRE_005,dev_001,Kitchen,883,26.53,38.59,147,137,45,FIRE,100,Synthetic simulation of FIRE condition,synthetic
2026-09-16 05:43:19.309341+00:00,SYNTH_FIRE_005,dev_001,Kitchen,881,26.53,38.35,148,145,45,FIRE,100,Synthetic simulation of FIRE condition,synthetic
2026-09-16 05:43:20.309341+00:00,SYNTH_FIRE_005,dev_001,Kitchen,875,26.68,38.12,148,150,45,FIRE,100,Synthetic simulation of FIRE condition,synthetic
2026-09-16 05:43:21.309341+00:00,SYNTH_FIRE_005,dev_001,Kitchen,878,27.29,38.77,158,150,45,FIRE,100,Synthetic simulation of FIRE condition,synthetic
2026-09-16 05:43:22.309341+00:00,SYNTH_FIRE_005,dev_001,Kitchen,864,27.66,38.58,161,157,45,FIRE,100,Synthetic simulation of FIRE condition,synthetic
2026-09-16 05:43:23.309341+00:00,SYNTH_FIRE_005,dev_001,Kitchen,851,28.13,38.56,169,164,45,FIRE,100,Synthetic simulation of FIRE condition,synthetic
2026-09-16 05:43:24.309341+00:00,SYNTH_FIRE_005,dev_001,Kitchen,849,28.69,37.87,174,176,45,FIRE,100,Synthetic simulation of FIRE condition,synthetic
2026-09-16 05:43:25.309341+00:00,SYNTH_FIRE_005,dev_001,Kitchen,834,29.38,38.01,182,183,45,FIRE,100,Synthetic simulation of FIRE condition,synthetic
2026-09-16 05:43:26.309341+00:00,SYNTH_FIRE_005,dev_001,Kitchen,822,30.33,38.33,191,196,45,FIRE,100,Synthetic simulation of FIRE condition,synthetic
2026-09-16 05:43:27.309341+00:00,SYNTH_FIRE_005,dev_001,Kitchen,807,31.48,38.27,203,206,45,FIRE,100,Synthetic simulation of FIRE condition,synthetic
2026-09-16 05:43:28.309341+00:00,SYNTH_FIRE_005,dev_001,Kitchen,793,32.44,37.96,216,224,45,FIRE,100,Synthetic simulation of FIRE condition,synthetic
2026-09-16 05:43:29.309341+00:00,SYNTH_FIRE_005,dev_001,Kitchen,768,33.92,38.69,235,241,45,FIRE,100,Synthetic simulation of FIRE condition,synthetic
2026-09-16 05:43:30.309341+00:00,SYNTH_FIRE_005,dev_001,Kitchen,748,35.35,38.18,249,267,45,FIRE,100,Synthetic simulation of FIRE condition,synthetic
2026-09-16 05:43:31.309341+00:00,SYNTH_FIRE_005,dev_001,Kitchen,716,37.09,38.49,270,287,45,FIRE,100,Synthetic simulation of FIRE condition,synthetic
2026-09-16 05:43:32.309341+00:00,SYNTH_FIRE_005,dev_001,Kitchen,687,38.74,38.36,292,315,45,FIRE,100,Synthetic simulation of FIRE condition,synthetic
2026-09-16 05:43:33.309341+00:00,SYNTH_FIRE_005,dev_001,Kitchen,663,40.73,38.77,309,346,45,FIRE,100,Synthetic simulation of FIRE condition,synthetic
2026-09-16 05:43:34.309341+00:00,SYNTH_FIRE_005,dev_001,Kitchen,620,43.0,38.17,338,372,45,FIRE,100,Synthetic simulation of FIRE condition,synthetic
2026-09-16 05:43:35.309341+00:00,SYNTH_FIRE_005,dev_001,Kitchen,586,45.66,38.15,357,407,45,FIRE,100,Synthetic simulation of FIRE condition,synthetic
2026-09-16 05:43:36.309341+00:00,SYNTH_FIRE_005,dev_001,Kitchen,551,47.87,38.53,389,437,45,FIRE,100,Synthetic simulation of FIRE condition,synthetic
2026-09-16 05:43:37.309341+00:00,SYNTH_FIRE_005,dev_001,Kitchen,511,50.01,38.08,414,464,45,FIRE,100,Synthetic simulation of FIRE condition,synthetic
2026-09-16 05:43:38.309341+00:00,SYNTH_FIRE_005,dev_001,Kitchen,477,52.45,38.38,439,502,45,FIRE,100,Synthetic simulation of FIRE condition,synthetic
2026-09-16 05:43:39.309341+00:00,SYNTH_FIRE_005,dev_001,Kitchen,444,54.65,38.38,461,533,45,FIRE,100,Synthetic simulation of FIRE condition,synthetic
2026-09-16 05:43:40.309341+00:00,SYNTH_FIRE_005,dev_001,Kitchen,415,56.8,38.32,487,561,45,FIRE,100,Synthetic simulation of FIRE condition,synthetic
2026-09-16 05:43:41.309341+00:00,SYNTH_FIRE_005,dev_001,Kitchen,379,58.31,38.23,505,585,45,FIRE,100,Synthetic simulation of FIRE condition,synthetic
2026-09-16 05:43:42.309341+00:00,SYNTH_FIRE_005,dev_001,Kitchen,366,60.01,38.37,526,607,45,FIRE,100,Synthetic simulation of FIRE condition,synthetic
2026-09-16 05:43:43.309341+00:00,SYNTH_FIRE_005,dev_001,Kitchen,338,61.42,38.38,540,628,45,FIRE,100,Synthetic simulation of FIRE condition,synthetic
2026-09-16 05:43:44.309341+00:00,SYNTH_FIRE_005,dev_001,Kitchen,316,62.89,38.67,553,644,45,FIRE,100,Synthetic simulation of FIRE condition,synthetic
2026-09-16 05:43:45.309341+00:00,SYNTH_FIRE_005,dev_001,Kitchen,297,63.51,38.35,567,655,45,FIRE,100,Synthetic simulation of FIRE condition,synthetic
2026-09-16 05:43:46.309341+00:00,SYNTH_FIRE_005,dev_001,Kitchen,283,64.37,38.45,574,672,45,FIRE,100,Synthetic simulation of FIRE condition,synthetic
2026-09-16 05:43:47.309341+00:00,SYNTH_FIRE_005,dev_001,Kitchen,279,65.64,38.7,590,687,45,FIRE,100,Synthetic simulation of FIRE condition,synthetic
2026-09-16 05:43:48.309341+00:00,SYNTH_FIRE_005,dev_001,Kitchen,266,66.3,38.07,597,696,45,FIRE,100,Synthetic simulation of FIRE condition,synthetic
2026-09-16 05:43:49.309341+00:00,SYNTH_FIRE_005,dev_001,Kitchen,266,66.65,38.02,606,700,45,FIRE,100,Synthetic simulation of FIRE condition,synthetic
2026-09-16 05:43:50.309341+00:00,SYNTH_FIRE_005,dev_001,Kitchen,245,67.34,38.32,606,706,45,FIRE,100,Synthetic simulation of FIRE condition,synthetic
2026-09-16 05:43:51.309341+00:00,SYNTH_FIRE_005,dev_001,Kitchen,242,67.84,38.17,611,712,45,FIRE,100,Synthetic simulation of FIRE condition,synthetic
2026-09-16 05:43:52.309341+00:00,SYNTH_FIRE_005,dev_001,Kitchen,236,67.79,38.36,614,711,45,FIRE,100,Synthetic simulation of FIRE condition,synthetic
2026-09-16 05:43:53.309341+00:00,SYNTH_FIRE_005,dev_001,Kitchen,228,68.16,38.65,624,719,45,FIRE,100,Synthetic simulation of FIRE condition,synthetic
2026-09-16 05:43:54.309341+00:00,SYNTH_FIRE_005,dev_001,Kitchen,230,68.18,38.16,618,727,45,FIRE,100,Synthetic simulation of FIRE condition,synthetic
2026-09-16 05:43:55.309341+00:00,SYNTH_FIRE_005,dev_001,Kitchen,233,68.6,37.7,615,723,45,FIRE,100,Synthetic simulation of FIRE condition,synthetic
2026-09-16 05:43:56.309341+00:00,SYNTH_FIRE_005,dev_001,Kitchen,224,68.68,38.56,616,730,45,FIRE,100,Synthetic simulation of FIRE condition,synthetic
2026-09-16 05:43:57.309341+00:00,SYNTH_FIRE_005,dev_001,Kitchen,221,68.9,38.4,618,728,45,FIRE,100,Synthetic simulation of FIRE condition,synthetic
2026-09-16 05:43:58.309341+00:00,SYNTH_FIRE_005,dev_001,Kitchen,223,68.6,38.36,622,732,45,FIRE,100,Synthetic simulation of FIRE condition,synthetic
2026-09-16 05:43:59.309341+00:00,SYNTH_FIRE_005,dev_001,Kitchen,228,68.97,38.32,623,727,45,FIRE,100,Synthetic simulation of FIRE condition,synthetic
2026-09-16 05:44:00.309341+00:00,SYNTH_FIRE_005,dev_001,Kitchen,224,68.83,38.01,624,730,45,FIRE,100,Synthetic simulation of FIRE condition,synthetic
2026-09-16 05:44:01.309341+00:00,SYNTH_FIRE_005,dev_001,Kitchen,225,69.15,38.32,623,734,45,FIRE,100,Synthetic simulation of FIRE condition,synthetic
2026-09-16 05:44:02.309341+00:00,SYNTH_FIRE_005,dev_001,Kitchen,220,69.01,38.53,626,733,45,FIRE,100,Synthetic simulation of FIRE condition,synthetic
2026-09-16 05:44:03.309341+00:00,SYNTH_FIRE_005,dev_001,Kitchen,217,69.19,38.2,628,734,45,FIRE,100,Synthetic simulation of FIRE condition,synthetic
2026-09-16 05:44:04.309341+00:00,SYNTH_FIRE_005,dev_001,Kitchen,216,69.21,38.71,625,732,45,FIRE,100,Synthetic simulation of FIRE condition,synthetic
2026-09-16 05:44:05.309341+00:00,SYNTH_FIRE_005,dev_001,Kitchen,215,69.17,38.44,628,735,45,FIRE,100,Synthetic simulation of FIRE condition,synthetic
2026-09-16 05:44:06.309341+00:00,SYNTH_FIRE_005,dev_001,Kitchen,221,69.31,37.88,626,732,45,FIRE,100,Synthetic simulation of FIRE condition,synthetic
2026-09-16 05:44:07.309341+00:00,SYNTH_FIRE_005,dev_001,Kitchen,217,69.23,37.9,631,734,45,FIRE,100,Synthetic simulation of FIRE condition,synthetic
2026-09-16 05:44:08.309341+00:00,SYNTH_FIRE_005,dev_001,Kitchen,209,69.31,38.29,626,737,45,FIRE,100,Synthetic simulation of FIRE condition,synthetic
2026-09-16 05:44:09.309341+00:00,SYNTH_FIRE_005,dev_001,Kitchen,213,69.23,38.09,630,737,45,FIRE,100,Synthetic simulation of FIRE condition,synthetic
2026-09-16 05:44:10.309341+00:00,SYNTH_FIRE_005,dev_001,Kitchen,218,69.0,38.65,626,736,45,FIRE,100,Synthetic simulation of FIRE condition,synthetic
2026-09-16 05:44:11.309341+00:00,SYNTH_FIRE_005,dev_001,Kitchen,221,69.24,38.53,630,735,45,FIRE,100,Synthetic simulation of FIRE condition,synthetic
2026-09-16 05:44:12.309341+00:00,SYNTH_FIRE_005,dev_001,Kitchen,219,68.98,38.25,626,738,45,FIRE,100,Synthetic simulation of FIRE condition,synthetic
2026-09-16 05:44:13.309341+00:00,SYNTH_FIRE_005,dev_001,Kitchen,221,69.08,38.08,629,734,45,FIRE,100,Synthetic simulation of FIRE condition,synthetic
2026-09-16 05:44:14.309341+00:00,SYNTH_FIRE_005,dev_001,Kitchen,215,69.18,38.36,625,735,45,FIRE,100,Synthetic simulation of FIRE condition,synthetic
2026-09-16 05:44:15.309341+00:00,SYNTH_FIRE_005,dev_001,Kitchen,218,69.14,38.33,629,733,45,FIRE,100,Synthetic simulation of FIRE condition,synthetic
2026-09-16 05:44:16.309341+00:00,SYNTH_FIRE_005,dev_001,Kitchen,218,69.32,37.77,633,733,45,FIRE,100,Synthetic simulation of FIRE condition,synthetic
2026-09-16 05:44:17.309341+00:00,SYNTH_FIRE_005,dev_001,Kitchen,223,69.26,38.36,630,730,45,FIRE,100,Synthetic simulation of FIRE condition,synthetic
2026-09-16 05:44:18.309341+00:00,SYNTH_FIRE_005,dev_001,Kitchen,218,69.36,37.91,621,735,45,FIRE,100,Synthetic simulation of FIRE condition,synthetic
2026-09-16 05:44:19.309341+00:00,SYNTH_FIRE_005,dev_001,Kitchen,212,69.39,38.67,631,731,45,FIRE,100,Synthetic simulation of FIRE condition,synthetic
2026-09-16 05:44:20.309341+00:00,SYNTH_FIRE_005,dev_001,Kitchen,223,69.24,38.47,630,732,45,FIRE,100,Synthetic simulation of FIRE condition,synthetic
2026-09-16 05:44:21.309341+00:00,SYNTH_FIRE_005,dev_001,Kitchen,213,69.14,38.12,629,736,45,FIRE,100,Synthetic simulation of FIRE condition,synthetic
2026-09-16 05:44:22.309341+00:00,SYNTH_FIRE_005,dev_001,Kitchen,220,69.19,38.25,623,734,45,FIRE,100,Synthetic simulation of FIRE condition,synthetic
2026-09-16 05:44:23.309341+00:00,SYNTH_FIRE_005,dev_001,Kitchen,215,69.23,38.4,625,735,45,FIRE,100,Synthetic simulation of FIRE condition,synthetic
2026-09-16 05:44:24.309341+00:00,SYNTH_FIRE_005,dev_001,Kitchen,212,69.32,38.42,625,736,45,FIRE,100,Synthetic simulation of FIRE condition,synthetic
2026-09-16 05:44:25.309341+00:00,SYNTH_FIRE_005,dev_001,Kitchen,213,68.99,38.08,625,736,45,FIRE,100,Synthetic simulation of FIRE condition,synthetic
2026-09-16 05:44:26.309341+00:00,SYNTH_FIRE_005,dev_001,Kitchen,214,68.95,38.1,626,735,45,FIRE,100,Synthetic simulation of FIRE condition,synthetic
2026-09-16 05:44:27.309341+00:00,SYNTH_FIRE_005,dev_001,Kitchen,217,69.22,38.33,629,733,45,FIRE,100,Synthetic simulation of FIRE condition,synthetic
2026-09-16 05:44:28.309341+00:00,SYNTH_FIRE_005,dev_001,Kitchen,215,69.39,38.25,627,733,45,FIRE,100,Synthetic simulation of FIRE condition,synthetic
2026-09-16 05:44:29.309341+00:00,SYNTH_FIRE_005,dev_001,Kitchen,212,69.45,38.46,628,733,45,FIRE,100,Synthetic simulation of FIRE condition,synthetic
2026-09-16 05:44:30.309341+00:00,SYNTH_FIRE_005,dev_001,Kitchen,213,69.19,38.58,628,733,45,FIRE,100,Synthetic simulation of FIRE condition,synthetic
2026-09-16 05:44:31.309341+00:00,SYNTH_FIRE_005,dev_001,Kitchen,209,69.3,38.21,625,736,45,FIRE,100,Synthetic simulation of FIRE condition,synthetic
2026-09-16 05:44:32.309341+00:00,SYNTH_FIRE_005,dev_001,Kitchen,217,69.5,38.26,634,736,45,FIRE,100,Synthetic simulation of FIRE condition,synthetic
2026-09-16 05:44:33.309341+00:00,SYNTH_FIRE_005,dev_001,Kitchen,216,69.18,37.9,625,733,45,FIRE,100,Synthetic simulation of FIRE condition,synthetic
2026-09-16 05:44:34.309341+00:00,SYNTH_FIRE_005,dev_001,Kitchen,215,69.36,38.17,629,736,45,FIRE,100,Synthetic simulation of FIRE condition,synthetic
2026-09-16 05:44:35.309341+00:00,SYNTH_FIRE_005,dev_001,Kitchen,218,69.13,38.09,624,733,45,FIRE,100,Synthetic simulation of FIRE condition,synthetic
2026-09-16 05:44:36.309341+00:00,SYNTH_FIRE_005,dev_001,Kitchen,210,69.43,38.15,629,737,45,FIRE,100,Synthetic simulation of FIRE condition,synthetic
2026-09-16 05:44:37.309341+00:00,SYNTH_FIRE_005,dev_001,Kitchen,211,69.4,38.58,622,734,45,FIRE,100,Synthetic simulation of FIRE condition,synthetic
2026-09-16 05:44:38.309341+00:00,SYNTH_FIRE_005,dev_001,Kitchen,213,69.11,38.21,628,737,45,FIRE,100,Synthetic simulation of FIRE condition,synthetic
2026-09-16 05:44:39.309341+00:00,SYNTH_FIRE_005,dev_001,Kitchen,216,69.27,38.44,625,735,45,FIRE,100,Synthetic simulation of FIRE condition,synthetic
2026-09-16 05:44:40.309341+00:00,SYNTH_FIRE_005,dev_001,Kitchen,207,68.92,38.29,628,736,45,FIRE,100,Synthetic simulation of FIRE condition,synthetic
2026-09-16 05:44:41.309341+00:00,SYNTH_FIRE_005,dev_001,Kitchen,214,69.07,38.41,630,735,45,FIRE,100,Synthetic simulation of FIRE condition,synthetic
2026-09-16 05:44:42.309341+00:00,SYNTH_FIRE_005,dev_001,Kitchen,214,69.32,38.3,630,733,45,FIRE,100,Synthetic simulation of FIRE condition,synthetic
2026-09-16 05:44:43.309341+00:00,SYNTH_FIRE_005,dev_001,Kitchen,212,69.36,38.56,626,731,45,FIRE,100,Synthetic simulation of FIRE condition,synthetic
2026-09-16 05:44:44.309341+00:00,SYNTH_FIRE_005,dev_001,Kitchen,212,69.26,38.52,630,734,45,FIRE,100,Synthetic simulation of FIRE condition,synthetic
2026-09-16 05:44:45.309341+00:00,SYNTH_FIRE_005,dev_001,Kitchen,213,69.18,38.65,623,734,45,FIRE,100,Synthetic simulation of FIRE condition,synthetic
2026-09-16 05:44:46.309341+00:00,SYNTH_FIRE_005,dev_001,Kitchen,216,69.25,38.41,628,734,45,FIRE,100,Synthetic simulation of FIRE condition,synthetic
2026-09-16 05:44:47.309341+00:00,SYNTH_FIRE_005,dev_001,Kitchen,214,69.15,38.01,623,736,45,FIRE,100,Synthetic simulation of FIRE condition,synthetic
2026-09-16 05:44:48.309341+00:00,SYNTH_FIRE_005,dev_001,Kitchen,214,69.14,38.13,630,736,45,FIRE,100,Synthetic simulation of FIRE condition,synthetic
2026-09-16 05:44:49.309341+00:00,SYNTH_FIRE_005,dev_001,Kitchen,210,69.4,38.69,630,732,45,FIRE,100,Synthetic simulation of FIRE condition,synthetic
2026-09-16 05:44:50.309341+00:00,SYNTH_FIRE_005,dev_001,Kitchen,218,69.42,37.95,624,733,45,FIRE,100,Synthetic simulation of FIRE condition,synthetic
2026-09-16 05:44:51.309341+00:00,SYNTH_FIRE_005,dev_001,Kitchen,221,69.4,38.27,629,734,45,FIRE,100,Synthetic simulation of FIRE condition,synthetic
2026-09-16 05:44:52.309341+00:00,SYNTH_FIRE_005,dev_001,Kitchen,218,69.21,38.58,628,732,45,FIRE,100,Synthetic simulation of FIRE condition,synthetic
2026-09-16 05:42:53.311331+00:00,SYNTH_FIRE_006,dev_001,Kitchen,903,24.06,51.63,116,112,90,NORMAL,100,Synthetic simulation of FIRE condition,synthetic
2026-09-16 05:42:54.311331+00:00,SYNTH_FIRE_006,dev_001,Kitchen,910,24.11,51.74,112,112,90,NORMAL,100,Synthetic simulation of FIRE condition,synthetic
2026-09-16 05:42:55.311331+00:00,SYNTH_FIRE_006,dev_001,Kitchen,910,24.15,51.75,109,110,90,NORMAL,100,Synthetic simulation of FIRE condition,synthetic
2026-09-16 05:42:56.311331+00:00,SYNTH_FIRE_006,dev_001,Kitchen,911,24.03,51.64,111,115,90,NORMAL,100,Synthetic simulation of FIRE condition,synthetic
2026-09-16 05:42:57.311331+00:00,SYNTH_FIRE_006,dev_001,Kitchen,914,24.02,51.47,112,114,90,NORMAL,100,Synthetic simulation of FIRE condition,synthetic
2026-09-16 05:42:58.311331+00:00,SYNTH_FIRE_006,dev_001,Kitchen,910,24.06,52.09,111,115,90,NORMAL,100,Synthetic simulation of FIRE condition,synthetic
2026-09-16 05:42:59.311331+00:00,SYNTH_FIRE_006,dev_001,Kitchen,909,23.95,51.56,115,106,90,NORMAL,100,Synthetic simulation of FIRE condition,synthetic
2026-09-16 05:43:00.311331+00:00,SYNTH_FIRE_006,dev_001,Kitchen,907,23.81,51.69,114,110,90,NORMAL,100,Synthetic simulation of FIRE condition,synthetic
2026-09-16 05:43:01.311331+00:00,SYNTH_FIRE_006,dev_001,Kitchen,905,23.81,51.31,111,114,90,NORMAL,100,Synthetic simulation of FIRE condition,synthetic
2026-09-16 05:43:02.311331+00:00,SYNTH_FIRE_006,dev_001,Kitchen,905,23.53,51.57,112,114,90,NORMAL,100,Synthetic simulation of FIRE condition,synthetic
2026-09-16 05:43:03.311331+00:00,SYNTH_FIRE_006,dev_001,Kitchen,904,23.58,51.63,114,117,90,NORMAL,100,Synthetic simulation of FIRE condition,synthetic
2026-09-16 05:43:04.311331+00:00,SYNTH_FIRE_006,dev_001,Kitchen,907,23.89,51.83,113,113,90,NORMAL,100,Synthetic simulation of FIRE condition,synthetic
2026-09-16 05:43:05.311331+00:00,SYNTH_FIRE_006,dev_001,Kitchen,911,23.77,51.6,110,112,90,NORMAL,100,Synthetic simulation of FIRE condition,synthetic
2026-09-16 05:43:06.311331+00:00,SYNTH_FIRE_006,dev_001,Kitchen,900,23.73,51.85,106,112,90,NORMAL,100,Synthetic simulation of FIRE condition,synthetic
2026-09-16 05:43:07.311331+00:00,SYNTH_FIRE_006,dev_001,Kitchen,901,23.81,51.84,114,112,90,NORMAL,100,Synthetic simulation of FIRE condition,synthetic
2026-09-16 05:43:08.311331+00:00,SYNTH_FIRE_006,dev_001,Kitchen,899,23.93,52.02,113,114,90,NORMAL,100,Synthetic simulation of FIRE condition,synthetic
2026-09-16 05:43:09.311331+00:00,SYNTH_FIRE_006,dev_001,Kitchen,909,24.05,51.61,113,115,90,NORMAL,100,Synthetic simulation of FIRE condition,synthetic
2026-09-16 05:43:10.311331+00:00,SYNTH_FIRE_006,dev_001,Kitchen,916,23.89,51.2,112,113,90,NORMAL,100,Synthetic simulation of FIRE condition,synthetic
2026-09-16 05:43:11.311331+00:00,SYNTH_FIRE_006,dev_001,Kitchen,900,24.0,51.82,115,111,90,NORMAL,100,Synthetic simulation of FIRE condition,synthetic
2026-09-16 05:43:12.311331+00:00,SYNTH_FIRE_006,dev_001,Kitchen,908,24.09,51.48,114,115,90,NORMAL,100,Synthetic simulation of FIRE condition,synthetic
2026-09-16 05:43:13.311331+00:00,SYNTH_FIRE_006,dev_001,Kitchen,903,23.99,51.57,109,115,90,NORMAL,100,Synthetic simulation of FIRE condition,synthetic
2026-09-16 05:43:14.311331+00:00,SYNTH_FIRE_006,dev_001,Kitchen,907,23.77,51.46,111,116,90,NORMAL,100,Synthetic simulation of FIRE condition,synthetic
2026-09-16 05:43:15.311331+00:00,SYNTH_FIRE_006,dev_001,Kitchen,911,23.94,51.3,110,115,90,NORMAL,100,Synthetic simulation of FIRE condition,synthetic
2026-09-16 05:43:16.311331+00:00,SYNTH_FIRE_006,dev_001,Kitchen,909,23.97,51.59,111,109,90,NORMAL,100,Synthetic simulation of FIRE condition,synthetic
2026-09-16 05:43:17.311331+00:00,SYNTH_FIRE_006,dev_001,Kitchen,900,24.63,39.88,124,125,90,FIRE,100,Synthetic simulation of FIRE condition,synthetic
2026-09-16 05:43:18.311331+00:00,SYNTH_FIRE_006,dev_001,Kitchen,885,24.71,39.48,119,123,90,FIRE,100,Synthetic simulation of FIRE condition,synthetic
2026-09-16 05:43:19.311331+00:00,SYNTH_FIRE_006,dev_001,Kitchen,890,25.09,39.21,123,128,90,FIRE,100,Synthetic simulation of FIRE condition,synthetic
2026-09-16 05:43:20.311331+00:00,SYNTH_FIRE_006,dev_001,Kitchen,890,25.23,39.23,128,133,90,FIRE,100,Synthetic simulation of FIRE condition,synthetic
2026-09-16 05:43:21.311331+00:00,SYNTH_FIRE_006,dev_001,Kitchen,878,25.88,39.59,137,138,90,FIRE,100,Synthetic simulation of FIRE condition,synthetic
2026-09-16 05:43:22.311331+00:00,SYNTH_FIRE_006,dev_001,Kitchen,879,25.69,39.93,141,145,90,FIRE,100,Synthetic simulation of FIRE condition,synthetic
2026-09-16 05:43:23.311331+00:00,SYNTH_FIRE_006,dev_001,Kitchen,866,26.42,39.6,146,142,90,FIRE,100,Synthetic simulation of FIRE condition,synthetic
2026-09-16 05:43:24.311331+00:00,SYNTH_FIRE_006,dev_001,Kitchen,856,26.85,39.62,155,158,90,FIRE,100,Synthetic simulation of FIRE condition,synthetic
2026-09-16 05:43:25.311331+00:00,SYNTH_FIRE_006,dev_001,Kitchen,845,27.61,39.4,163,163,90,FIRE,100,Synthetic simulation of FIRE condition,synthetic
2026-09-16 05:43:26.311331+00:00,SYNTH_FIRE_006,dev_001,Kitchen,827,28.41,39.14,179,174,90,FIRE,100,Synthetic simulation of FIRE condition,synthetic
2026-09-16 05:43:27.311331+00:00,SYNTH_FIRE_006,dev_001,Kitchen,815,29.17,39.37,187,190,90,FIRE,100,Synthetic simulation of FIRE condition,synthetic
2026-09-16 05:43:28.311331+00:00,SYNTH_FIRE_006,dev_001,Kitchen,793,30.04,39.84,209,204,90,FIRE,100,Synthetic simulation of FIRE condition,synthetic
2026-09-16 05:43:29.311331+00:00,SYNTH_FIRE_006,dev_001,Kitchen,778,31.34,40.07,224,225,90,FIRE,100,Synthetic simulation of FIRE condition,synthetic
2026-09-16 05:43:30.311331+00:00,SYNTH_FIRE_006,dev_001,Kitchen,747,32.71,39.43,246,247,90,FIRE,100,Synthetic simulation of FIRE condition,synthetic
2026-09-16 05:43:31.311331+00:00,SYNTH_FIRE_006,dev_001,Kitchen,724,34.28,39.26,266,269,90,FIRE,100,Synthetic simulation of FIRE condition,synthetic
2026-09-16 05:43:32.311331+00:00,SYNTH_FIRE_006,dev_001,Kitchen,698,36.14,39.9,293,294,90,FIRE,100,Synthetic simulation of FIRE condition,synthetic
2026-09-16 05:43:33.311331+00:00,SYNTH_FIRE_006,dev_001,Kitchen,653,37.72,39.33,315,324,90,FIRE,100,Synthetic simulation of FIRE condition,synthetic
2026-09-16 05:43:34.311331+00:00,SYNTH_FIRE_006,dev_001,Kitchen,620,40.07,39.61,345,347,90,FIRE,100,Synthetic simulation of FIRE condition,synthetic
2026-09-16 05:43:35.311331+00:00,SYNTH_FIRE_006,dev_001,Kitchen,590,41.94,39.42,377,380,90,FIRE,100,Synthetic simulation of FIRE condition,synthetic
2026-09-16 05:43:36.311331+00:00,SYNTH_FIRE_006,dev_001,Kitchen,547,44.06,40.13,409,412,90,FIRE,100,Synthetic simulation of FIRE condition,synthetic
2026-09-16 05:43:37.311331+00:00,SYNTH_FIRE_006,dev_001,Kitchen,506,46.0,39.49,439,443,90,FIRE,100,Synthetic simulation of FIRE condition,synthetic
2026-09-16 05:43:38.311331+00:00,SYNTH_FIRE_006,dev_001,Kitchen,470,48.1,39.67,469,472,90,FIRE,100,Synthetic simulation of FIRE condition,synthetic
2026-09-16 05:43:39.311331+00:00,SYNTH_FIRE_006,dev_001,Kitchen,435,50.0,39.04,495,499,90,FIRE,100,Synthetic simulation of FIRE condition,synthetic
2026-09-16 05:43:40.311331+00:00,SYNTH_FIRE_006,dev_001,Kitchen,403,51.72,39.53,518,524,90,FIRE,100,Synthetic simulation of FIRE condition,synthetic
2026-09-16 05:43:41.311331+00:00,SYNTH_FIRE_006,dev_001,Kitchen,375,53.38,39.29,540,554,90,FIRE,100,Synthetic simulation of FIRE condition,synthetic
2026-09-16 05:43:42.311331+00:00,SYNTH_FIRE_006,dev_001,Kitchen,349,55.1,39.52,567,569,90,FIRE,100,Synthetic simulation of FIRE condition,synthetic
2026-09-16 05:43:43.311331+00:00,SYNTH_FIRE_006,dev_001,Kitchen,326,56.34,39.32,586,593,90,FIRE,100,Synthetic simulation of FIRE condition,synthetic
2026-09-16 05:43:44.311331+00:00,SYNTH_FIRE_006,dev_001,Kitchen,307,57.48,39.62,599,606,90,FIRE,100,Synthetic simulation of FIRE condition,synthetic
2026-09-16 05:43:45.311331+00:00,SYNTH_FIRE_006,dev_001,Kitchen,280,58.65,39.57,621,622,90,FIRE,100,Synthetic simulation of FIRE condition,synthetic
2026-09-16 05:43:46.311331+00:00,SYNTH_FIRE_006,dev_001,Kitchen,265,59.24,39.58,632,638,90,FIRE,100,Synthetic simulation of FIRE condition,synthetic
2026-09-16 05:43:47.311331+00:00,SYNTH_FIRE_006,dev_001,Kitchen,254,60.14,39.51,639,642,90,FIRE,100,Synthetic simulation of FIRE condition,synthetic
2026-09-16 05:43:48.311331+00:00,SYNTH_FIRE_006,dev_001,Kitchen,245,60.56,39.86,648,656,90,FIRE,100,Synthetic simulation of FIRE condition,synthetic
2026-09-16 05:43:49.311331+00:00,SYNTH_FIRE_006,dev_001,Kitchen,240,61.22,39.84,652,665,90,FIRE,100,Synthetic simulation of FIRE condition,synthetic
2026-09-16 05:43:50.311331+00:00,SYNTH_FIRE_006,dev_001,Kitchen,231,61.4,39.7,665,668,90,FIRE,100,Synthetic simulation of FIRE condition,synthetic
2026-09-16 05:43:51.311331+00:00,SYNTH_FIRE_006,dev_001,Kitchen,223,61.88,39.64,668,672,90,FIRE,100,Synthetic simulation of FIRE condition,synthetic
2026-09-16 05:43:52.311331+00:00,SYNTH_FIRE_006,dev_001,Kitchen,221,61.85,39.75,670,678,90,FIRE,100,Synthetic simulation of FIRE condition,synthetic
2026-09-16 05:43:53.311331+00:00,SYNTH_FIRE_006,dev_001,Kitchen,217,62.43,39.3,673,677,90,FIRE,100,Synthetic simulation of FIRE condition,synthetic
2026-09-16 05:43:54.311331+00:00,SYNTH_FIRE_006,dev_001,Kitchen,207,62.15,39.43,673,674,90,FIRE,100,Synthetic simulation of FIRE condition,synthetic
2026-09-16 05:43:55.311331+00:00,SYNTH_FIRE_006,dev_001,Kitchen,208,62.78,39.27,674,683,90,FIRE,100,Synthetic simulation of FIRE condition,synthetic
2026-09-16 05:43:56.311331+00:00,SYNTH_FIRE_006,dev_001,Kitchen,209,62.88,39.34,681,684,90,FIRE,100,Synthetic simulation of FIRE condition,synthetic
2026-09-16 05:43:57.311331+00:00,SYNTH_FIRE_006,dev_001,Kitchen,205,62.88,39.73,682,687,90,FIRE,100,Synthetic simulation of FIRE condition,synthetic
2026-09-16 05:43:58.311331+00:00,SYNTH_FIRE_006,dev_001,Kitchen,198,62.89,40.07,681,687,90,FIRE,100,Synthetic simulation of FIRE condition,synthetic
2026-09-16 05:43:59.311331+00:00,SYNTH_FIRE_006,dev_001,Kitchen,207,62.86,39.71,684,691,90,FIRE,100,Synthetic simulation of FIRE condition,synthetic
2026-09-16 05:44:00.311331+00:00,SYNTH_FIRE_006,dev_001,Kitchen,205,62.99,39.72,680,692,90,FIRE,100,Synthetic simulation of FIRE condition,synthetic
2026-09-16 05:44:01.311331+00:00,SYNTH_FIRE_006,dev_001,Kitchen,204,63.21,39.33,683,693,90,FIRE,100,Synthetic simulation of FIRE condition,synthetic
2026-09-16 05:44:02.311331+00:00,SYNTH_FIRE_006,dev_001,Kitchen,200,63.15,39.88,687,691,90,FIRE,100,Synthetic simulation of FIRE condition,synthetic
2026-09-16 05:44:03.311331+00:00,SYNTH_FIRE_006,dev_001,Kitchen,195,63.11,39.29,684,689,90,FIRE,100,Synthetic simulation of FIRE condition,synthetic
2026-09-16 05:44:04.311331+00:00,SYNTH_FIRE_006,dev_001,Kitchen,194,62.88,39.42,682,686,90,FIRE,100,Synthetic simulation of FIRE condition,synthetic
2026-09-16 05:44:05.311331+00:00,SYNTH_FIRE_006,dev_001,Kitchen,197,62.75,39.48,692,691,90,FIRE,100,Synthetic simulation of FIRE condition,synthetic
2026-09-16 05:44:06.311331+00:00,SYNTH_FIRE_006,dev_001,Kitchen,197,63.16,39.8,693,694,90,FIRE,100,Synthetic simulation of FIRE condition,synthetic
2026-09-16 05:44:07.311331+00:00,SYNTH_FIRE_006,dev_001,Kitchen,200,63.21,40.04,686,691,90,FIRE,100,Synthetic simulation of FIRE condition,synthetic
2026-09-16 05:44:08.311331+00:00,SYNTH_FIRE_006,dev_001,Kitchen,197,63.29,39.75,689,695,90,FIRE,100,Synthetic simulation of FIRE condition,synthetic
2026-09-16 05:44:09.311331+00:00,SYNTH_FIRE_006,dev_001,Kitchen,197,63.24,39.34,690,694,90,FIRE,100,Synthetic simulation of FIRE condition,synthetic
2026-09-16 05:44:10.311331+00:00,SYNTH_FIRE_006,dev_001,Kitchen,197,63.17,39.8,691,695,90,FIRE,100,Synthetic simulation of FIRE condition,synthetic
2026-09-16 05:44:11.311331+00:00,SYNTH_FIRE_006,dev_001,Kitchen,196,63.21,39.87,690,694,90,FIRE,100,Synthetic simulation of FIRE condition,synthetic
2026-09-16 05:44:12.311331+00:00,SYNTH_FIRE_006,dev_001,Kitchen,204,63.23,39.56,690,694,90,FIRE,100,Synthetic simulation of FIRE condition,synthetic
2026-09-16 05:44:13.311331+00:00,SYNTH_FIRE_006,dev_001,Kitchen,204,63.14,39.64,687,695,90,FIRE,100,Synthetic simulation of FIRE condition,synthetic
2026-09-16 05:44:14.311331+00:00,SYNTH_FIRE_006,dev_001,Kitchen,197,63.39,39.9,689,696,90,FIRE,100,Synthetic simulation of FIRE condition,synthetic
2026-09-16 05:44:15.311331+00:00,SYNTH_FIRE_006,dev_001,Kitchen,191,63.1,39.08,687,694,90,FIRE,100,Synthetic simulation of FIRE condition,synthetic
2026-09-16 05:44:16.311331+00:00,SYNTH_FIRE_006,dev_001,Kitchen,199,63.19,39.71,693,688,90,FIRE,100,Synthetic simulation of FIRE condition,synthetic
2026-09-16 05:44:17.311331+00:00,SYNTH_FIRE_006,dev_001,Kitchen,198,62.92,39.49,688,695,90,FIRE,100,Synthetic simulation of FIRE condition,synthetic
2026-09-16 05:44:18.311331+00:00,SYNTH_FIRE_006,dev_001,Kitchen,205,63.11,39.28,686,693,90,FIRE,100,Synthetic simulation of FIRE condition,synthetic
2026-09-16 05:44:19.311331+00:00,SYNTH_FIRE_006,dev_001,Kitchen,200,63.1,39.18,685,691,90,FIRE,100,Synthetic simulation of FIRE condition,synthetic
2026-09-16 05:44:20.311331+00:00,SYNTH_FIRE_006,dev_001,Kitchen,196,62.92,40.12,690,692,90,FIRE,100,Synthetic simulation of FIRE condition,synthetic
2026-09-16 05:44:21.311331+00:00,SYNTH_FIRE_006,dev_001,Kitchen,196,63.18,39.16,690,698,90,FIRE,100,Synthetic simulation of FIRE condition,synthetic
2026-09-16 05:44:22.311331+00:00,SYNTH_FIRE_006,dev_001,Kitchen,202,63.21,39.38,685,689,90,FIRE,100,Synthetic simulation of FIRE condition,synthetic
2026-09-16 05:44:23.311331+00:00,SYNTH_FIRE_006,dev_001,Kitchen,194,63.07,39.71,689,697,90,FIRE,100,Synthetic simulation of FIRE condition,synthetic
2026-09-16 05:44:24.311331+00:00,SYNTH_FIRE_006,dev_001,Kitchen,200,63.32,39.59,688,694,90,FIRE,100,Synthetic simulation of FIRE condition,synthetic
2026-09-16 05:44:25.311331+00:00,SYNTH_FIRE_006,dev_001,Kitchen,203,63.17,40.09,690,691,90,FIRE,100,Synthetic simulation of FIRE condition,synthetic
2026-09-16 05:44:26.311331+00:00,SYNTH_FIRE_006,dev_001,Kitchen,203,63.39,39.91,687,691,90,FIRE,100,Synthetic simulation of FIRE condition,synthetic
2026-09-16 05:44:27.311331+00:00,SYNTH_FIRE_006,dev_001,Kitchen,195,63.32,39.23,689,694,90,FIRE,100,Synthetic simulation of FIRE condition,synthetic
2026-09-16 05:44:28.311331+00:00,SYNTH_FIRE_006,dev_001,Kitchen,191,63.39,39.19,686,691,90,FIRE,100,Synthetic simulation of FIRE condition,synthetic
2026-09-16 05:44:29.311331+00:00,SYNTH_FIRE_006,dev_001,Kitchen,189,63.17,39.42,691,691,90,FIRE,100,Synthetic simulation of FIRE condition,synthetic
2026-09-16 05:44:30.311331+00:00,SYNTH_FIRE_006,dev_001,Kitchen,198,62.89,39.6,688,696,90,FIRE,100,Synthetic simulation of FIRE condition,synthetic
2026-09-16 05:44:31.311331+00:00,SYNTH_FIRE_006,dev_001,Kitchen,196,63.35,39.4,689,693,90,FIRE,100,Synthetic simulation of FIRE condition,synthetic
2026-09-16 05:44:32.311331+00:00,SYNTH_FIRE_006,dev_001,Kitchen,202,63.24,39.89,686,693,90,FIRE,100,Synthetic simulation of FIRE condition,synthetic
2026-09-16 05:44:33.311331+00:00,SYNTH_FIRE_006,dev_001,Kitchen,198,63.25,39.89,686,692,90,FIRE,100,Synthetic simulation of FIRE condition,synthetic
2026-09-16 05:44:34.311331+00:00,SYNTH_FIRE_006,dev_001,Kitchen,197,63.39,39.53,690,691,90,FIRE,100,Synthetic simulation of FIRE condition,synthetic
2026-09-16 05:44:35.311331+00:00,SYNTH_FIRE_006,dev_001,Kitchen,196,63.21,39.75,687,691,90,FIRE,100,Synthetic simulation of FIRE condition,synthetic
2026-09-16 05:44:36.311331+00:00,SYNTH_FIRE_006,dev_001,Kitchen,194,63.19,38.91,691,694,90,FIRE,100,Synthetic simulation of FIRE condition,synthetic
2026-09-16 05:44:37.311331+00:00,SYNTH_FIRE_006,dev_001,Kitchen,198,63.22,40.06,689,697,90,FIRE,100,Synthetic simulation of FIRE condition,synthetic
2026-09-16 05:44:38.311331+00:00,SYNTH_FIRE_006,dev_001,Kitchen,194,63.05,39.6,692,690,90,FIRE,100,Synthetic simulation of FIRE condition,synthetic
2026-09-16 05:44:39.311331+00:00,SYNTH_FIRE_006,dev_001,Kitchen,198,63.46,39.68,686,696,90,FIRE,100,Synthetic simulation of FIRE condition,synthetic
2026-09-16 05:44:40.311331+00:00,SYNTH_FIRE_006,dev_001,Kitchen,198,63.51,39.7,693,690,90,FIRE,100,Synthetic simulation of FIRE condition,synthetic
2026-09-16 05:44:41.311331+00:00,SYNTH_FIRE_006,dev_001,Kitchen,199,63.52,39.45,691,694,90,FIRE,100,Synthetic simulation of FIRE condition,synthetic
2026-09-16 05:44:42.311331+00:00,SYNTH_FIRE_006,dev_001,Kitchen,199,63.32,40.13,689,691,90,FIRE,100,Synthetic simulation of FIRE condition,synthetic
2026-09-16 05:44:43.311331+00:00,SYNTH_FIRE_006,dev_001,Kitchen,194,63.27,39.72,689,692,90,FIRE,100,Synthetic simulation of FIRE condition,synthetic
2026-09-16 05:44:44.311331+00:00,SYNTH_FIRE_006,dev_001,Kitchen,199,63.31,39.32,682,692,90,FIRE,100,Synthetic simulation of FIRE condition,synthetic
2026-09-16 05:44:45.311331+00:00,SYNTH_FIRE_006,dev_001,Kitchen,192,62.86,39.08,694,694,90,FIRE,100,Synthetic simulation of FIRE condition,synthetic
2026-09-16 05:44:46.311331+00:00,SYNTH_FIRE_006,dev_001,Kitchen,197,63.22,39.65,689,693,90,FIRE,100,Synthetic simulation of FIRE condition,synthetic
2026-09-16 05:44:47.311331+00:00,SYNTH_FIRE_006,dev_001,Kitchen,201,63.42,39.41,684,685,90,FIRE,100,Synthetic simulation of FIRE condition,synthetic
2026-09-16 05:44:48.311331+00:00,SYNTH_FIRE_006,dev_001,Kitchen,198,63.42,39.45,695,698,90,FIRE,100,Synthetic simulation of FIRE condition,synthetic
2026-09-16 05:44:49.311331+00:00,SYNTH_FIRE_006,dev_001,Kitchen,194,63.18,40.01,691,697,90,FIRE,100,Synthetic simulation of FIRE condition,synthetic
2026-09-16 05:44:50.311331+00:00,SYNTH_FIRE_006,dev_001,Kitchen,197,63.26,39.63,687,695,90,FIRE,100,Synthetic simulation of FIRE condition,synthetic
2026-09-16 05:44:51.311331+00:00,SYNTH_FIRE_006,dev_001,Kitchen,190,63.07,39.66,685,689,90,FIRE,100,Synthetic simulation of FIRE condition,synthetic
2026-09-16 05:44:52.311331+00:00,SYNTH_FIRE_006,dev_001,Kitchen,196,63.25,39.64,691,696,90,FIRE,100,Synthetic simulation of FIRE condition,synthetic
2026-09-16 05:42:53.312332+00:00,SYNTH_FIRE_007,dev_001,Kitchen,923,26.43,58.53,140,121,90,NORMAL,100,Synthetic simulation of FIRE condition,synthetic
2026-09-16 05:42:54.312332+00:00,SYNTH_FIRE_007,dev_001,Kitchen,928,26.39,58.68,147,127,90,NORMAL,100,Synthetic simulation of FIRE condition,synthetic
2026-09-16 05:42:55.312332+00:00,SYNTH_FIRE_007,dev_001,Kitchen,932,26.25,58.25,145,123,90,NORMAL,100,Synthetic simulation of FIRE condition,synthetic
2026-09-16 05:42:56.312332+00:00,SYNTH_FIRE_007,dev_001,Kitchen,919,26.32,58.67,143,127,90,NORMAL,100,Synthetic simulation of FIRE condition,synthetic
2026-09-16 05:42:57.312332+00:00,SYNTH_FIRE_007,dev_001,Kitchen,923,26.33,58.8,148,123,90,NORMAL,100,Synthetic simulation of FIRE condition,synthetic
2026-09-16 05:42:58.312332+00:00,SYNTH_FIRE_007,dev_001,Kitchen,921,26.39,58.83,142,130,90,NORMAL,100,Synthetic simulation of FIRE condition,synthetic
2026-09-16 05:42:59.312332+00:00,SYNTH_FIRE_007,dev_001,Kitchen,924,26.46,58.52,144,127,90,NORMAL,100,Synthetic simulation of FIRE condition,synthetic
2026-09-16 05:43:00.312332+00:00,SYNTH_FIRE_007,dev_001,Kitchen,927,26.48,58.83,142,127,90,NORMAL,100,Synthetic simulation of FIRE condition,synthetic
2026-09-16 05:43:01.312332+00:00,SYNTH_FIRE_007,dev_001,Kitchen,924,26.38,58.22,145,129,90,NORMAL,100,Synthetic simulation of FIRE condition,synthetic
2026-09-16 05:43:02.312332+00:00,SYNTH_FIRE_007,dev_001,Kitchen,927,26.48,58.26,146,126,90,NORMAL,100,Synthetic simulation of FIRE condition,synthetic
2026-09-16 05:43:03.312332+00:00,SYNTH_FIRE_007,dev_001,Kitchen,918,26.48,58.83,151,126,90,NORMAL,100,Synthetic simulation of FIRE condition,synthetic
2026-09-16 05:43:04.312332+00:00,SYNTH_FIRE_007,dev_001,Kitchen,925,26.51,58.9,148,124,90,NORMAL,100,Synthetic simulation of FIRE condition,synthetic
2026-09-16 05:43:05.312332+00:00,SYNTH_FIRE_007,dev_001,Kitchen,924,26.24,58.76,147,123,90,NORMAL,100,Synthetic simulation of FIRE condition,synthetic
2026-09-16 05:43:06.312332+00:00,SYNTH_FIRE_007,dev_001,Kitchen,923,26.61,59.11,144,129,90,NORMAL,100,Synthetic simulation of FIRE condition,synthetic
2026-09-16 05:43:07.312332+00:00,SYNTH_FIRE_007,dev_001,Kitchen,928,26.7,58.22,147,124,90,NORMAL,100,Synthetic simulation of FIRE condition,synthetic
2026-09-16 05:43:08.312332+00:00,SYNTH_FIRE_007,dev_001,Kitchen,928,26.51,58.27,138,127,90,NORMAL,100,Synthetic simulation of FIRE condition,synthetic
2026-09-16 05:43:09.312332+00:00,SYNTH_FIRE_007,dev_001,Kitchen,921,26.32,59.39,144,127,90,NORMAL,100,Synthetic simulation of FIRE condition,synthetic
2026-09-16 05:43:10.312332+00:00,SYNTH_FIRE_007,dev_001,Kitchen,923,26.44,58.63,145,126,90,NORMAL,100,Synthetic simulation of FIRE condition,synthetic
2026-09-16 05:43:11.312332+00:00,SYNTH_FIRE_007,dev_001,Kitchen,931,26.07,58.71,145,128,90,NORMAL,100,Synthetic simulation of FIRE condition,synthetic
2026-09-16 05:43:12.312332+00:00,SYNTH_FIRE_007,dev_001,Kitchen,926,26.02,58.91,145,127,90,NORMAL,100,Synthetic simulation of FIRE condition,synthetic
2026-09-16 05:43:13.312332+00:00,SYNTH_FIRE_007,dev_001,Kitchen,928,26.33,58.93,143,129,90,NORMAL,100,Synthetic simulation of FIRE condition,synthetic
2026-09-16 05:43:14.312332+00:00,SYNTH_FIRE_007,dev_001,Kitchen,920,26.53,58.6,137,126,90,NORMAL,100,Synthetic simulation of FIRE condition,synthetic
2026-09-16 05:43:15.312332+00:00,SYNTH_FIRE_007,dev_001,Kitchen,921,26.24,59.03,144,132,90,NORMAL,100,Synthetic simulation of FIRE condition,synthetic
2026-09-16 05:43:16.312332+00:00,SYNTH_FIRE_007,dev_001,Kitchen,923,26.55,58.92,143,127,90,NORMAL,100,Synthetic simulation of FIRE condition,synthetic
2026-09-16 05:43:17.312332+00:00,SYNTH_FIRE_007,dev_001,Kitchen,909,26.99,46.76,151,133,45,FIRE,100,Synthetic simulation of FIRE condition,synthetic
2026-09-16 05:43:18.312332+00:00,SYNTH_FIRE_007,dev_001,Kitchen,910,27.35,46.73,155,136,45,FIRE,100,Synthetic simulation of FIRE condition,synthetic
2026-09-16 05:43:19.312332+00:00,SYNTH_FIRE_007,dev_001,Kitchen,905,27.35,46.64,154,139,45,FIRE,100,Synthetic simulation of FIRE condition,synthetic
2026-09-16 05:43:20.312332+00:00,SYNTH_FIRE_007,dev_001,Kitchen,909,27.86,46.84,154,149,45,FIRE,100,Synthetic simulation of FIRE condition,synthetic
2026-09-16 05:43:21.312332+00:00,SYNTH_FIRE_007,dev_001,Kitchen,896,27.85,46.33,157,151,45,FIRE,100,Synthetic simulation of FIRE condition,synthetic
2026-09-16 05:43:22.312332+00:00,SYNTH_FIRE_007,dev_001,Kitchen,886,28.22,46.81,166,151,45,FIRE,100,Synthetic simulation of FIRE condition,synthetic
2026-09-16 05:43:23.312332+00:00,SYNTH_FIRE_007,dev_001,Kitchen,882,28.8,46.52,174,159,45,FIRE,100,Synthetic simulation of FIRE condition,synthetic
2026-09-16 05:43:24.312332+00:00,SYNTH_FIRE_007,dev_001,Kitchen,868,29.03,46.54,177,168,45,FIRE,100,Synthetic simulation of FIRE condition,synthetic
2026-09-16 05:43:25.312332+00:00,SYNTH_FIRE_007,dev_001,Kitchen,855,29.79,47.13,185,177,45,FIRE,100,Synthetic simulation of FIRE condition,synthetic
2026-09-16 05:43:26.312332+00:00,SYNTH_FIRE_007,dev_001,Kitchen,848,30.48,46.75,198,189,45,FIRE,100,Synthetic simulation of FIRE condition,synthetic
2026-09-16 05:43:27.312332+00:00,SYNTH_FIRE_007,dev_001,Kitchen,835,31.28,46.63,203,201,45,FIRE,100,Synthetic simulation of FIRE condition,synthetic
2026-09-16 05:43:28.312332+00:00,SYNTH_FIRE_007,dev_001,Kitchen,813,32.51,46.83,218,216,45,FIRE,100,Synthetic simulation of FIRE condition,synthetic
2026-09-16 05:43:29.312332+00:00,SYNTH_FIRE_007,dev_001,Kitchen,784,33.36,46.55,232,233,45,FIRE,100,Synthetic simulation of FIRE condition,synthetic
2026-09-16 05:43:30.312332+00:00,SYNTH_FIRE_007,dev_001,Kitchen,764,34.55,46.45,251,249,45,FIRE,100,Synthetic simulation of FIRE condition,synthetic
2026-09-16 05:43:31.312332+00:00,SYNTH_FIRE_007,dev_001,Kitchen,733,36.18,46.53,266,275,45,FIRE,100,Synthetic simulation of FIRE condition,synthetic
2026-09-16 05:43:32.312332+00:00,SYNTH_FIRE_007,dev_001,Kitchen,705,37.57,46.75,285,298,45,FIRE,100,Synthetic simulation of FIRE condition,synthetic
2026-09-16 05:43:33.312332+00:00,SYNTH_FIRE_007,dev_001,Kitchen,667,39.0,46.96,312,324,45,FIRE,100,Synthetic simulation of FIRE condition,synthetic
2026-09-16 05:43:34.312332+00:00,SYNTH_FIRE_007,dev_001,Kitchen,642,41.0,46.62,337,359,45,FIRE,100,Synthetic simulation of FIRE condition,synthetic
2026-09-16 05:43:35.312332+00:00,SYNTH_FIRE_007,dev_001,Kitchen,597,42.92,47.14,358,390,45,FIRE,100,Synthetic simulation of FIRE condition,synthetic
2026-09-16 05:43:36.312332+00:00,SYNTH_FIRE_007,dev_001,Kitchen,567,44.54,46.38,378,422,45,FIRE,100,Synthetic simulation of FIRE condition,synthetic
2026-09-16 05:43:37.312332+00:00,SYNTH_FIRE_007,dev_001,Kitchen,522,46.68,46.88,408,446,45,FIRE,100,Synthetic simulation of FIRE condition,synthetic
2026-09-16 05:43:38.312332+00:00,SYNTH_FIRE_007,dev_001,Kitchen,493,48.87,46.4,435,477,45,FIRE,100,Synthetic simulation of FIRE condition,synthetic
2026-09-16 05:43:39.312332+00:00,SYNTH_FIRE_007,dev_001,Kitchen,460,50.32,46.29,452,509,45,FIRE,100,Synthetic simulation of FIRE condition,synthetic
2026-09-16 05:43:40.312332+00:00,SYNTH_FIRE_007,dev_001,Kitchen,428,51.68,46.7,474,530,45,FIRE,100,Synthetic simulation of FIRE condition,synthetic
2026-09-16 05:43:41.312332+00:00,SYNTH_FIRE_007,dev_001,Kitchen,397,53.47,46.07,495,553,45,FIRE,100,Synthetic simulation of FIRE condition,synthetic
2026-09-16 05:43:42.312332+00:00,SYNTH_FIRE_007,dev_001,Kitchen,374,54.8,46.47,514,576,45,FIRE,100,Synthetic simulation of FIRE condition,synthetic
2026-09-16 05:43:43.312332+00:00,SYNTH_FIRE_007,dev_001,Kitchen,344,56.09,46.68,526,595,45,FIRE,100,Synthetic simulation of FIRE condition,synthetic
2026-09-16 05:43:44.312332+00:00,SYNTH_FIRE_007,dev_001,Kitchen,316,57.05,46.49,539,613,45,FIRE,100,Synthetic simulation of FIRE condition,synthetic
2026-09-16 05:43:45.312332+00:00,SYNTH_FIRE_007,dev_001,Kitchen,307,58.1,46.57,552,627,45,FIRE,100,Synthetic simulation of FIRE condition,synthetic
2026-09-16 05:43:46.312332+00:00,SYNTH_FIRE_007,dev_001,Kitchen,297,58.8,46.73,569,636,45,FIRE,100,Synthetic simulation of FIRE condition,synthetic
2026-09-16 05:43:47.312332+00:00,SYNTH_FIRE_007,dev_001,Kitchen,278,59.47,46.61,569,652,45,FIRE,100,Synthetic simulation of FIRE condition,synthetic
2026-09-16 05:43:48.312332+00:00,SYNTH_FIRE_007,dev_001,Kitchen,265,59.78,47.06,571,659,45,FIRE,100,Synthetic simulation of FIRE condition,synthetic
2026-09-16 05:43:49.312332+00:00,SYNTH_FIRE_007,dev_001,Kitchen,263,60.47,46.8,583,661,45,FIRE,100,Synthetic simulation of FIRE condition,synthetic
2026-09-16 05:43:50.312332+00:00,SYNTH_FIRE_007,dev_001,Kitchen,251,61.0,46.58,590,670,45,FIRE,100,Synthetic simulation of FIRE condition,synthetic
2026-09-16 05:43:51.312332+00:00,SYNTH_FIRE_007,dev_001,Kitchen,251,61.17,46.85,595,675,45,FIRE,100,Synthetic simulation of FIRE condition,synthetic
2026-09-16 05:43:52.312332+00:00,SYNTH_FIRE_007,dev_001,Kitchen,242,61.34,46.49,606,683,45,FIRE,100,Synthetic simulation of FIRE condition,synthetic
2026-09-16 05:43:53.312332+00:00,SYNTH_FIRE_007,dev_001,Kitchen,236,61.41,46.92,600,684,45,FIRE,100,Synthetic simulation of FIRE condition,synthetic
2026-09-16 05:43:54.312332+00:00,SYNTH_FIRE_007,dev_001,Kitchen,232,61.7,46.77,603,688,45,FIRE,100,Synthetic simulation of FIRE condition,synthetic
2026-09-16 05:43:55.312332+00:00,SYNTH_FIRE_007,dev_001,Kitchen,234,61.85,46.48,605,692,45,FIRE,100,Synthetic simulation of FIRE condition,synthetic
2026-09-16 05:43:56.312332+00:00,SYNTH_FIRE_007,dev_001,Kitchen,227,61.8,46.69,607,686,45,FIRE,100,Synthetic simulation of FIRE condition,synthetic
2026-09-16 05:43:57.312332+00:00,SYNTH_FIRE_007,dev_001,Kitchen,226,62.4,46.28,609,693,45,FIRE,100,Synthetic simulation of FIRE condition,synthetic
2026-09-16 05:43:58.312332+00:00,SYNTH_FIRE_007,dev_001,Kitchen,224,62.17,46.23,609,691,45,FIRE,100,Synthetic simulation of FIRE condition,synthetic
2026-09-16 05:43:59.312332+00:00,SYNTH_FIRE_007,dev_001,Kitchen,229,62.17,46.41,611,695,45,FIRE,100,Synthetic simulation of FIRE condition,synthetic
2026-09-16 05:44:00.312332+00:00,SYNTH_FIRE_007,dev_001,Kitchen,216,62.12,46.8,603,691,45,FIRE,100,Synthetic simulation of FIRE condition,synthetic
2026-09-16 05:44:01.312332+00:00,SYNTH_FIRE_007,dev_001,Kitchen,229,62.27,46.38,608,698,45,FIRE,100,Synthetic simulation of FIRE condition,synthetic
2026-09-16 05:44:02.312332+00:00,SYNTH_FIRE_007,dev_001,Kitchen,227,62.26,46.07,608,696,45,FIRE,100,Synthetic simulation of FIRE condition,synthetic
2026-09-16 05:44:03.312332+00:00,SYNTH_FIRE_007,dev_001,Kitchen,219,62.06,46.53,610,696,45,FIRE,100,Synthetic simulation of FIRE condition,synthetic
2026-09-16 05:44:04.312332+00:00,SYNTH_FIRE_007,dev_001,Kitchen,228,61.99,46.68,616,700,45,FIRE,100,Synthetic simulation of FIRE condition,synthetic
2026-09-16 05:44:05.312332+00:00,SYNTH_FIRE_007,dev_001,Kitchen,216,62.5,46.63,612,699,45,FIRE,100,Synthetic simulation of FIRE condition,synthetic
2026-09-16 05:44:06.312332+00:00,SYNTH_FIRE_007,dev_001,Kitchen,221,62.45,46.71,610,699,45,FIRE,100,Synthetic simulation of FIRE condition,synthetic
2026-09-16 05:44:07.312332+00:00,SYNTH_FIRE_007,dev_001,Kitchen,226,62.38,46.84,606,701,45,FIRE,100,Synthetic simulation of FIRE condition,synthetic
2026-09-16 05:44:08.312332+00:00,SYNTH_FIRE_007,dev_001,Kitchen,221,62.58,46.63,616,695,45,FIRE,100,Synthetic simulation of FIRE condition,synthetic
2026-09-16 05:44:09.312332+00:00,SYNTH_FIRE_007,dev_001,Kitchen,218,62.33,46.84,612,699,45,FIRE,100,Synthetic simulation of FIRE condition,synthetic
2026-09-16 05:44:10.312332+00:00,SYNTH_FIRE_007,dev_001,Kitchen,224,62.35,46.89,607,701,45,FIRE,100,Synthetic simulation of FIRE condition,synthetic
2026-09-16 05:44:11.312332+00:00,SYNTH_FIRE_007,dev_001,Kitchen,227,62.53,46.82,607,697,45,FIRE,100,Synthetic simulation of FIRE condition,synthetic
2026-09-16 05:44:12.312332+00:00,SYNTH_FIRE_007,dev_001,Kitchen,221,62.69,46.75,612,698,45,FIRE,100,Synthetic simulation of FIRE condition,synthetic
2026-09-16 05:44:13.312332+00:00,SYNTH_FIRE_007,dev_001,Kitchen,217,62.34,47.01,610,693,45,FIRE,100,Synthetic simulation of FIRE condition,synthetic
2026-09-16 05:44:14.312332+00:00,SYNTH_FIRE_007,dev_001,Kitchen,221,62.24,46.71,612,695,45,FIRE,100,Synthetic simulation of FIRE condition,synthetic
2026-09-16 05:44:15.312332+00:00,SYNTH_FIRE_007,dev_001,Kitchen,212,62.4,46.2,617,696,45,FIRE,100,Synthetic simulation of FIRE condition,synthetic
2026-09-16 05:44:16.312332+00:00,SYNTH_FIRE_007,dev_001,Kitchen,218,62.63,46.58,609,697,45,FIRE,100,Synthetic simulation of FIRE condition,synthetic
2026-09-16 05:44:17.312332+00:00,SYNTH_FIRE_007,dev_001,Kitchen,216,62.7,46.69,618,703,45,FIRE,100,Synthetic simulation of FIRE condition,synthetic
2026-09-16 05:44:18.312332+00:00,SYNTH_FIRE_007,dev_001,Kitchen,218,62.42,47.04,616,698,45,FIRE,100,Synthetic simulation of FIRE condition,synthetic
2026-09-16 05:44:19.312332+00:00,SYNTH_FIRE_007,dev_001,Kitchen,224,62.36,46.8,612,700,45,FIRE,100,Synthetic simulation of FIRE condition,synthetic
2026-09-16 05:44:20.312332+00:00,SYNTH_FIRE_007,dev_001,Kitchen,213,62.54,46.6,618,697,45,FIRE,100,Synthetic simulation of FIRE condition,synthetic
2026-09-16 05:44:21.312332+00:00,SYNTH_FIRE_007,dev_001,Kitchen,228,62.7,46.83,608,696,45,FIRE,100,Synthetic simulation of FIRE condition,synthetic
2026-09-16 05:44:22.312332+00:00,SYNTH_FIRE_007,dev_001,Kitchen,217,62.42,46.57,613,699,45,FIRE,100,Synthetic simulation of FIRE condition,synthetic
2026-09-16 05:44:23.312332+00:00,SYNTH_FIRE_007,dev_001,Kitchen,217,62.45,47.03,612,702,45,FIRE,100,Synthetic simulation of FIRE condition,synthetic
2026-09-16 05:44:24.312332+00:00,SYNTH_FIRE_007,dev_001,Kitchen,213,62.37,47.22,614,699,45,FIRE,100,Synthetic simulation of FIRE condition,synthetic
2026-09-16 05:44:25.312332+00:00,SYNTH_FIRE_007,dev_001,Kitchen,222,62.17,46.58,609,700,45,FIRE,100,Synthetic simulation of FIRE condition,synthetic
2026-09-16 05:44:26.312332+00:00,SYNTH_FIRE_007,dev_001,Kitchen,221,62.44,46.82,610,695,45,FIRE,100,Synthetic simulation of FIRE condition,synthetic
2026-09-16 05:44:27.312332+00:00,SYNTH_FIRE_007,dev_001,Kitchen,219,62.25,46.52,608,697,45,FIRE,100,Synthetic simulation of FIRE condition,synthetic
2026-09-16 05:44:28.312332+00:00,SYNTH_FIRE_007,dev_001,Kitchen,222,62.61,46.36,611,696,45,FIRE,100,Synthetic simulation of FIRE condition,synthetic
2026-09-16 05:44:29.312332+00:00,SYNTH_FIRE_007,dev_001,Kitchen,219,62.5,46.95,610,698,45,FIRE,100,Synthetic simulation of FIRE condition,synthetic
2026-09-16 05:44:30.312332+00:00,SYNTH_FIRE_007,dev_001,Kitchen,219,62.6,47.1,615,695,45,FIRE,100,Synthetic simulation of FIRE condition,synthetic
2026-09-16 05:44:31.312332+00:00,SYNTH_FIRE_007,dev_001,Kitchen,213,62.4,46.76,611,698,45,FIRE,100,Synthetic simulation of FIRE condition,synthetic
2026-09-16 05:44:32.312332+00:00,SYNTH_FIRE_007,dev_001,Kitchen,218,62.51,46.71,613,701,45,FIRE,100,Synthetic simulation of FIRE condition,synthetic
2026-09-16 05:44:33.312332+00:00,SYNTH_FIRE_007,dev_001,Kitchen,217,62.52,47.05,608,699,45,FIRE,100,Synthetic simulation of FIRE condition,synthetic
2026-09-16 05:44:34.312332+00:00,SYNTH_FIRE_007,dev_001,Kitchen,219,62.29,46.37,611,701,45,FIRE,100,Synthetic simulation of FIRE condition,synthetic
2026-09-16 05:44:35.312332+00:00,SYNTH_FIRE_007,dev_001,Kitchen,227,62.33,46.97,609,701,45,FIRE,100,Synthetic simulation of FIRE condition,synthetic
2026-09-16 05:44:36.312332+00:00,SYNTH_FIRE_007,dev_001,Kitchen,224,62.31,46.39,615,696,45,FIRE,100,Synthetic simulation of FIRE condition,synthetic
2026-09-16 05:44:37.312332+00:00,SYNTH_FIRE_007,dev_001,Kitchen,222,62.48,46.62,611,701,45,FIRE,100,Synthetic simulation of FIRE condition,synthetic
2026-09-16 05:44:38.312332+00:00,SYNTH_FIRE_007,dev_001,Kitchen,220,62.23,46.79,612,695,45,FIRE,100,Synthetic simulation of FIRE condition,synthetic
2026-09-16 05:44:39.312332+00:00,SYNTH_FIRE_007,dev_001,Kitchen,217,62.67,46.73,610,696,45,FIRE,100,Synthetic simulation of FIRE condition,synthetic
2026-09-16 05:44:40.312332+00:00,SYNTH_FIRE_007,dev_001,Kitchen,223,62.63,46.41,609,696,45,FIRE,100,Synthetic simulation of FIRE condition,synthetic
2026-09-16 05:44:41.312332+00:00,SYNTH_FIRE_007,dev_001,Kitchen,219,62.7,46.69,616,688,45,FIRE,100,Synthetic simulation of FIRE condition,synthetic
2026-09-16 05:44:42.312332+00:00,SYNTH_FIRE_007,dev_001,Kitchen,214,62.21,46.76,616,696,45,FIRE,100,Synthetic simulation of FIRE condition,synthetic
2026-09-16 05:44:43.312332+00:00,SYNTH_FIRE_007,dev_001,Kitchen,221,62.37,46.94,606,699,45,FIRE,100,Synthetic simulation of FIRE condition,synthetic
2026-09-16 05:44:44.312332+00:00,SYNTH_FIRE_007,dev_001,Kitchen,214,62.23,46.68,608,696,45,FIRE,100,Synthetic simulation of FIRE condition,synthetic
2026-09-16 05:44:45.312332+00:00,SYNTH_FIRE_007,dev_001,Kitchen,218,62.75,47.13,614,702,45,FIRE,100,Synthetic simulation of FIRE condition,synthetic
2026-09-16 05:44:46.312332+00:00,SYNTH_FIRE_007,dev_001,Kitchen,221,62.62,47.0,608,703,45,FIRE,100,Synthetic simulation of FIRE condition,synthetic
2026-09-16 05:44:47.312332+00:00,SYNTH_FIRE_007,dev_001,Kitchen,218,62.24,46.84,611,700,45,FIRE,100,Synthetic simulation of FIRE condition,synthetic
2026-09-16 05:44:48.312332+00:00,SYNTH_FIRE_007,dev_001,Kitchen,230,62.46,47.16,609,699,45,FIRE,100,Synthetic simulation of FIRE condition,synthetic
2026-09-16 05:44:49.312332+00:00,SYNTH_FIRE_007,dev_001,Kitchen,213,62.33,46.45,610,698,45,FIRE,100,Synthetic simulation of FIRE condition,synthetic
2026-09-16 05:44:50.312332+00:00,SYNTH_FIRE_007,dev_001,Kitchen,222,62.66,46.81,610,702,45,FIRE,100,Synthetic simulation of FIRE condition,synthetic
2026-09-16 05:44:51.312332+00:00,SYNTH_FIRE_007,dev_001,Kitchen,219,62.63,46.52,613,698,45,FIRE,100,Synthetic simulation of FIRE condition,synthetic
2026-09-16 05:44:52.312332+00:00,SYNTH_FIRE_007,dev_001,Kitchen,211,62.21,47.04,611,699,45,FIRE,100,Synthetic simulation of FIRE condition,synthetic
2026-09-16 05:42:53.314369+00:00,SYNTH_FIRE_008,dev_001,Kitchen,927,24.63,58.98,144,118,90,NORMAL,100,Synthetic simulation of FIRE condition,synthetic
2026-09-16 05:42:54.314369+00:00,SYNTH_FIRE_008,dev_001,Kitchen,925,24.19,58.75,137,119,90,NORMAL,100,Synthetic simulation of FIRE condition,synthetic
2026-09-16 05:42:55.314369+00:00,SYNTH_FIRE_008,dev_001,Kitchen,924,24.53,58.87,142,117,90,NORMAL,100,Synthetic simulation of FIRE condition,synthetic
2026-09-16 05:42:56.314369+00:00,SYNTH_FIRE_008,dev_001,Kitchen,926,24.18,59.0,139,118,90,NORMAL,100,Synthetic simulation of FIRE condition,synthetic
2026-09-16 05:42:57.314369+00:00,SYNTH_FIRE_008,dev_001,Kitchen,922,24.51,58.42,138,116,90,NORMAL,100,Synthetic simulation of FIRE condition,synthetic
2026-09-16 05:42:58.314369+00:00,SYNTH_FIRE_008,dev_001,Kitchen,926,24.17,58.48,142,116,90,NORMAL,100,Synthetic simulation of FIRE condition,synthetic
2026-09-16 05:42:59.314369+00:00,SYNTH_FIRE_008,dev_001,Kitchen,923,24.24,58.61,140,120,90,NORMAL,100,Synthetic simulation of FIRE condition,synthetic
2026-09-16 05:43:00.314369+00:00,SYNTH_FIRE_008,dev_001,Kitchen,920,24.21,59.04,136,116,90,NORMAL,100,Synthetic simulation of FIRE condition,synthetic
2026-09-16 05:43:01.314369+00:00,SYNTH_FIRE_008,dev_001,Kitchen,931,24.22,58.87,145,120,90,NORMAL,100,Synthetic simulation of FIRE condition,synthetic
2026-09-16 05:43:02.314369+00:00,SYNTH_FIRE_008,dev_001,Kitchen,922,24.42,59.28,141,118,90,NORMAL,100,Synthetic simulation of FIRE condition,synthetic
2026-09-16 05:43:03.314369+00:00,SYNTH_FIRE_008,dev_001,Kitchen,920,24.71,59.17,138,118,90,NORMAL,100,Synthetic simulation of FIRE condition,synthetic
2026-09-16 05:43:04.314369+00:00,SYNTH_FIRE_008,dev_001,Kitchen,914,24.3,58.33,144,123,90,NORMAL,100,Synthetic simulation of FIRE condition,synthetic
2026-09-16 05:43:05.314369+00:00,SYNTH_FIRE_008,dev_001,Kitchen,916,24.59,59.07,140,116,90,NORMAL,100,Synthetic simulation of FIRE condition,synthetic
2026-09-16 05:43:06.314369+00:00,SYNTH_FIRE_008,dev_001,Kitchen,931,24.44,58.97,138,116,90,NORMAL,100,Synthetic simulation of FIRE condition,synthetic
2026-09-16 05:43:07.314369+00:00,SYNTH_FIRE_008,dev_001,Kitchen,921,24.19,58.8,143,121,90,NORMAL,100,Synthetic simulation of FIRE condition,synthetic
2026-09-16 05:43:08.314369+00:00,SYNTH_FIRE_008,dev_001,Kitchen,926,24.22,58.63,134,118,90,NORMAL,100,Synthetic simulation of FIRE condition,synthetic
2026-09-16 05:43:09.314369+00:00,SYNTH_FIRE_008,dev_001,Kitchen,923,23.82,58.98,141,121,90,NORMAL,100,Synthetic simulation of FIRE condition,synthetic
2026-09-16 05:43:10.314369+00:00,SYNTH_FIRE_008,dev_001,Kitchen,928,24.35,58.31,139,118,90,NORMAL,100,Synthetic simulation of FIRE condition,synthetic
2026-09-16 05:43:11.314369+00:00,SYNTH_FIRE_008,dev_001,Kitchen,919,24.56,58.9,142,122,90,NORMAL,100,Synthetic simulation of FIRE condition,synthetic
2026-09-16 05:43:12.314369+00:00,SYNTH_FIRE_008,dev_001,Kitchen,925,24.03,58.73,134,119,90,NORMAL,100,Synthetic simulation of FIRE condition,synthetic
2026-09-16 05:43:13.314369+00:00,SYNTH_FIRE_008,dev_001,Kitchen,919,24.11,58.34,140,115,90,NORMAL,100,Synthetic simulation of FIRE condition,synthetic
2026-09-16 05:43:14.314369+00:00,SYNTH_FIRE_008,dev_001,Kitchen,930,24.41,58.84,135,117,90,NORMAL,100,Synthetic simulation of FIRE condition,synthetic
2026-09-16 05:43:15.314369+00:00,SYNTH_FIRE_008,dev_001,Kitchen,917,24.28,58.98,138,120,90,NORMAL,100,Synthetic simulation of FIRE condition,synthetic
2026-09-16 05:43:16.314369+00:00,SYNTH_FIRE_008,dev_001,Kitchen,925,24.27,58.97,138,113,90,NORMAL,100,Synthetic simulation of FIRE condition,synthetic
2026-09-16 05:43:17.314369+00:00,SYNTH_FIRE_008,dev_001,Kitchen,919,25.24,46.97,149,125,150,FIRE,100,Synthetic simulation of FIRE condition,synthetic
2026-09-16 05:43:18.314369+00:00,SYNTH_FIRE_008,dev_001,Kitchen,908,25.61,46.68,154,129,150,FIRE,100,Synthetic simulation of FIRE condition,synthetic
2026-09-16 05:43:19.314369+00:00,SYNTH_FIRE_008,dev_001,Kitchen,907,25.57,46.97,152,129,150,FIRE,100,Synthetic simulation of FIRE condition,synthetic
2026-09-16 05:43:20.314369+00:00,SYNTH_FIRE_008,dev_001,Kitchen,900,25.92,46.74,147,134,150,FIRE,100,Synthetic simulation of FIRE condition,synthetic
2026-09-16 05:43:21.314369+00:00,SYNTH_FIRE_008,dev_001,Kitchen,898,26.57,46.63,159,138,150,FIRE,100,Synthetic simulation of FIRE condition,synthetic
2026-09-16 05:43:22.314369+00:00,SYNTH_FIRE_008,dev_001,Kitchen,897,27.4,46.87,164,140,150,FIRE,100,Synthetic simulation of FIRE condition,synthetic
2026-09-16 05:43:23.314369+00:00,SYNTH_FIRE_008,dev_001,Kitchen,891,27.71,46.92,169,144,150,FIRE,100,Synthetic simulation of FIRE condition,synthetic
2026-09-16 05:43:24.314369+00:00,SYNTH_FIRE_008,dev_001,Kitchen,873,28.33,47.15,173,151,150,FIRE,100,Synthetic simulation of FIRE condition,synthetic
2026-09-16 05:43:25.314369+00:00,SYNTH_FIRE_008,dev_001,Kitchen,867,29.39,46.69,185,163,150,FIRE,100,Synthetic simulation of FIRE condition,synthetic
2026-09-16 05:43:26.314369+00:00,SYNTH_FIRE_008,dev_001,Kitchen,853,30.19,46.45,195,169,150,FIRE,100,Synthetic simulation of FIRE condition,synthetic
2026-09-16 05:43:27.314369+00:00,SYNTH_FIRE_008,dev_001,Kitchen,830,31.82,46.83,207,178,150,FIRE,100,Synthetic simulation of FIRE condition,synthetic
2026-09-16 05:43:28.314369+00:00,SYNTH_FIRE_008,dev_001,Kitchen,815,32.94,46.73,217,192,150,FIRE,100,Synthetic simulation of FIRE condition,synthetic
2026-09-16 05:43:29.314369+00:00,SYNTH_FIRE_008,dev_001,Kitchen,799,34.6,46.54,231,206,150,FIRE,100,Synthetic simulation of FIRE condition,synthetic
2026-09-16 05:43:30.314369+00:00,SYNTH_FIRE_008,dev_001,Kitchen,776,36.76,46.69,248,221,150,FIRE,100,Synthetic simulation of FIRE condition,synthetic
2026-09-16 05:43:31.314369+00:00,SYNTH_FIRE_008,dev_001,Kitchen,754,38.72,47.03,271,242,150,FIRE,100,Synthetic simulation of FIRE condition,synthetic
2026-09-16 05:43:32.314369+00:00,SYNTH_FIRE_008,dev_001,Kitchen,724,41.29,47.17,293,262,150,FIRE,100,Synthetic simulation of FIRE condition,synthetic
2026-09-16 05:43:33.314369+00:00,SYNTH_FIRE_008,dev_001,Kitchen,693,43.52,46.24,319,280,150,FIRE,100,Synthetic simulation of FIRE condition,synthetic
2026-09-16 05:43:34.314369+00:00,SYNTH_FIRE_008,dev_001,Kitchen,658,46.49,46.96,340,305,150,FIRE,100,Synthetic simulation of FIRE condition,synthetic
2026-09-16 05:43:35.314369+00:00,SYNTH_FIRE_008,dev_001,Kitchen,619,49.46,46.91,366,331,150,FIRE,100,Synthetic simulation of FIRE condition,synthetic
2026-09-16 05:43:36.314369+00:00,SYNTH_FIRE_008,dev_001,Kitchen,586,52.05,46.58,391,356,150,FIRE,100,Synthetic simulation of FIRE condition,synthetic
2026-09-16 05:43:37.314369+00:00,SYNTH_FIRE_008,dev_001,Kitchen,551,55.25,46.74,418,381,150,FIRE,100,Synthetic simulation of FIRE condition,synthetic
2026-09-16 05:43:38.314369+00:00,SYNTH_FIRE_008,dev_001,Kitchen,517,57.88,46.49,445,404,150,FIRE,100,Synthetic simulation of FIRE condition,synthetic
2026-09-16 05:43:39.314369+00:00,SYNTH_FIRE_008,dev_001,Kitchen,485,60.76,47.25,473,433,150,FIRE,100,Synthetic simulation of FIRE condition,synthetic
2026-09-16 05:43:40.314369+00:00,SYNTH_FIRE_008,dev_001,Kitchen,457,63.28,46.91,489,447,150,FIRE,100,Synthetic simulation of FIRE condition,synthetic
2026-09-16 05:43:41.314369+00:00,SYNTH_FIRE_008,dev_001,Kitchen,427,65.36,46.84,515,471,150,FIRE,100,Synthetic simulation of FIRE condition,synthetic
2026-09-16 05:43:42.314369+00:00,SYNTH_FIRE_008,dev_001,Kitchen,397,67.5,46.35,530,484,150,FIRE,100,Synthetic simulation of FIRE condition,synthetic
2026-09-16 05:43:43.314369+00:00,SYNTH_FIRE_008,dev_001,Kitchen,379,69.28,46.79,550,502,150,FIRE,100,Synthetic simulation of FIRE condition,synthetic
2026-09-16 05:43:44.314369+00:00,SYNTH_FIRE_008,dev_001,Kitchen,360,70.91,46.61,564,516,150,FIRE,100,Synthetic simulation of FIRE condition,synthetic
2026-09-16 05:43:45.314369+00:00,SYNTH_FIRE_008,dev_001,Kitchen,341,72.57,47.02,576,528,150,FIRE,100,Synthetic simulation of FIRE condition,synthetic
2026-09-16 05:43:46.314369+00:00,SYNTH_FIRE_008,dev_001,Kitchen,336,73.59,46.96,585,538,150,FIRE,100,Synthetic simulation of FIRE condition,synthetic
2026-09-16 05:43:47.314369+00:00,SYNTH_FIRE_008,dev_001,Kitchen,319,74.3,46.42,596,548,150,FIRE,100,Synthetic simulation of FIRE condition,synthetic
2026-09-16 05:43:48.314369+00:00,SYNTH_FIRE_008,dev_001,Kitchen,303,75.29,47.08,604,554,150,FIRE,100,Synthetic simulation of FIRE condition,synthetic
2026-09-16 05:43:49.314369+00:00,SYNTH_FIRE_008,dev_001,Kitchen,300,75.98,46.88,611,561,150,FIRE,100,Synthetic simulation of FIRE condition,synthetic
2026-09-16 05:43:50.314369+00:00,SYNTH_FIRE_008,dev_001,Kitchen,299,76.38,46.95,619,566,150,FIRE,100,Synthetic simulation of FIRE condition,synthetic
2026-09-16 05:43:51.314369+00:00,SYNTH_FIRE_008,dev_001,Kitchen,286,77.02,46.76,618,562,150,FIRE,100,Synthetic simulation of FIRE condition,synthetic
2026-09-16 05:43:52.314369+00:00,SYNTH_FIRE_008,dev_001,Kitchen,286,77.45,46.67,627,572,150,FIRE,100,Synthetic simulation of FIRE condition,synthetic
2026-09-16 05:43:53.314369+00:00,SYNTH_FIRE_008,dev_001,Kitchen,280,77.54,46.02,632,575,150,FIRE,100,Synthetic simulation of FIRE condition,synthetic
2026-09-16 05:43:54.314369+00:00,SYNTH_FIRE_008,dev_001,Kitchen,276,78.02,46.65,636,577,150,FIRE,100,Synthetic simulation of FIRE condition,synthetic
2026-09-16 05:43:55.314369+00:00,SYNTH_FIRE_008,dev_001,Kitchen,268,78.14,46.58,627,578,150,FIRE,100,Synthetic simulation of FIRE condition,synthetic
2026-09-16 05:43:56.314369+00:00,SYNTH_FIRE_008,dev_001,Kitchen,277,78.54,47.26,632,579,150,FIRE,100,Synthetic simulation of FIRE condition,synthetic
2026-09-16 05:43:57.314369+00:00,SYNTH_FIRE_008,dev_001,Kitchen,279,78.45,46.52,633,582,150,FIRE,100,Synthetic simulation of FIRE condition,synthetic
2026-09-16 05:43:58.314369+00:00,SYNTH_FIRE_008,dev_001,Kitchen,266,78.56,46.75,634,578,150,FIRE,100,Synthetic simulation of FIRE condition,synthetic
2026-09-16 05:43:59.314369+00:00,SYNTH_FIRE_008,dev_001,Kitchen,270,78.76,46.54,634,586,150,FIRE,100,Synthetic simulation of FIRE condition,synthetic
2026-09-16 05:44:00.314369+00:00,SYNTH_FIRE_008,dev_001,Kitchen,264,78.77,46.99,638,583,150,FIRE,100,Synthetic simulation of FIRE condition,synthetic
2026-09-16 05:44:01.314369+00:00,SYNTH_FIRE_008,dev_001,Kitchen,265,78.94,46.66,639,584,150,FIRE,100,Synthetic simulation of FIRE condition,synthetic
2026-09-16 05:44:02.314369+00:00,SYNTH_FIRE_008,dev_001,Kitchen,261,78.75,46.51,636,581,150,FIRE,100,Synthetic simulation of FIRE condition,synthetic
2026-09-16 05:44:03.314369+00:00,SYNTH_FIRE_008,dev_001,Kitchen,261,78.86,46.72,635,580,150,FIRE,100,Synthetic simulation of FIRE condition,synthetic
2026-09-16 05:44:04.314369+00:00,SYNTH_FIRE_008,dev_001,Kitchen,259,78.7,46.59,636,587,150,FIRE,100,Synthetic simulation of FIRE condition,synthetic
2026-09-16 05:44:05.314369+00:00,SYNTH_FIRE_008,dev_001,Kitchen,258,79.31,46.74,637,586,150,FIRE,100,Synthetic simulation of FIRE condition,synthetic
2026-09-16 05:44:06.314369+00:00,SYNTH_FIRE_008,dev_001,Kitchen,264,78.92,47.13,635,587,150,FIRE,100,Synthetic simulation of FIRE condition,synthetic
2026-09-16 05:44:07.314369+00:00,SYNTH_FIRE_008,dev_001,Kitchen,261,78.94,46.67,641,587,150,FIRE,100,Synthetic simulation of FIRE condition,synthetic
2026-09-16 05:44:08.314369+00:00,SYNTH_FIRE_008,dev_001,Kitchen,262,79.05,46.62,634,589,150,FIRE,100,Synthetic simulation of FIRE condition,synthetic
2026-09-16 05:44:09.314369+00:00,SYNTH_FIRE_008,dev_001,Kitchen,266,79.18,46.82,638,584,150,FIRE,100,Synthetic simulation of FIRE condition,synthetic
2026-09-16 05:44:10.314369+00:00,SYNTH_FIRE_008,dev_001,Kitchen,268,78.82,47.06,635,587,150,FIRE,100,Synthetic simulation of FIRE condition,synthetic
2026-09-16 05:44:11.314369+00:00,SYNTH_FIRE_008,dev_001,Kitchen,257,79.27,46.78,639,587,150,FIRE,100,Synthetic simulation of FIRE condition,synthetic
2026-09-16 05:44:12.314369+00:00,SYNTH_FIRE_008,dev_001,Kitchen,261,79.06,47.0,636,585,150,FIRE,100,Synthetic simulation of FIRE condition,synthetic
2026-09-16 05:44:13.314369+00:00,SYNTH_FIRE_008,dev_001,Kitchen,267,79.04,46.98,640,589,150,FIRE,100,Synthetic simulation of FIRE condition,synthetic
2026-09-16 05:44:14.314369+00:00,SYNTH_FIRE_008,dev_001,Kitchen,264,79.13,46.54,644,582,150,FIRE,100,Synthetic simulation of FIRE condition,synthetic
2026-09-16 05:44:15.314369+00:00,SYNTH_FIRE_008,dev_001,Kitchen,256,79.1,46.54,637,587,150,FIRE,100,Synthetic simulation of FIRE condition,synthetic
2026-09-16 05:44:16.314369+00:00,SYNTH_FIRE_008,dev_001,Kitchen,262,79.08,46.82,640,588,150,FIRE,100,Synthetic simulation of FIRE condition,synthetic
2026-09-16 05:44:17.314369+00:00,SYNTH_FIRE_008,dev_001,Kitchen,263,79.04,46.48,634,584,150,FIRE,100,Synthetic simulation of FIRE condition,synthetic
2026-09-16 05:44:18.314369+00:00,SYNTH_FIRE_008,dev_001,Kitchen,258,78.93,46.64,635,584,150,FIRE,100,Synthetic simulation of FIRE condition,synthetic
2026-09-16 05:44:19.314369+00:00,SYNTH_FIRE_008,dev_001,Kitchen,260,79.04,47.09,638,588,150,FIRE,100,Synthetic simulation of FIRE condition,synthetic
2026-09-16 05:44:20.314369+00:00,SYNTH_FIRE_008,dev_001,Kitchen,258,79.06,46.96,645,586,150,FIRE,100,Synthetic simulation of FIRE condition,synthetic
2026-09-16 05:44:21.314369+00:00,SYNTH_FIRE_008,dev_001,Kitchen,267,78.99,46.62,637,585,150,FIRE,100,Synthetic simulation of FIRE condition,synthetic
2026-09-16 05:44:22.314369+00:00,SYNTH_FIRE_008,dev_001,Kitchen,263,79.13,47.2,644,585,150,FIRE,100,Synthetic simulation of FIRE condition,synthetic
2026-09-16 05:44:23.314369+00:00,SYNTH_FIRE_008,dev_001,Kitchen,262,79.1,46.42,636,586,150,FIRE,100,Synthetic simulation of FIRE condition,synthetic
2026-09-16 05:44:24.314369+00:00,SYNTH_FIRE_008,dev_001,Kitchen,263,79.02,46.71,633,589,150,FIRE,100,Synthetic simulation of FIRE condition,synthetic
2026-09-16 05:44:25.314369+00:00,SYNTH_FIRE_008,dev_001,Kitchen,260,78.83,47.26,636,585,150,FIRE,100,Synthetic simulation of FIRE condition,synthetic
2026-09-16 05:44:26.314369+00:00,SYNTH_FIRE_008,dev_001,Kitchen,261,79.01,47.42,637,590,150,FIRE,100,Synthetic simulation of FIRE condition,synthetic
2026-09-16 05:44:27.314369+00:00,SYNTH_FIRE_008,dev_001,Kitchen,265,78.91,46.9,630,588,150,FIRE,100,Synthetic simulation of FIRE condition,synthetic
2026-09-16 05:44:28.314369+00:00,SYNTH_FIRE_008,dev_001,Kitchen,264,79.04,46.87,639,580,150,FIRE,100,Synthetic simulation of FIRE condition,synthetic
2026-09-16 05:44:29.314369+00:00,SYNTH_FIRE_008,dev_001,Kitchen,260,78.88,46.58,636,590,150,FIRE,100,Synthetic simulation of FIRE condition,synthetic
2026-09-16 05:44:30.314369+00:00,SYNTH_FIRE_008,dev_001,Kitchen,266,79.15,46.7,639,588,150,FIRE,100,Synthetic simulation of FIRE condition,synthetic
2026-09-16 05:44:31.314369+00:00,SYNTH_FIRE_008,dev_001,Kitchen,258,79.08,46.89,633,582,150,FIRE,100,Synthetic simulation of FIRE condition,synthetic
2026-09-16 05:44:32.314369+00:00,SYNTH_FIRE_008,dev_001,Kitchen,266,78.85,46.92,636,583,150,FIRE,100,Synthetic simulation of FIRE condition,synthetic
2026-09-16 05:44:33.314369+00:00,SYNTH_FIRE_008,dev_001,Kitchen,272,79.14,46.52,639,587,150,FIRE,100,Synthetic simulation of FIRE condition,synthetic
2026-09-16 05:44:34.314369+00:00,SYNTH_FIRE_008,dev_001,Kitchen,261,78.7,46.68,643,582,150,FIRE,100,Synthetic simulation of FIRE condition,synthetic
2026-09-16 05:44:35.314369+00:00,SYNTH_FIRE_008,dev_001,Kitchen,260,79.16,46.13,641,588,150,FIRE,100,Synthetic simulation of FIRE condition,synthetic
2026-09-16 05:44:36.314369+00:00,SYNTH_FIRE_008,dev_001,Kitchen,265,79.03,46.74,633,591,150,FIRE,100,Synthetic simulation of FIRE condition,synthetic
2026-09-16 05:44:37.314369+00:00,SYNTH_FIRE_008,dev_001,Kitchen,260,79.24,47.0,637,589,150,FIRE,100,Synthetic simulation of FIRE condition,synthetic
2026-09-16 05:44:38.314369+00:00,SYNTH_FIRE_008,dev_001,Kitchen,257,78.88,46.74,640,585,150,FIRE,100,Synthetic simulation of FIRE condition,synthetic
2026-09-16 05:44:39.314369+00:00,SYNTH_FIRE_008,dev_001,Kitchen,267,79.07,46.88,638,587,150,FIRE,100,Synthetic simulation of FIRE condition,synthetic
2026-09-16 05:44:40.314369+00:00,SYNTH_FIRE_008,dev_001,Kitchen,261,79.0,46.47,642,582,150,FIRE,100,Synthetic simulation of FIRE condition,synthetic
2026-09-16 05:44:41.314369+00:00,SYNTH_FIRE_008,dev_001,Kitchen,262,79.1,46.61,638,585,150,FIRE,100,Synthetic simulation of FIRE condition,synthetic
2026-09-16 05:44:42.314369+00:00,SYNTH_FIRE_008,dev_001,Kitchen,268,78.66,46.83,637,589,150,FIRE,100,Synthetic simulation of FIRE condition,synthetic
2026-09-16 05:44:43.314369+00:00,SYNTH_FIRE_008,dev_001,Kitchen,262,79.35,46.93,636,585,150,FIRE,100,Synthetic simulation of FIRE condition,synthetic
2026-09-16 05:44:44.314369+00:00,SYNTH_FIRE_008,dev_001,Kitchen,261,79.0,46.52,637,583,150,FIRE,100,Synthetic simulation of FIRE condition,synthetic
2026-09-16 05:44:45.314369+00:00,SYNTH_FIRE_008,dev_001,Kitchen,265,79.22,46.86,640,587,150,FIRE,100,Synthetic simulation of FIRE condition,synthetic
2026-09-16 05:44:46.314369+00:00,SYNTH_FIRE_008,dev_001,Kitchen,268,78.94,46.87,638,589,150,FIRE,100,Synthetic simulation of FIRE condition,synthetic
2026-09-16 05:44:47.314369+00:00,SYNTH_FIRE_008,dev_001,Kitchen,260,79.09,46.81,633,583,150,FIRE,100,Synthetic simulation of FIRE condition,synthetic
2026-09-16 05:44:48.314369+00:00,SYNTH_FIRE_008,dev_001,Kitchen,262,78.91,46.71,635,586,150,FIRE,100,Synthetic simulation of FIRE condition,synthetic
2026-09-16 05:44:49.314369+00:00,SYNTH_FIRE_008,dev_001,Kitchen,266,78.61,47.37,643,584,150,FIRE,100,Synthetic simulation of FIRE condition,synthetic
2026-09-16 05:44:50.314369+00:00,SYNTH_FIRE_008,dev_001,Kitchen,264,79.18,46.84,636,587,150,FIRE,100,Synthetic simulation of FIRE condition,synthetic
2026-09-16 05:44:51.314369+00:00,SYNTH_FIRE_008,dev_001,Kitchen,264,79.01,47.18,639,588,150,FIRE,100,Synthetic simulation of FIRE condition,synthetic
2026-09-16 05:44:52.314369+00:00,SYNTH_FIRE_008,dev_001,Kitchen,262,78.83,46.85,639,586,150,FIRE,100,Synthetic simulation of FIRE condition,synthetic
2026-09-16 05:42:53.316365+00:00,SYNTH_FIRE_009,dev_001,Kitchen,917,24.05,53.04,144,112,90,NORMAL,100,Synthetic simulation of FIRE condition,synthetic
2026-09-16 05:42:54.316365+00:00,SYNTH_FIRE_009,dev_001,Kitchen,924,24.12,52.84,142,113,90,NORMAL,100,Synthetic simulation of FIRE condition,synthetic
2026-09-16 05:42:55.316365+00:00,SYNTH_FIRE_009,dev_001,Kitchen,928,24.15,52.76,145,108,90,NORMAL,100,Synthetic simulation of FIRE condition,synthetic
2026-09-16 05:42:56.316365+00:00,SYNTH_FIRE_009,dev_001,Kitchen,920,23.83,53.15,145,119,90,NORMAL,100,Synthetic simulation of FIRE condition,synthetic
2026-09-16 05:42:57.316365+00:00,SYNTH_FIRE_009,dev_001,Kitchen,920,24.13,52.99,141,114,90,NORMAL,100,Synthetic simulation of FIRE condition,synthetic
2026-09-16 05:42:58.316365+00:00,SYNTH_FIRE_009,dev_001,Kitchen,918,24.25,52.89,144,114,90,NORMAL,100,Synthetic simulation of FIRE condition,synthetic
2026-09-16 05:42:59.316365+00:00,SYNTH_FIRE_009,dev_001,Kitchen,912,23.99,53.01,139,113,90,NORMAL,100,Synthetic simulation of FIRE condition,synthetic
2026-09-16 05:43:00.316365+00:00,SYNTH_FIRE_009,dev_001,Kitchen,916,24.06,53.09,143,113,90,NORMAL,100,Synthetic simulation of FIRE condition,synthetic
2026-09-16 05:43:01.316365+00:00,SYNTH_FIRE_009,dev_001,Kitchen,921,23.92,53.26,143,109,90,NORMAL,100,Synthetic simulation of FIRE condition,synthetic
2026-09-16 05:43:02.316365+00:00,SYNTH_FIRE_009,dev_001,Kitchen,919,23.96,52.93,142,119,90,NORMAL,100,Synthetic simulation of FIRE condition,synthetic
2026-09-16 05:43:03.316365+00:00,SYNTH_FIRE_009,dev_001,Kitchen,918,24.2,53.26,138,113,90,NORMAL,100,Synthetic simulation of FIRE condition,synthetic
2026-09-16 05:43:04.316365+00:00,SYNTH_FIRE_009,dev_001,Kitchen,916,23.84,53.05,148,116,90,NORMAL,100,Synthetic simulation of FIRE condition,synthetic
2026-09-16 05:43:05.316365+00:00,SYNTH_FIRE_009,dev_001,Kitchen,920,24.03,53.22,137,120,90,NORMAL,100,Synthetic simulation of FIRE condition,synthetic
2026-09-16 05:43:06.316365+00:00,SYNTH_FIRE_009,dev_001,Kitchen,920,23.86,52.83,140,113,90,NORMAL,100,Synthetic simulation of FIRE condition,synthetic
2026-09-16 05:43:07.316365+00:00,SYNTH_FIRE_009,dev_001,Kitchen,918,24.09,53.22,139,113,90,NORMAL,100,Synthetic simulation of FIRE condition,synthetic
2026-09-16 05:43:08.316365+00:00,SYNTH_FIRE_009,dev_001,Kitchen,919,24.28,53.21,138,110,90,NORMAL,100,Synthetic simulation of FIRE condition,synthetic
2026-09-16 05:43:09.316365+00:00,SYNTH_FIRE_009,dev_001,Kitchen,919,24.1,52.84,145,112,90,NORMAL,100,Synthetic simulation of FIRE condition,synthetic
2026-09-16 05:43:10.316365+00:00,SYNTH_FIRE_009,dev_001,Kitchen,915,24.21,53.69,138,107,90,NORMAL,100,Synthetic simulation of FIRE condition,synthetic
2026-09-16 05:43:11.316365+00:00,SYNTH_FIRE_009,dev_001,Kitchen,919,24.21,53.4,146,112,90,NORMAL,100,Synthetic simulation of FIRE condition,synthetic
2026-09-16 05:43:12.316365+00:00,SYNTH_FIRE_009,dev_001,Kitchen,918,24.33,52.97,149,115,90,NORMAL,100,Synthetic simulation of FIRE condition,synthetic
2026-09-16 05:43:13.316365+00:00,SYNTH_FIRE_009,dev_001,Kitchen,927,24.15,52.94,141,111,90,NORMAL,100,Synthetic simulation of FIRE condition,synthetic
2026-09-16 05:43:14.316365+00:00,SYNTH_FIRE_009,dev_001,Kitchen,920,23.94,53.5,140,115,90,NORMAL,100,Synthetic simulation of FIRE condition,synthetic
2026-09-16 05:43:15.316365+00:00,SYNTH_FIRE_009,dev_001,Kitchen,924,23.86,53.12,142,113,90,NORMAL,100,Synthetic simulation of FIRE condition,synthetic
2026-09-16 05:43:16.316365+00:00,SYNTH_FIRE_009,dev_001,Kitchen,913,24.04,53.25,135,114,90,NORMAL,100,Synthetic simulation of FIRE condition,synthetic
2026-09-16 05:43:17.316365+00:00,SYNTH_FIRE_009,dev_001,Kitchen,912,25.15,41.31,146,122,120,FIRE,100,Synthetic simulation of FIRE condition,synthetic
2026-09-16 05:43:18.316365+00:00,SYNTH_FIRE_009,dev_001,Kitchen,897,24.99,41.43,152,126,120,FIRE,100,Synthetic simulation of FIRE condition,synthetic
2026-09-16 05:43:19.316365+00:00,SYNTH_FIRE_009,dev_001,Kitchen,901,25.43,41.09,150,126,120,FIRE,100,Synthetic simulation of FIRE condition,synthetic
2026-09-16 05:43:20.316365+00:00,SYNTH_FIRE_009,dev_001,Kitchen,894,25.57,41.22,157,129,120,FIRE,100,Synthetic simulation of FIRE condition,synthetic
2026-09-16 05:43:21.316365+00:00,SYNTH_FIRE_009,dev_001,Kitchen,889,26.3,41.22,161,136,120,FIRE,100,Synthetic simulation of FIRE condition,synthetic
2026-09-16 05:43:22.316365+00:00,SYNTH_FIRE_009,dev_001,Kitchen,881,26.6,40.79,161,137,120,FIRE,100,Synthetic simulation of FIRE condition,synthetic
2026-09-16 05:43:23.316365+00:00,SYNTH_FIRE_009,dev_001,Kitchen,870,27.22,40.89,167,143,120,FIRE,100,Synthetic simulation of FIRE condition,synthetic
2026-09-16 05:43:24.316365+00:00,SYNTH_FIRE_009,dev_001,Kitchen,863,27.95,41.1,177,148,120,FIRE,100,Synthetic simulation of FIRE condition,synthetic
2026-09-16 05:43:25.316365+00:00,SYNTH_FIRE_009,dev_001,Kitchen,848,28.57,40.97,179,161,120,FIRE,100,Synthetic simulation of FIRE condition,synthetic
2026-09-16 05:43:26.316365+00:00,SYNTH_FIRE_009,dev_001,Kitchen,834,29.89,40.54,189,162,120,FIRE,100,Synthetic simulation of FIRE condition,synthetic
2026-09-16 05:43:27.316365+00:00,SYNTH_FIRE_009,dev_001,Kitchen,817,31.1,40.79,201,178,120,FIRE,100,Synthetic simulation of FIRE condition,synthetic
2026-09-16 05:43:28.316365+00:00,SYNTH_FIRE_009,dev_001,Kitchen,793,32.37,41.08,207,194,120,FIRE,100,Synthetic simulation of FIRE condition,synthetic
2026-09-16 05:43:29.316365+00:00,SYNTH_FIRE_009,dev_001,Kitchen,778,33.96,41.27,221,206,120,FIRE,100,Synthetic simulation of FIRE condition,synthetic
2026-09-16 05:43:30.316365+00:00,SYNTH_FIRE_009,dev_001,Kitchen,750,35.83,41.54,233,225,120,FIRE,100,Synthetic simulation of FIRE condition,synthetic
2026-09-16 05:43:31.316365+00:00,SYNTH_FIRE_009,dev_001,Kitchen,718,37.75,40.88,253,247,120,FIRE,100,Synthetic simulation of FIRE condition,synthetic
2026-09-16 05:43:32.316365+00:00,SYNTH_FIRE_009,dev_001,Kitchen,685,39.92,40.96,272,268,120,FIRE,100,Synthetic simulation of FIRE condition,synthetic
2026-09-16 05:43:33.316365+00:00,SYNTH_FIRE_009,dev_001,Kitchen,650,42.58,40.77,292,288,120,FIRE,100,Synthetic simulation of FIRE condition,synthetic
2026-09-16 05:43:34.316365+00:00,SYNTH_FIRE_009,dev_001,Kitchen,620,45.15,41.21,309,312,120,FIRE,100,Synthetic simulation of FIRE condition,synthetic
2026-09-16 05:43:35.316365+00:00,SYNTH_FIRE_009,dev_001,Kitchen,574,47.99,41.52,327,339,120,FIRE,100,Synthetic simulation of FIRE condition,synthetic
2026-09-16 05:43:36.316365+00:00,SYNTH_FIRE_009,dev_001,Kitchen,542,50.68,41.7,350,365,120,FIRE,100,Synthetic simulation of FIRE condition,synthetic
2026-09-16 05:43:37.316365+00:00,SYNTH_FIRE_009,dev_001,Kitchen,493,53.2,41.12,369,397,120,FIRE,100,Synthetic simulation of FIRE condition,synthetic
2026-09-16 05:43:38.316365+00:00,SYNTH_FIRE_009,dev_001,Kitchen,455,56.01,41.12,398,416,120,FIRE,100,Synthetic simulation of FIRE condition,synthetic
2026-09-16 05:43:39.316365+00:00,SYNTH_FIRE_009,dev_001,Kitchen,427,58.5,40.72,421,437,120,FIRE,100,Synthetic simulation of FIRE condition,synthetic
2026-09-16 05:43:40.316365+00:00,SYNTH_FIRE_009,dev_001,Kitchen,388,61.15,41.3,440,469,120,FIRE,100,Synthetic simulation of FIRE condition,synthetic
2026-09-16 05:43:41.316365+00:00,SYNTH_FIRE_009,dev_001,Kitchen,358,62.91,40.74,454,487,120,FIRE,100,Synthetic simulation of FIRE condition,synthetic
2026-09-16 05:43:42.316365+00:00,SYNTH_FIRE_009,dev_001,Kitchen,332,65.05,41.54,471,505,120,FIRE,100,Synthetic simulation of FIRE condition,synthetic
2026-09-16 05:43:43.316365+00:00,SYNTH_FIRE_009,dev_001,Kitchen,310,66.83,41.21,488,519,120,FIRE,100,Synthetic simulation of FIRE condition,synthetic
2026-09-16 05:43:44.316365+00:00,SYNTH_FIRE_009,dev_001,Kitchen,284,68.15,40.72,492,535,120,FIRE,100,Synthetic simulation of FIRE condition,synthetic
2026-09-16 05:43:45.316365+00:00,SYNTH_FIRE_009,dev_001,Kitchen,269,69.57,40.9,508,552,120,FIRE,100,Synthetic simulation of FIRE condition,synthetic
2026-09-16 05:43:46.316365+00:00,SYNTH_FIRE_009,dev_001,Kitchen,253,70.79,41.24,507,560,120,FIRE,100,Synthetic simulation of FIRE condition,synthetic
2026-09-16 05:43:47.316365+00:00,SYNTH_FIRE_009,dev_001,Kitchen,234,71.57,40.73,526,565,120,FIRE,100,Synthetic simulation of FIRE condition,synthetic
2026-09-16 05:43:48.316365+00:00,SYNTH_FIRE_009,dev_001,Kitchen,236,72.42,41.1,526,572,120,FIRE,100,Synthetic simulation of FIRE condition,synthetic
2026-09-16 05:43:49.316365+00:00,SYNTH_FIRE_009,dev_001,Kitchen,220,72.77,40.87,527,582,120,FIRE,100,Synthetic simulation of FIRE condition,synthetic
2026-09-16 05:43:50.316365+00:00,SYNTH_FIRE_009,dev_001,Kitchen,212,73.53,41.1,540,588,120,FIRE,100,Synthetic simulation of FIRE condition,synthetic
2026-09-16 05:43:51.316365+00:00,SYNTH_FIRE_009,dev_001,Kitchen,207,73.93,40.99,537,590,120,FIRE,100,Synthetic simulation of FIRE condition,synthetic
2026-09-16 05:43:52.316365+00:00,SYNTH_FIRE_009,dev_001,Kitchen,198,74.5,41.0,538,596,120,FIRE,100,Synthetic simulation of FIRE condition,synthetic
2026-09-16 05:43:53.316365+00:00,SYNTH_FIRE_009,dev_001,Kitchen,196,74.56,41.22,540,595,120,FIRE,100,Synthetic simulation of FIRE condition,synthetic
2026-09-16 05:43:54.316365+00:00,SYNTH_FIRE_009,dev_001,Kitchen,197,74.89,41.31,544,600,120,FIRE,100,Synthetic simulation of FIRE condition,synthetic
2026-09-16 05:43:55.316365+00:00,SYNTH_FIRE_009,dev_001,Kitchen,185,75.22,40.92,550,603,120,FIRE,100,Synthetic simulation of FIRE condition,synthetic
2026-09-16 05:43:56.316365+00:00,SYNTH_FIRE_009,dev_001,Kitchen,187,75.03,41.11,551,604,120,FIRE,100,Synthetic simulation of FIRE condition,synthetic
2026-09-16 05:43:57.316365+00:00,SYNTH_FIRE_009,dev_001,Kitchen,194,75.41,41.06,553,605,120,FIRE,100,Synthetic simulation of FIRE condition,synthetic
2026-09-16 05:43:58.316365+00:00,SYNTH_FIRE_009,dev_001,Kitchen,182,75.48,41.29,554,604,120,FIRE,100,Synthetic simulation of FIRE condition,synthetic
2026-09-16 05:43:59.316365+00:00,SYNTH_FIRE_009,dev_001,Kitchen,183,75.51,40.88,557,609,120,FIRE,100,Synthetic simulation of FIRE condition,synthetic
2026-09-16 05:44:00.316365+00:00,SYNTH_FIRE_009,dev_001,Kitchen,186,75.64,41.1,557,607,120,FIRE,100,Synthetic simulation of FIRE condition,synthetic
2026-09-16 05:44:01.316365+00:00,SYNTH_FIRE_009,dev_001,Kitchen,180,75.98,41.44,552,609,120,FIRE,100,Synthetic simulation of FIRE condition,synthetic
2026-09-16 05:44:02.316365+00:00,SYNTH_FIRE_009,dev_001,Kitchen,175,75.7,40.62,551,610,120,FIRE,100,Synthetic simulation of FIRE condition,synthetic
2026-09-16 05:44:03.316365+00:00,SYNTH_FIRE_009,dev_001,Kitchen,180,75.58,41.43,553,609,120,FIRE,100,Synthetic simulation of FIRE condition,synthetic
2026-09-16 05:44:04.316365+00:00,SYNTH_FIRE_009,dev_001,Kitchen,181,75.96,41.78,550,610,120,FIRE,100,Synthetic simulation of FIRE condition,synthetic
2026-09-16 05:44:05.316365+00:00,SYNTH_FIRE_009,dev_001,Kitchen,179,76.12,41.18,556,607,120,FIRE,100,Synthetic simulation of FIRE condition,synthetic
2026-09-16 05:44:06.316365+00:00,SYNTH_FIRE_009,dev_001,Kitchen,173,75.7,40.83,551,610,120,FIRE,100,Synthetic simulation of FIRE condition,synthetic
2026-09-16 05:44:07.316365+00:00,SYNTH_FIRE_009,dev_001,Kitchen,183,76.0,41.37,560,607,120,FIRE,100,Synthetic simulation of FIRE condition,synthetic
2026-09-16 05:44:08.316365+00:00,SYNTH_FIRE_009,dev_001,Kitchen,186,76.14,41.4,558,612,120,FIRE,100,Synthetic simulation of FIRE condition,synthetic
2026-09-16 05:44:09.316365+00:00,SYNTH_FIRE_009,dev_001,Kitchen,172,75.76,41.44,559,607,120,FIRE,100,Synthetic simulation of FIRE condition,synthetic
2026-09-16 05:44:10.316365+00:00,SYNTH_FIRE_009,dev_001,Kitchen,175,75.85,41.4,555,610,120,FIRE,100,Synthetic simulation of FIRE condition,synthetic
2026-09-16 05:44:11.316365+00:00,SYNTH_FIRE_009,dev_001,Kitchen,175,75.78,41.08,557,611,120,FIRE,100,Synthetic simulation of FIRE condition,synthetic
2026-09-16 05:44:12.316365+00:00,SYNTH_FIRE_009,dev_001,Kitchen,172,75.75,40.85,561,615,120,FIRE,100,Synthetic simulation of FIRE condition,synthetic
2026-09-16 05:44:13.316365+00:00,SYNTH_FIRE_009,dev_001,Kitchen,180,75.69,41.41,552,609,120,FIRE,100,Synthetic simulation of FIRE condition,synthetic
2026-09-16 05:44:14.316365+00:00,SYNTH_FIRE_009,dev_001,Kitchen,175,75.93,41.26,552,614,120,FIRE,100,Synthetic simulation of FIRE condition,synthetic
2026-09-16 05:44:15.316365+00:00,SYNTH_FIRE_009,dev_001,Kitchen,175,75.7,41.38,556,610,120,FIRE,100,Synthetic simulation of FIRE condition,synthetic
2026-09-16 05:44:16.316365+00:00,SYNTH_FIRE_009,dev_001,Kitchen,176,75.94,41.16,552,616,120,FIRE,100,Synthetic simulation of FIRE condition,synthetic
2026-09-16 05:44:17.316365+00:00,SYNTH_FIRE_009,dev_001,Kitchen,176,75.98,41.02,555,613,120,FIRE,100,Synthetic simulation of FIRE condition,synthetic
2026-09-16 05:44:18.316365+00:00,SYNTH_FIRE_009,dev_001,Kitchen,179,76.04,40.87,551,609,120,FIRE,100,Synthetic simulation of FIRE condition,synthetic
2026-09-16 05:44:19.316365+00:00,SYNTH_FIRE_009,dev_001,Kitchen,176,75.76,40.82,557,610,120,FIRE,100,Synthetic simulation of FIRE condition,synthetic
2026-09-16 05:44:20.316365+00:00,SYNTH_FIRE_009,dev_001,Kitchen,173,75.9,41.17,557,608,120,FIRE,100,Synthetic simulation of FIRE condition,synthetic
2026-09-16 05:44:21.316365+00:00,SYNTH_FIRE_009,dev_001,Kitchen,174,75.83,41.26,554,607,120,FIRE,100,Synthetic simulation of FIRE condition,synthetic
2026-09-16 05:44:22.316365+00:00,SYNTH_FIRE_009,dev_001,Kitchen,176,75.97,41.09,552,610,120,FIRE,100,Synthetic simulation of FIRE condition,synthetic
2026-09-16 05:44:23.316365+00:00,SYNTH_FIRE_009,dev_001,Kitchen,178,75.91,40.85,553,607,120,FIRE,100,Synthetic simulation of FIRE condition,synthetic
2026-09-16 05:44:24.316365+00:00,SYNTH_FIRE_009,dev_001,Kitchen,178,76.06,41.46,556,612,120,FIRE,100,Synthetic simulation of FIRE condition,synthetic
2026-09-16 05:44:25.316365+00:00,SYNTH_FIRE_009,dev_001,Kitchen,181,76.09,41.28,556,609,120,FIRE,100,Synthetic simulation of FIRE condition,synthetic
2026-09-16 05:44:26.316365+00:00,SYNTH_FIRE_009,dev_001,Kitchen,176,75.59,41.09,555,610,120,FIRE,100,Synthetic simulation of FIRE condition,synthetic
2026-09-16 05:44:27.316365+00:00,SYNTH_FIRE_009,dev_001,Kitchen,173,75.76,40.99,555,612,120,FIRE,100,Synthetic simulation of FIRE condition,synthetic
2026-09-16 05:44:28.316365+00:00,SYNTH_FIRE_009,dev_001,Kitchen,180,76.03,41.15,557,607,120,FIRE,100,Synthetic simulation of FIRE condition,synthetic
2026-09-16 05:44:29.316365+00:00,SYNTH_FIRE_009,dev_001,Kitchen,182,75.94,41.02,559,613,120,FIRE,100,Synthetic simulation of FIRE condition,synthetic
2026-09-16 05:44:30.316365+00:00,SYNTH_FIRE_009,dev_001,Kitchen,174,75.92,40.83,559,605,120,FIRE,100,Synthetic simulation of FIRE condition,synthetic
2026-09-16 05:44:31.316365+00:00,SYNTH_FIRE_009,dev_001,Kitchen,176,75.83,41.71,553,610,120,FIRE,100,Synthetic simulation of FIRE condition,synthetic
2026-09-16 05:44:32.316365+00:00,SYNTH_FIRE_009,dev_001,Kitchen,176,76.05,40.88,560,611,120,FIRE,100,Synthetic simulation of FIRE condition,synthetic
2026-09-16 05:44:33.316365+00:00,SYNTH_FIRE_009,dev_001,Kitchen,177,75.99,40.82,550,605,120,FIRE,100,Synthetic simulation of FIRE condition,synthetic
2026-09-16 05:44:34.316365+00:00,SYNTH_FIRE_009,dev_001,Kitchen,171,75.99,40.81,551,607,120,FIRE,100,Synthetic simulation of FIRE condition,synthetic
2026-09-16 05:44:35.316365+00:00,SYNTH_FIRE_009,dev_001,Kitchen,177,76.02,41.38,551,610,120,FIRE,100,Synthetic simulation of FIRE condition,synthetic
2026-09-16 05:44:36.316365+00:00,SYNTH_FIRE_009,dev_001,Kitchen,176,75.46,41.09,554,611,120,FIRE,100,Synthetic simulation of FIRE condition,synthetic
2026-09-16 05:44:37.316365+00:00,SYNTH_FIRE_009,dev_001,Kitchen,180,75.82,41.14,557,608,120,FIRE,100,Synthetic simulation of FIRE condition,synthetic
2026-09-16 05:44:38.316365+00:00,SYNTH_FIRE_009,dev_001,Kitchen,169,76.07,41.03,549,610,120,FIRE,100,Synthetic simulation of FIRE condition,synthetic
2026-09-16 05:44:39.316365+00:00,SYNTH_FIRE_009,dev_001,Kitchen,188,76.12,40.68,556,612,120,FIRE,100,Synthetic simulation of FIRE condition,synthetic
2026-09-16 05:44:40.316365+00:00,SYNTH_FIRE_009,dev_001,Kitchen,176,75.87,41.13,548,607,120,FIRE,100,Synthetic simulation of FIRE condition,synthetic
2026-09-16 05:44:41.316365+00:00,SYNTH_FIRE_009,dev_001,Kitchen,172,75.77,41.24,560,609,120,FIRE,100,Synthetic simulation of FIRE condition,synthetic
2026-09-16 05:44:42.316365+00:00,SYNTH_FIRE_009,dev_001,Kitchen,176,75.87,41.3,555,606,120,FIRE,100,Synthetic simulation of FIRE condition,synthetic
2026-09-16 05:44:43.316365+00:00,SYNTH_FIRE_009,dev_001,Kitchen,171,75.87,41.22,556,610,120,FIRE,100,Synthetic simulation of FIRE condition,synthetic
2026-09-16 05:44:44.316365+00:00,SYNTH_FIRE_009,dev_001,Kitchen,180,75.91,40.97,555,610,120,FIRE,100,Synthetic simulation of FIRE condition,synthetic
2026-09-16 05:44:45.316365+00:00,SYNTH_FIRE_009,dev_001,Kitchen,174,76.11,40.88,556,610,120,FIRE,100,Synthetic simulation of FIRE condition,synthetic
2026-09-16 05:44:46.316365+00:00,SYNTH_FIRE_009,dev_001,Kitchen,178,76.11,40.78,551,610,120,FIRE,100,Synthetic simulation of FIRE condition,synthetic
2026-09-16 05:44:47.316365+00:00,SYNTH_FIRE_009,dev_001,Kitchen,177,76.08,40.75,556,613,120,FIRE,100,Synthetic simulation of FIRE condition,synthetic
2026-09-16 05:44:48.316365+00:00,SYNTH_FIRE_009,dev_001,Kitchen,184,76.03,41.24,548,611,120,FIRE,100,Synthetic simulation of FIRE condition,synthetic
2026-09-16 05:44:49.316365+00:00,SYNTH_FIRE_009,dev_001,Kitchen,179,76.08,41.39,558,611,120,FIRE,100,Synthetic simulation of FIRE condition,synthetic
2026-09-16 05:44:50.316365+00:00,SYNTH_FIRE_009,dev_001,Kitchen,181,76.09,40.81,553,606,120,FIRE,100,Synthetic simulation of FIRE condition,synthetic
2026-09-16 05:44:51.316365+00:00,SYNTH_FIRE_009,dev_001,Kitchen,182,75.96,41.43,558,611,120,FIRE,100,Synthetic simulation of FIRE condition,synthetic
2026-09-16 05:44:52.316365+00:00,SYNTH_FIRE_009,dev_001,Kitchen,167,76.12,41.27,555,613,120,FIRE,100,Synthetic simulation of FIRE condition,synthetic
2026-09-16 05:42:53.318365+00:00,SYNTH_FIRE_010,dev_001,Kitchen,924,25.72,50.52,125,99,90,NORMAL,100,Synthetic simulation of FIRE condition,synthetic
2026-09-16 05:42:54.318365+00:00,SYNTH_FIRE_010,dev_001,Kitchen,926,25.75,50.34,120,99,90,NORMAL,100,Synthetic simulation of FIRE condition,synthetic
2026-09-16 05:42:55.318365+00:00,SYNTH_FIRE_010,dev_001,Kitchen,931,25.93,50.31,123,102,90,NORMAL,100,Synthetic simulation of FIRE condition,synthetic
2026-09-16 05:42:56.318365+00:00,SYNTH_FIRE_010,dev_001,Kitchen,924,25.67,50.25,126,102,90,NORMAL,100,Synthetic simulation of FIRE condition,synthetic
2026-09-16 05:42:57.318365+00:00,SYNTH_FIRE_010,dev_001,Kitchen,927,25.82,50.45,123,100,90,NORMAL,100,Synthetic simulation of FIRE condition,synthetic
2026-09-16 05:42:58.318365+00:00,SYNTH_FIRE_010,dev_001,Kitchen,922,25.65,50.44,120,103,90,NORMAL,100,Synthetic simulation of FIRE condition,synthetic
2026-09-16 05:42:59.318365+00:00,SYNTH_FIRE_010,dev_001,Kitchen,926,25.79,49.98,120,99,90,NORMAL,100,Synthetic simulation of FIRE condition,synthetic
2026-09-16 05:43:00.318365+00:00,SYNTH_FIRE_010,dev_001,Kitchen,922,25.73,50.1,123,100,90,NORMAL,100,Synthetic simulation of FIRE condition,synthetic
2026-09-16 05:43:01.318365+00:00,SYNTH_FIRE_010,dev_001,Kitchen,923,25.81,50.43,117,100,90,NORMAL,100,Synthetic simulation of FIRE condition,synthetic
2026-09-16 05:43:02.318365+00:00,SYNTH_FIRE_010,dev_001,Kitchen,934,25.76,50.09,126,102,90,NORMAL,100,Synthetic simulation of FIRE condition,synthetic
2026-09-16 05:43:03.318365+00:00,SYNTH_FIRE_010,dev_001,Kitchen,928,25.56,50.35,118,101,90,NORMAL,100,Synthetic simulation of FIRE condition,synthetic
2026-09-16 05:43:04.318365+00:00,SYNTH_FIRE_010,dev_001,Kitchen,930,25.94,50.46,123,105,90,NORMAL,100,Synthetic simulation of FIRE condition,synthetic
2026-09-16 05:43:05.318365+00:00,SYNTH_FIRE_010,dev_001,Kitchen,928,25.75,50.12,119,103,90,NORMAL,100,Synthetic simulation of FIRE condition,synthetic
2026-09-16 05:43:06.318365+00:00,SYNTH_FIRE_010,dev_001,Kitchen,934,25.67,50.48,122,100,90,NORMAL,100,Synthetic simulation of FIRE condition,synthetic
2026-09-16 05:43:07.318365+00:00,SYNTH_FIRE_010,dev_001,Kitchen,923,25.54,50.12,128,101,90,NORMAL,100,Synthetic simulation of FIRE condition,synthetic
2026-09-16 05:43:08.318365+00:00,SYNTH_FIRE_010,dev_001,Kitchen,926,25.92,50.49,125,105,90,NORMAL,100,Synthetic simulation of FIRE condition,synthetic
2026-09-16 05:43:09.318365+00:00,SYNTH_FIRE_010,dev_001,Kitchen,921,25.71,50.89,124,98,90,NORMAL,100,Synthetic simulation of FIRE condition,synthetic
2026-09-16 05:43:10.318365+00:00,SYNTH_FIRE_010,dev_001,Kitchen,923,25.91,50.62,123,100,90,NORMAL,100,Synthetic simulation of FIRE condition,synthetic
2026-09-16 05:43:11.318365+00:00,SYNTH_FIRE_010,dev_001,Kitchen,923,25.66,50.22,120,100,90,NORMAL,100,Synthetic simulation of FIRE condition,synthetic
2026-09-16 05:43:12.318365+00:00,SYNTH_FIRE_010,dev_001,Kitchen,924,25.57,50.18,127,101,90,NORMAL,100,Synthetic simulation of FIRE condition,synthetic
2026-09-16 05:43:13.318365+00:00,SYNTH_FIRE_010,dev_001,Kitchen,926,25.8,49.98,127,101,90,NORMAL,100,Synthetic simulation of FIRE condition,synthetic
2026-09-16 05:43:14.318365+00:00,SYNTH_FIRE_010,dev_001,Kitchen,927,25.51,50.25,121,101,90,NORMAL,100,Synthetic simulation of FIRE condition,synthetic
2026-09-16 05:43:15.318365+00:00,SYNTH_FIRE_010,dev_001,Kitchen,922,25.61,50.05,129,103,90,NORMAL,100,Synthetic simulation of FIRE condition,synthetic
2026-09-16 05:43:16.318365+00:00,SYNTH_FIRE_010,dev_001,Kitchen,931,25.42,50.18,124,105,90,NORMAL,100,Synthetic simulation of FIRE condition,synthetic
2026-09-16 05:43:17.318365+00:00,SYNTH_FIRE_010,dev_001,Kitchen,917,26.44,38.39,132,113,135,FIRE,100,Synthetic simulation of FIRE condition,synthetic
2026-09-16 05:43:18.318365+00:00,SYNTH_FIRE_010,dev_001,Kitchen,914,26.75,38.15,136,117,135,FIRE,100,Synthetic simulation of FIRE condition,synthetic
2026-09-16 05:43:19.318365+00:00,SYNTH_FIRE_010,dev_001,Kitchen,911,27.24,38.24,137,121,135,FIRE,100,Synthetic simulation of FIRE condition,synthetic
2026-09-16 05:43:20.318365+00:00,SYNTH_FIRE_010,dev_001,Kitchen,896,27.76,38.15,145,123,135,FIRE,100,Synthetic simulation of FIRE condition,synthetic
2026-09-16 05:43:21.318365+00:00,SYNTH_FIRE_010,dev_001,Kitchen,892,27.64,38.31,141,128,135,FIRE,100,Synthetic simulation of FIRE condition,synthetic
2026-09-16 05:43:22.318365+00:00,SYNTH_FIRE_010,dev_001,Kitchen,892,28.55,38.5,147,132,135,FIRE,100,Synthetic simulation of FIRE condition,synthetic
2026-09-16 05:43:23.318365+00:00,SYNTH_FIRE_010,dev_001,Kitchen,878,28.91,38.52,152,142,135,FIRE,100,Synthetic simulation of FIRE condition,synthetic
2026-09-16 05:43:24.318365+00:00,SYNTH_FIRE_010,dev_001,Kitchen,881,29.66,38.15,158,152,135,FIRE,100,Synthetic simulation of FIRE condition,synthetic
2026-09-16 05:43:25.318365+00:00,SYNTH_FIRE_010,dev_001,Kitchen,863,30.24,38.43,170,162,135,FIRE,100,Synthetic simulation of FIRE condition,synthetic
2026-09-16 05:43:26.318365+00:00,SYNTH_FIRE_010,dev_001,Kitchen,852,31.42,38.0,176,173,135,FIRE,100,Synthetic simulation of FIRE condition,synthetic
2026-09-16 05:43:27.318365+00:00,SYNTH_FIRE_010,dev_001,Kitchen,840,32.68,38.6,193,184,135,FIRE,100,Synthetic simulation of FIRE condition,synthetic
2026-09-16 05:43:28.318365+00:00,SYNTH_FIRE_010,dev_001,Kitchen,818,34.07,38.58,208,205,135,FIRE,100,Synthetic simulation of FIRE condition,synthetic
2026-09-16 05:43:29.318365+00:00,SYNTH_FIRE_010,dev_001,Kitchen,798,35.81,38.27,222,220,135,FIRE,100,Synthetic simulation of FIRE condition,synthetic
2026-09-16 05:43:30.318365+00:00,SYNTH_FIRE_010,dev_001,Kitchen,774,37.71,38.73,245,248,135,FIRE,100,Synthetic simulation of FIRE condition,synthetic
2026-09-16 05:43:31.318365+00:00,SYNTH_FIRE_010,dev_001,Kitchen,748,39.42,38.57,260,269,135,FIRE,100,Synthetic simulation of FIRE condition,synthetic
2026-09-16 05:43:32.318365+00:00,SYNTH_FIRE_010,dev_001,Kitchen,723,41.88,38.45,286,298,135,FIRE,100,Synthetic simulation of FIRE condition,synthetic
2026-09-16 05:43:33.318365+00:00,SYNTH_FIRE_010,dev_001,Kitchen,690,44.25,38.39,306,324,135,FIRE,100,Synthetic simulation of FIRE condition,synthetic
2026-09-16 05:43:34.318365+00:00,SYNTH_FIRE_010,dev_001,Kitchen,652,46.86,38.28,335,352,135,FIRE,100,Synthetic simulation of FIRE condition,synthetic
2026-09-16 05:43:35.318365+00:00,SYNTH_FIRE_010,dev_001,Kitchen,627,49.66,38.37,366,392,135,FIRE,100,Synthetic simulation of FIRE condition,synthetic
2026-09-16 05:43:36.318365+00:00,SYNTH_FIRE_010,dev_001,Kitchen,582,52.59,37.81,387,425,135,FIRE,100,Synthetic simulation of FIRE condition,synthetic
2026-09-16 05:43:37.318365+00:00,SYNTH_FIRE_010,dev_001,Kitchen,550,55.24,38.12,422,452,135,FIRE,100,Synthetic simulation of FIRE condition,synthetic
2026-09-16 05:43:38.318365+00:00,SYNTH_FIRE_010,dev_001,Kitchen,507,57.86,38.34,447,489,135,FIRE,100,Synthetic simulation of FIRE condition,synthetic
2026-09-16 05:43:39.318365+00:00,SYNTH_FIRE_010,dev_001,Kitchen,488,60.53,38.21,473,519,135,FIRE,100,Synthetic simulation of FIRE condition,synthetic
2026-09-16 05:43:40.318365+00:00,SYNTH_FIRE_010,dev_001,Kitchen,453,62.87,38.28,496,547,135,FIRE,100,Synthetic simulation of FIRE condition,synthetic
2026-09-16 05:43:41.318365+00:00,SYNTH_FIRE_010,dev_001,Kitchen,432,65.22,38.23,514,577,135,FIRE,100,Synthetic simulation of FIRE condition,synthetic
2026-09-16 05:43:42.318365+00:00,SYNTH_FIRE_010,dev_001,Kitchen,406,67.0,38.52,541,595,135,FIRE,100,Synthetic simulation of FIRE condition,synthetic
2026-09-16 05:43:43.318365+00:00,SYNTH_FIRE_010,dev_001,Kitchen,383,68.86,38.72,556,618,135,FIRE,100,Synthetic simulation of FIRE condition,synthetic
2026-09-16 05:43:44.318365+00:00,SYNTH_FIRE_010,dev_001,Kitchen,357,70.42,38.1,568,633,135,FIRE,100,Synthetic simulation of FIRE condition,synthetic
2026-09-16 05:43:45.318365+00:00,SYNTH_FIRE_010,dev_001,Kitchen,342,71.77,38.49,584,654,135,FIRE,100,Synthetic simulation of FIRE condition,synthetic
2026-09-16 05:43:46.318365+00:00,SYNTH_FIRE_010,dev_001,Kitchen,330,72.94,38.52,593,671,135,FIRE,100,Synthetic simulation of FIRE condition,synthetic
2026-09-16 05:43:47.318365+00:00,SYNTH_FIRE_010,dev_001,Kitchen,309,73.63,38.48,608,677,135,FIRE,100,Synthetic simulation of FIRE condition,synthetic
2026-09-16 05:43:48.318365+00:00,SYNTH_FIRE_010,dev_001,Kitchen,301,74.82,38.26,609,694,135,FIRE,100,Synthetic simulation of FIRE condition,synthetic
2026-09-16 05:43:49.318365+00:00,SYNTH_FIRE_010,dev_001,Kitchen,292,75.14,38.46,613,693,135,FIRE,100,Synthetic simulation of FIRE condition,synthetic
2026-09-16 05:43:50.318365+00:00,SYNTH_FIRE_010,dev_001,Kitchen,292,75.44,38.44,618,698,135,FIRE,100,Synthetic simulation of FIRE condition,synthetic
2026-09-16 05:43:51.318365+00:00,SYNTH_FIRE_010,dev_001,Kitchen,282,75.91,38.34,627,704,135,FIRE,100,Synthetic simulation of FIRE condition,synthetic
2026-09-16 05:43:52.318365+00:00,SYNTH_FIRE_010,dev_001,Kitchen,285,76.58,38.6,630,710,135,FIRE,100,Synthetic simulation of FIRE condition,synthetic
2026-09-16 05:43:53.318365+00:00,SYNTH_FIRE_010,dev_001,Kitchen,271,77.14,38.37,635,710,135,FIRE,100,Synthetic simulation of FIRE condition,synthetic
2026-09-16 05:43:54.318365+00:00,SYNTH_FIRE_010,dev_001,Kitchen,282,77.25,38.37,635,720,135,FIRE,100,Synthetic simulation of FIRE condition,synthetic
2026-09-16 05:43:55.318365+00:00,SYNTH_FIRE_010,dev_001,Kitchen,269,77.47,38.65,639,723,135,FIRE,100,Synthetic simulation of FIRE condition,synthetic
2026-09-16 05:43:56.318365+00:00,SYNTH_FIRE_010,dev_001,Kitchen,281,77.28,38.22,635,724,135,FIRE,100,Synthetic simulation of FIRE condition,synthetic
2026-09-16 05:43:57.318365+00:00,SYNTH_FIRE_010,dev_001,Kitchen,264,77.47,38.5,641,723,135,FIRE,100,Synthetic simulation of FIRE condition,synthetic
2026-09-16 05:43:58.318365+00:00,SYNTH_FIRE_010,dev_001,Kitchen,272,77.64,38.35,641,722,135,FIRE,100,Synthetic simulation of FIRE condition,synthetic
2026-09-16 05:43:59.318365+00:00,SYNTH_FIRE_010,dev_001,Kitchen,261,77.75,38.81,643,728,135,FIRE,100,Synthetic simulation of FIRE condition,synthetic
2026-09-16 05:44:00.318365+00:00,SYNTH_FIRE_010,dev_001,Kitchen,258,77.99,38.65,650,729,135,FIRE,100,Synthetic simulation of FIRE condition,synthetic
2026-09-16 05:44:01.318365+00:00,SYNTH_FIRE_010,dev_001,Kitchen,266,77.94,38.38,643,726,135,FIRE,100,Synthetic simulation of FIRE condition,synthetic
2026-09-16 05:44:02.318365+00:00,SYNTH_FIRE_010,dev_001,Kitchen,261,78.06,38.5,646,729,135,FIRE,100,Synthetic simulation of FIRE condition,synthetic
2026-09-16 05:44:03.318365+00:00,SYNTH_FIRE_010,dev_001,Kitchen,263,77.89,38.44,646,726,135,FIRE,100,Synthetic simulation of FIRE condition,synthetic
2026-09-16 05:44:04.318365+00:00,SYNTH_FIRE_010,dev_001,Kitchen,265,77.93,38.7,645,726,135,FIRE,100,Synthetic simulation of FIRE condition,synthetic
2026-09-16 05:44:05.318365+00:00,SYNTH_FIRE_010,dev_001,Kitchen,263,78.25,38.2,642,728,135,FIRE,100,Synthetic simulation of FIRE condition,synthetic
2026-09-16 05:44:06.318365+00:00,SYNTH_FIRE_010,dev_001,Kitchen,258,78.15,38.58,642,737,135,FIRE,100,Synthetic simulation of FIRE condition,synthetic
2026-09-16 05:44:07.318365+00:00,SYNTH_FIRE_010,dev_001,Kitchen,261,78.1,38.27,648,729,135,FIRE,100,Synthetic simulation of FIRE condition,synthetic
2026-09-16 05:44:08.318365+00:00,SYNTH_FIRE_010,dev_001,Kitchen,259,78.01,38.7,646,729,135,FIRE,100,Synthetic simulation of FIRE condition,synthetic
2026-09-16 05:44:09.318365+00:00,SYNTH_FIRE_010,dev_001,Kitchen,258,78.35,38.55,649,733,135,FIRE,100,Synthetic simulation of FIRE condition,synthetic
2026-09-16 05:44:10.318365+00:00,SYNTH_FIRE_010,dev_001,Kitchen,261,78.33,38.48,647,729,135,FIRE,100,Synthetic simulation of FIRE condition,synthetic
2026-09-16 05:44:11.318365+00:00,SYNTH_FIRE_010,dev_001,Kitchen,262,77.94,38.58,648,725,135,FIRE,100,Synthetic simulation of FIRE condition,synthetic
2026-09-16 05:44:12.318365+00:00,SYNTH_FIRE_010,dev_001,Kitchen,259,78.09,38.61,648,726,135,FIRE,100,Synthetic simulation of FIRE condition,synthetic
2026-09-16 05:44:13.318365+00:00,SYNTH_FIRE_010,dev_001,Kitchen,266,78.36,37.87,648,729,135,FIRE,100,Synthetic simulation of FIRE condition,synthetic
2026-09-16 05:44:14.318365+00:00,SYNTH_FIRE_010,dev_001,Kitchen,262,78.09,38.23,648,730,135,FIRE,100,Synthetic simulation of FIRE condition,synthetic
2026-09-16 05:44:15.318365+00:00,SYNTH_FIRE_010,dev_001,Kitchen,260,77.88,38.67,643,727,135,FIRE,100,Synthetic simulation of FIRE condition,synthetic
2026-09-16 05:44:16.318365+00:00,SYNTH_FIRE_010,dev_001,Kitchen,266,78.36,38.12,645,730,135,FIRE,100,Synthetic simulation of FIRE condition,synthetic
2026-09-16 05:44:17.318365+00:00,SYNTH_FIRE_010,dev_001,Kitchen,265,78.16,38.01,646,733,135,FIRE,100,Synthetic simulation of FIRE condition,synthetic
2026-09-16 05:44:18.318365+00:00,SYNTH_FIRE_010,dev_001,Kitchen,262,78.08,38.32,643,733,135,FIRE,100,Synthetic simulation of FIRE condition,synthetic
2026-09-16 05:44:19.318365+00:00,SYNTH_FIRE_010,dev_001,Kitchen,267,78.19,38.48,646,730,135,FIRE,100,Synthetic simulation of FIRE condition,synthetic
2026-09-16 05:44:20.318365+00:00,SYNTH_FIRE_010,dev_001,Kitchen,253,78.36,38.25,648,734,135,FIRE,100,Synthetic simulation of FIRE condition,synthetic
2026-09-16 05:44:21.318365+00:00,SYNTH_FIRE_010,dev_001,Kitchen,255,78.53,38.73,646,730,135,FIRE,100,Synthetic simulation of FIRE condition,synthetic
2026-09-16 05:44:22.318365+00:00,SYNTH_FIRE_010,dev_001,Kitchen,258,78.25,37.95,646,733,135,FIRE,100,Synthetic simulation of FIRE condition,synthetic
2026-09-16 05:44:23.318365+00:00,SYNTH_FIRE_010,dev_001,Kitchen,262,78.4,38.94,651,727,135,FIRE,100,Synthetic simulation of FIRE condition,synthetic
2026-09-16 05:44:24.318365+00:00,SYNTH_FIRE_010,dev_001,Kitchen,259,78.15,38.68,650,730,135,FIRE,100,Synthetic simulation of FIRE condition,synthetic
2026-09-16 05:44:25.318365+00:00,SYNTH_FIRE_010,dev_001,Kitchen,256,78.11,38.14,643,734,135,FIRE,100,Synthetic simulation of FIRE condition,synthetic
2026-09-16 05:44:26.318365+00:00,SYNTH_FIRE_010,dev_001,Kitchen,260,78.27,38.74,649,730,135,FIRE,100,Synthetic simulation of FIRE condition,synthetic
2026-09-16 05:44:27.318365+00:00,SYNTH_FIRE_010,dev_001,Kitchen,256,78.22,38.52,645,726,135,FIRE,100,Synthetic simulation of FIRE condition,synthetic
2026-09-16 05:44:28.318365+00:00,SYNTH_FIRE_010,dev_001,Kitchen,267,78.27,38.29,647,737,135,FIRE,100,Synthetic simulation of FIRE condition,synthetic
2026-09-16 05:44:29.318365+00:00,SYNTH_FIRE_010,dev_001,Kitchen,264,77.97,38.69,648,729,135,FIRE,100,Synthetic simulation of FIRE condition,synthetic
2026-09-16 05:44:30.318365+00:00,SYNTH_FIRE_010,dev_001,Kitchen,259,78.04,38.45,648,730,135,FIRE,100,Synthetic simulation of FIRE condition,synthetic
2026-09-16 05:44:31.318365+00:00,SYNTH_FIRE_010,dev_001,Kitchen,255,77.96,38.69,644,729,135,FIRE,100,Synthetic simulation of FIRE condition,synthetic
2026-09-16 05:44:32.318365+00:00,SYNTH_FIRE_010,dev_001,Kitchen,261,78.06,38.22,647,729,135,FIRE,100,Synthetic simulation of FIRE condition,synthetic
2026-09-16 05:44:33.318365+00:00,SYNTH_FIRE_010,dev_001,Kitchen,266,78.17,38.52,647,727,135,FIRE,100,Synthetic simulation of FIRE condition,synthetic
2026-09-16 05:44:34.318365+00:00,SYNTH_FIRE_010,dev_001,Kitchen,261,78.3,38.61,650,729,135,FIRE,100,Synthetic simulation of FIRE condition,synthetic
2026-09-16 05:44:35.318365+00:00,SYNTH_FIRE_010,dev_001,Kitchen,258,78.16,38.35,642,731,135,FIRE,100,Synthetic simulation of FIRE condition,synthetic
2026-09-16 05:44:36.318365+00:00,SYNTH_FIRE_010,dev_001,Kitchen,255,78.09,38.07,641,731,135,FIRE,100,Synthetic simulation of FIRE condition,synthetic
2026-09-16 05:44:37.318365+00:00,SYNTH_FIRE_010,dev_001,Kitchen,255,78.33,38.25,639,728,135,FIRE,100,Synthetic simulation of FIRE condition,synthetic
2026-09-16 05:44:38.318365+00:00,SYNTH_FIRE_010,dev_001,Kitchen,263,78.19,38.22,644,733,135,FIRE,100,Synthetic simulation of FIRE condition,synthetic
2026-09-16 05:44:39.318365+00:00,SYNTH_FIRE_010,dev_001,Kitchen,260,78.16,38.06,649,729,135,FIRE,100,Synthetic simulation of FIRE condition,synthetic
2026-09-16 05:44:40.318365+00:00,SYNTH_FIRE_010,dev_001,Kitchen,257,78.31,38.59,649,732,135,FIRE,100,Synthetic simulation of FIRE condition,synthetic
2026-09-16 05:44:41.318365+00:00,SYNTH_FIRE_010,dev_001,Kitchen,261,78.06,38.56,647,735,135,FIRE,100,Synthetic simulation of FIRE condition,synthetic
2026-09-16 05:44:42.318365+00:00,SYNTH_FIRE_010,dev_001,Kitchen,254,78.15,38.59,648,725,135,FIRE,100,Synthetic simulation of FIRE condition,synthetic
2026-09-16 05:44:43.318365+00:00,SYNTH_FIRE_010,dev_001,Kitchen,263,78.28,38.52,646,735,135,FIRE,100,Synthetic simulation of FIRE condition,synthetic
2026-09-16 05:44:44.318365+00:00,SYNTH_FIRE_010,dev_001,Kitchen,261,78.13,38.43,647,732,135,FIRE,100,Synthetic simulation of FIRE condition,synthetic
2026-09-16 05:44:45.318365+00:00,SYNTH_FIRE_010,dev_001,Kitchen,259,78.01,38.23,646,732,135,FIRE,100,Synthetic simulation of FIRE condition,synthetic
2026-09-16 05:44:46.318365+00:00,SYNTH_FIRE_010,dev_001,Kitchen,260,78.1,38.34,646,736,135,FIRE,100,Synthetic simulation of FIRE condition,synthetic
2026-09-16 05:44:47.318365+00:00,SYNTH_FIRE_010,dev_001,Kitchen,255,78.11,38.11,649,734,135,FIRE,100,Synthetic simulation of FIRE condition,synthetic
2026-09-16 05:44:48.318365+00:00,SYNTH_FIRE_010,dev_001,Kitchen,261,78.44,38.28,645,736,135,FIRE,100,Synthetic simulation of FIRE condition,synthetic
2026-09-16 05:44:49.318365+00:00,SYNTH_FIRE_010,dev_001,Kitchen,264,78.36,38.2,650,731,135,FIRE,100,Synthetic simulation of FIRE condition,synthetic
2026-09-16 05:44:50.318365+00:00,SYNTH_FIRE_010,dev_001,Kitchen,261,78.13,38.42,644,730,135,FIRE,100,Synthetic simulation of FIRE condition,synthetic
2026-09-16 05:44:51.318365+00:00,SYNTH_FIRE_010,dev_001,Kitchen,260,78.12,38.33,645,735,135,FIRE,100,Synthetic simulation of FIRE condition,synthetic
2026-09-16 05:44:52.318365+00:00,SYNTH_FIRE_010,dev_001,Kitchen,258,78.15,38.57,648,733,135,FIRE,100,Synthetic simulation of FIRE condition,synthetic
2026-09-16 05:42:53.319730+00:00,SYNTH_FIRE_011,dev_001,Kitchen,885,25.17,54.95,109,112,90,NORMAL,100,Synthetic simulation of FIRE condition,synthetic
2026-09-16 05:42:54.319730+00:00,SYNTH_FIRE_011,dev_001,Kitchen,889,25.03,54.9,110,108,90,NORMAL,100,Synthetic simulation of FIRE condition,synthetic
2026-09-16 05:42:55.319730+00:00,SYNTH_FIRE_011,dev_001,Kitchen,901,25.21,54.83,113,110,90,NORMAL,100,Synthetic simulation of FIRE condition,synthetic
2026-09-16 05:42:56.319730+00:00,SYNTH_FIRE_011,dev_001,Kitchen,884,25.26,54.58,113,109,90,NORMAL,100,Synthetic simulation of FIRE condition,synthetic
2026-09-16 05:42:57.319730+00:00,SYNTH_FIRE_011,dev_001,Kitchen,891,25.3,55.11,108,108,90,NORMAL,100,Synthetic simulation of FIRE condition,synthetic
2026-09-16 05:42:58.319730+00:00,SYNTH_FIRE_011,dev_001,Kitchen,884,25.3,54.88,113,109,90,NORMAL,100,Synthetic simulation of FIRE condition,synthetic
2026-09-16 05:42:59.319730+00:00,SYNTH_FIRE_011,dev_001,Kitchen,892,24.95,54.79,111,109,90,NORMAL,100,Synthetic simulation of FIRE condition,synthetic
2026-09-16 05:43:00.319730+00:00,SYNTH_FIRE_011,dev_001,Kitchen,889,24.96,55.25,106,109,90,NORMAL,100,Synthetic simulation of FIRE condition,synthetic
2026-09-16 05:43:01.319730+00:00,SYNTH_FIRE_011,dev_001,Kitchen,894,25.1,55.21,115,108,90,NORMAL,100,Synthetic simulation of FIRE condition,synthetic
2026-09-16 05:43:02.319730+00:00,SYNTH_FIRE_011,dev_001,Kitchen,883,25.17,54.82,108,112,90,NORMAL,100,Synthetic simulation of FIRE condition,synthetic
2026-09-16 05:43:03.319730+00:00,SYNTH_FIRE_011,dev_001,Kitchen,882,25.29,55.05,112,105,90,NORMAL,100,Synthetic simulation of FIRE condition,synthetic
2026-09-16 05:43:04.319730+00:00,SYNTH_FIRE_011,dev_001,Kitchen,888,25.27,54.98,111,110,90,NORMAL,100,Synthetic simulation of FIRE condition,synthetic
2026-09-16 05:43:05.319730+00:00,SYNTH_FIRE_011,dev_001,Kitchen,888,25.04,54.64,110,110,90,NORMAL,100,Synthetic simulation of FIRE condition,synthetic
2026-09-16 05:43:06.319730+00:00,SYNTH_FIRE_011,dev_001,Kitchen,882,25.12,55.39,115,112,90,NORMAL,100,Synthetic simulation of FIRE condition,synthetic
2026-09-16 05:43:07.319730+00:00,SYNTH_FIRE_011,dev_001,Kitchen,887,25.05,54.83,111,109,90,NORMAL,100,Synthetic simulation of FIRE condition,synthetic
2026-09-16 05:43:08.319730+00:00,SYNTH_FIRE_011,dev_001,Kitchen,885,24.89,55.03,112,111,90,NORMAL,100,Synthetic simulation of FIRE condition,synthetic
2026-09-16 05:43:09.319730+00:00,SYNTH_FIRE_011,dev_001,Kitchen,888,25.03,54.93,109,110,90,NORMAL,100,Synthetic simulation of FIRE condition,synthetic
2026-09-16 05:43:10.319730+00:00,SYNTH_FIRE_011,dev_001,Kitchen,893,24.97,54.78,115,115,90,NORMAL,100,Synthetic simulation of FIRE condition,synthetic
2026-09-16 05:43:11.319730+00:00,SYNTH_FIRE_011,dev_001,Kitchen,884,25.1,54.81,111,113,90,NORMAL,100,Synthetic simulation of FIRE condition,synthetic
2026-09-16 05:43:12.319730+00:00,SYNTH_FIRE_011,dev_001,Kitchen,887,25.05,54.85,107,112,90,NORMAL,100,Synthetic simulation of FIRE condition,synthetic
2026-09-16 05:43:13.319730+00:00,SYNTH_FIRE_011,dev_001,Kitchen,881,24.97,54.74,113,105,90,NORMAL,100,Synthetic simulation of FIRE condition,synthetic
2026-09-16 05:43:14.319730+00:00,SYNTH_FIRE_011,dev_001,Kitchen,887,25.27,55.35,112,111,90,NORMAL,100,Synthetic simulation of FIRE condition,synthetic
2026-09-16 05:43:15.319730+00:00,SYNTH_FIRE_011,dev_001,Kitchen,892,25.22,54.76,109,112,90,NORMAL,100,Synthetic simulation of FIRE condition,synthetic
2026-09-16 05:43:16.319730+00:00,SYNTH_FIRE_011,dev_001,Kitchen,883,24.89,55.0,104,106,90,NORMAL,100,Synthetic simulation of FIRE condition,synthetic
2026-09-16 05:43:17.319730+00:00,SYNTH_FIRE_011,dev_001,Kitchen,882,26.1,42.92,122,117,45,FIRE,100,Synthetic simulation of FIRE condition,synthetic
2026-09-16 05:43:18.319730+00:00,SYNTH_FIRE_011,dev_001,Kitchen,870,26.04,42.56,122,123,45,FIRE,100,Synthetic simulation of FIRE condition,synthetic
2026-09-16 05:43:19.319730+00:00,SYNTH_FIRE_011,dev_001,Kitchen,864,26.56,42.9,125,122,45,FIRE,100,Synthetic simulation of FIRE condition,synthetic
2026-09-16 05:43:20.319730+00:00,SYNTH_FIRE_011,dev_001,Kitchen,862,26.96,42.79,125,128,45,FIRE,100,Synthetic simulation of FIRE condition,synthetic
2026-09-16 05:43:21.319730+00:00,SYNTH_FIRE_011,dev_001,Kitchen,858,27.14,42.68,127,132,45,FIRE,100,Synthetic simulation of FIRE condition,synthetic
2026-09-16 05:43:22.319730+00:00,SYNTH_FIRE_011,dev_001,Kitchen,851,27.43,42.43,140,137,45,FIRE,100,Synthetic simulation of FIRE condition,synthetic
2026-09-16 05:43:23.319730+00:00,SYNTH_FIRE_011,dev_001,Kitchen,846,28.14,43.29,142,147,45,FIRE,100,Synthetic simulation of FIRE condition,synthetic
2026-09-16 05:43:24.319730+00:00,SYNTH_FIRE_011,dev_001,Kitchen,831,29.0,42.95,155,152,45,FIRE,100,Synthetic simulation of FIRE condition,synthetic
2026-09-16 05:43:25.319730+00:00,SYNTH_FIRE_011,dev_001,Kitchen,827,29.62,42.88,156,157,45,FIRE,100,Synthetic simulation of FIRE condition,synthetic
2026-09-16 05:43:26.319730+00:00,SYNTH_FIRE_011,dev_001,Kitchen,806,30.74,43.09,172,160,45,FIRE,100,Synthetic simulation of FIRE condition,synthetic
2026-09-16 05:43:27.319730+00:00,SYNTH_FIRE_011,dev_001,Kitchen,789,31.99,42.92,179,184,45,FIRE,100,Synthetic simulation of FIRE condition,synthetic
2026-09-16 05:43:28.319730+00:00,SYNTH_FIRE_011,dev_001,Kitchen,759,33.31,43.11,186,192,45,FIRE,100,Synthetic simulation of FIRE condition,synthetic
2026-09-16 05:43:29.319730+00:00,SYNTH_FIRE_011,dev_001,Kitchen,749,34.6,42.67,212,213,45,FIRE,100,Synthetic simulation of FIRE condition,synthetic
2026-09-16 05:43:30.319730+00:00,SYNTH_FIRE_011,dev_001,Kitchen,721,36.43,42.87,229,235,45,FIRE,100,Synthetic simulation of FIRE condition,synthetic
2026-09-16 05:43:31.319730+00:00,SYNTH_FIRE_011,dev_001,Kitchen,694,38.42,42.85,250,256,45,FIRE,100,Synthetic simulation of FIRE condition,synthetic
2026-09-16 05:43:32.319730+00:00,SYNTH_FIRE_011,dev_001,Kitchen,660,40.86,43.04,279,277,45,FIRE,100,Synthetic simulation of FIRE condition,synthetic
2026-09-16 05:43:33.319730+00:00,SYNTH_FIRE_011,dev_001,Kitchen,626,43.25,43.04,300,303,45,FIRE,100,Synthetic simulation of FIRE condition,synthetic
2026-09-16 05:43:34.319730+00:00,SYNTH_FIRE_011,dev_001,Kitchen,585,45.97,42.96,319,330,45,FIRE,100,Synthetic simulation of FIRE condition,synthetic
2026-09-16 05:43:35.319730+00:00,SYNTH_FIRE_011,dev_001,Kitchen,548,48.31,43.26,357,360,45,FIRE,100,Synthetic simulation of FIRE condition,synthetic
2026-09-16 05:43:36.319730+00:00,SYNTH_FIRE_011,dev_001,Kitchen,509,50.94,43.01,381,387,45,FIRE,100,Synthetic simulation of FIRE condition,synthetic
2026-09-16 05:43:37.319730+00:00,SYNTH_FIRE_011,dev_001,Kitchen,471,53.88,43.25,406,417,45,FIRE,100,Synthetic simulation of FIRE condition,synthetic
2026-09-16 05:43:38.319730+00:00,SYNTH_FIRE_011,dev_001,Kitchen,427,56.5,42.81,433,446,45,FIRE,100,Synthetic simulation of FIRE condition,synthetic
2026-09-16 05:43:39.319730+00:00,SYNTH_FIRE_011,dev_001,Kitchen,389,58.92,42.78,458,473,45,FIRE,100,Synthetic simulation of FIRE condition,synthetic
2026-09-16 05:43:40.319730+00:00,SYNTH_FIRE_011,dev_001,Kitchen,360,61.43,42.82,485,500,45,FIRE,100,Synthetic simulation of FIRE condition,synthetic
2026-09-16 05:43:41.319730+00:00,SYNTH_FIRE_011,dev_001,Kitchen,330,63.41,43.04,499,521,45,FIRE,100,Synthetic simulation of FIRE condition,synthetic
2026-09-16 05:43:42.319730+00:00,SYNTH_FIRE_011,dev_001,Kitchen,302,65.48,42.66,524,542,45,FIRE,100,Synthetic simulation of FIRE condition,synthetic
2026-09-16 05:43:43.319730+00:00,SYNTH_FIRE_011,dev_001,Kitchen,270,67.21,43.02,537,560,45,FIRE,100,Synthetic simulation of FIRE condition,synthetic
2026-09-16 05:43:44.319730+00:00,SYNTH_FIRE_011,dev_001,Kitchen,255,68.57,42.99,560,578,45,FIRE,100,Synthetic simulation of FIRE condition,synthetic
2026-09-16 05:43:45.319730+00:00,SYNTH_FIRE_011,dev_001,Kitchen,244,69.78,43.19,566,589,45,FIRE,100,Synthetic simulation of FIRE condition,synthetic
2026-09-16 05:43:46.319730+00:00,SYNTH_FIRE_011,dev_001,Kitchen,224,70.76,43.27,573,600,45,FIRE,100,Synthetic simulation of FIRE condition,synthetic
2026-09-16 05:43:47.319730+00:00,SYNTH_FIRE_011,dev_001,Kitchen,208,71.84,43.45,589,613,45,FIRE,100,Synthetic simulation of FIRE condition,synthetic
2026-09-16 05:43:48.319730+00:00,SYNTH_FIRE_011,dev_001,Kitchen,201,72.49,43.16,601,621,45,FIRE,100,Synthetic simulation of FIRE condition,synthetic
2026-09-16 05:43:49.319730+00:00,SYNTH_FIRE_011,dev_001,Kitchen,194,73.4,43.06,607,627,45,FIRE,100,Synthetic simulation of FIRE condition,synthetic
2026-09-16 05:43:50.319730+00:00,SYNTH_FIRE_011,dev_001,Kitchen,180,73.72,43.07,605,632,45,FIRE,100,Synthetic simulation of FIRE condition,synthetic
2026-09-16 05:43:51.319730+00:00,SYNTH_FIRE_011,dev_001,Kitchen,166,74.39,42.7,612,636,45,FIRE,100,Synthetic simulation of FIRE condition,synthetic
2026-09-16 05:43:52.319730+00:00,SYNTH_FIRE_011,dev_001,Kitchen,170,74.4,42.65,619,642,45,FIRE,100,Synthetic simulation of FIRE condition,synthetic
2026-09-16 05:43:53.319730+00:00,SYNTH_FIRE_011,dev_001,Kitchen,169,74.78,43.19,623,644,45,FIRE,100,Synthetic simulation of FIRE condition,synthetic
2026-09-16 05:43:54.319730+00:00,SYNTH_FIRE_011,dev_001,Kitchen,159,75.18,43.01,624,649,45,FIRE,100,Synthetic simulation of FIRE condition,synthetic
2026-09-16 05:43:55.319730+00:00,SYNTH_FIRE_011,dev_001,Kitchen,157,75.27,42.92,631,649,45,FIRE,100,Synthetic simulation of FIRE condition,synthetic
2026-09-16 05:43:56.319730+00:00,SYNTH_FIRE_011,dev_001,Kitchen,158,75.39,42.8,626,655,45,FIRE,100,Synthetic simulation of FIRE condition,synthetic
2026-09-16 05:43:57.319730+00:00,SYNTH_FIRE_011,dev_001,Kitchen,151,75.62,43.15,627,652,45,FIRE,100,Synthetic simulation of FIRE condition,synthetic
2026-09-16 05:43:58.319730+00:00,SYNTH_FIRE_011,dev_001,Kitchen,159,75.36,42.54,631,649,45,FIRE,100,Synthetic simulation of FIRE condition,synthetic
2026-09-16 05:43:59.319730+00:00,SYNTH_FIRE_011,dev_001,Kitchen,153,75.75,43.2,634,658,45,FIRE,100,Synthetic simulation of FIRE condition,synthetic
2026-09-16 05:44:00.319730+00:00,SYNTH_FIRE_011,dev_001,Kitchen,149,76.05,42.61,634,657,45,FIRE,100,Synthetic simulation of FIRE condition,synthetic
2026-09-16 05:44:01.319730+00:00,SYNTH_FIRE_011,dev_001,Kitchen,148,75.77,43.19,631,653,45,FIRE,100,Synthetic simulation of FIRE condition,synthetic
2026-09-16 05:44:02.319730+00:00,SYNTH_FIRE_011,dev_001,Kitchen,148,76.06,43.11,634,652,45,FIRE,100,Synthetic simulation of FIRE condition,synthetic
2026-09-16 05:44:03.319730+00:00,SYNTH_FIRE_011,dev_001,Kitchen,153,76.14,43.31,631,654,45,FIRE,100,Synthetic simulation of FIRE condition,synthetic
2026-09-16 05:44:04.319730+00:00,SYNTH_FIRE_011,dev_001,Kitchen,142,75.91,42.66,638,653,45,FIRE,100,Synthetic simulation of FIRE condition,synthetic
2026-09-16 05:44:05.319730+00:00,SYNTH_FIRE_011,dev_001,Kitchen,149,75.94,43.3,634,658,45,FIRE,100,Synthetic simulation of FIRE condition,synthetic
2026-09-16 05:44:06.319730+00:00,SYNTH_FIRE_011,dev_001,Kitchen,149,76.11,42.73,632,658,45,FIRE,100,Synthetic simulation of FIRE condition,synthetic
2026-09-16 05:44:07.319730+00:00,SYNTH_FIRE_011,dev_001,Kitchen,147,76.27,42.66,628,656,45,FIRE,100,Synthetic simulation of FIRE condition,synthetic
2026-09-16 05:44:08.319730+00:00,SYNTH_FIRE_011,dev_001,Kitchen,151,76.15,43.33,635,655,45,FIRE,100,Synthetic simulation of FIRE condition,synthetic
2026-09-16 05:44:09.319730+00:00,SYNTH_FIRE_011,dev_001,Kitchen,143,76.07,43.12,631,655,45,FIRE,100,Synthetic simulation of FIRE condition,synthetic
2026-09-16 05:44:10.319730+00:00,SYNTH_FIRE_011,dev_001,Kitchen,147,76.37,43.09,635,654,45,FIRE,100,Synthetic simulation of FIRE condition,synthetic
2026-09-16 05:44:11.319730+00:00,SYNTH_FIRE_011,dev_001,Kitchen,145,76.08,42.94,637,661,45,FIRE,100,Synthetic simulation of FIRE condition,synthetic
2026-09-16 05:44:12.319730+00:00,SYNTH_FIRE_011,dev_001,Kitchen,148,75.81,42.34,630,655,45,FIRE,100,Synthetic simulation of FIRE condition,synthetic
2026-09-16 05:44:13.319730+00:00,SYNTH_FIRE_011,dev_001,Kitchen,148,76.24,43.52,635,658,45,FIRE,100,Synthetic simulation of FIRE condition,synthetic
2026-09-16 05:44:14.319730+00:00,SYNTH_FIRE_011,dev_001,Kitchen,151,76.17,42.81,634,655,45,FIRE,100,Synthetic simulation of FIRE condition,synthetic
2026-09-16 05:44:15.319730+00:00,SYNTH_FIRE_011,dev_001,Kitchen,147,76.03,43.09,637,656,45,FIRE,100,Synthetic simulation of FIRE condition,synthetic
2026-09-16 05:44:16.319730+00:00,SYNTH_FIRE_011,dev_001,Kitchen,142,76.16,42.95,630,654,45,FIRE,100,Synthetic simulation of FIRE condition,synthetic
2026-09-16 05:44:17.319730+00:00,SYNTH_FIRE_011,dev_001,Kitchen,152,76.29,42.69,636,659,45,FIRE,100,Synthetic simulation of FIRE condition,synthetic
2026-09-16 05:44:18.319730+00:00,SYNTH_FIRE_011,dev_001,Kitchen,143,75.94,43.23,632,663,45,FIRE,100,Synthetic simulation of FIRE condition,synthetic
2026-09-16 05:44:19.319730+00:00,SYNTH_FIRE_011,dev_001,Kitchen,143,76.18,42.72,636,654,45,FIRE,100,Synthetic simulation of FIRE condition,synthetic
2026-09-16 05:44:20.319730+00:00,SYNTH_FIRE_011,dev_001,Kitchen,148,76.01,42.82,634,657,45,FIRE,100,Synthetic simulation of FIRE condition,synthetic
2026-09-16 05:44:21.319730+00:00,SYNTH_FIRE_011,dev_001,Kitchen,145,75.74,43.16,633,651,45,FIRE,100,Synthetic simulation of FIRE condition,synthetic
2026-09-16 05:44:22.319730+00:00,SYNTH_FIRE_011,dev_001,Kitchen,143,76.26,42.76,633,655,45,FIRE,100,Synthetic simulation of FIRE condition,synthetic
2026-09-16 05:44:23.319730+00:00,SYNTH_FIRE_011,dev_001,Kitchen,148,76.24,43.34,630,657,45,FIRE,100,Synthetic simulation of FIRE condition,synthetic
2026-09-16 05:44:24.319730+00:00,SYNTH_FIRE_011,dev_001,Kitchen,140,76.13,43.29,630,655,45,FIRE,100,Synthetic simulation of FIRE condition,synthetic
2026-09-16 05:44:25.319730+00:00,SYNTH_FIRE_011,dev_001,Kitchen,148,76.63,42.83,635,654,45,FIRE,100,Synthetic simulation of FIRE condition,synthetic
2026-09-16 05:44:26.319730+00:00,SYNTH_FIRE_011,dev_001,Kitchen,148,76.08,43.18,633,658,45,FIRE,100,Synthetic simulation of FIRE condition,synthetic
2026-09-16 05:44:27.319730+00:00,SYNTH_FIRE_011,dev_001,Kitchen,150,75.98,43.06,632,658,45,FIRE,100,Synthetic simulation of FIRE condition,synthetic
2026-09-16 05:44:28.319730+00:00,SYNTH_FIRE_011,dev_001,Kitchen,150,75.97,43.14,632,661,45,FIRE,100,Synthetic simulation of FIRE condition,synthetic
2026-09-16 05:44:29.319730+00:00,SYNTH_FIRE_011,dev_001,Kitchen,145,76.36,43.45,637,656,45,FIRE,100,Synthetic simulation of FIRE condition,synthetic
2026-09-16 05:44:30.319730+00:00,SYNTH_FIRE_011,dev_001,Kitchen,146,76.14,42.76,640,652,45,FIRE,100,Synthetic simulation of FIRE condition,synthetic
2026-09-16 05:44:31.319730+00:00,SYNTH_FIRE_011,dev_001,Kitchen,145,76.15,42.6,630,656,45,FIRE,100,Synthetic simulation of FIRE condition,synthetic
2026-09-16 05:44:32.319730+00:00,SYNTH_FIRE_011,dev_001,Kitchen,149,76.09,42.71,637,659,45,FIRE,100,Synthetic simulation of FIRE condition,synthetic
2026-09-16 05:44:33.319730+00:00,SYNTH_FIRE_011,dev_001,Kitchen,149,76.18,42.68,639,658,45,FIRE,100,Synthetic simulation of FIRE condition,synthetic
2026-09-16 05:44:34.319730+00:00,SYNTH_FIRE_011,dev_001,Kitchen,148,76.47,43.31,629,657,45,FIRE,100,Synthetic simulation of FIRE condition,synthetic
2026-09-16 05:44:35.319730+00:00,SYNTH_FIRE_011,dev_001,Kitchen,144,75.99,43.79,635,658,45,FIRE,100,Synthetic simulation of FIRE condition,synthetic
2026-09-16 05:44:36.319730+00:00,SYNTH_FIRE_011,dev_001,Kitchen,145,76.35,43.03,634,658,45,FIRE,100,Synthetic simulation of FIRE condition,synthetic
2026-09-16 05:44:37.319730+00:00,SYNTH_FIRE_011,dev_001,Kitchen,151,76.48,42.85,636,664,45,FIRE,100,Synthetic simulation of FIRE condition,synthetic
2026-09-16 05:44:38.319730+00:00,SYNTH_FIRE_011,dev_001,Kitchen,153,76.01,42.68,630,657,45,FIRE,100,Synthetic simulation of FIRE condition,synthetic
2026-09-16 05:44:39.319730+00:00,SYNTH_FIRE_011,dev_001,Kitchen,142,76.26,42.98,634,658,45,FIRE,100,Synthetic simulation of FIRE condition,synthetic
2026-09-16 05:44:40.319730+00:00,SYNTH_FIRE_011,dev_001,Kitchen,151,76.05,43.21,635,656,45,FIRE,100,Synthetic simulation of FIRE condition,synthetic
2026-09-16 05:44:41.319730+00:00,SYNTH_FIRE_011,dev_001,Kitchen,150,76.1,42.99,632,656,45,FIRE,100,Synthetic simulation of FIRE condition,synthetic
2026-09-16 05:44:42.319730+00:00,SYNTH_FIRE_011,dev_001,Kitchen,150,76.05,42.82,634,656,45,FIRE,100,Synthetic simulation of FIRE condition,synthetic
2026-09-16 05:44:43.319730+00:00,SYNTH_FIRE_011,dev_001,Kitchen,145,76.17,42.68,629,658,45,FIRE,100,Synthetic simulation of FIRE condition,synthetic
2026-09-16 05:44:44.319730+00:00,SYNTH_FIRE_011,dev_001,Kitchen,142,76.16,43.16,633,653,45,FIRE,100,Synthetic simulation of FIRE condition,synthetic
2026-09-16 05:44:45.319730+00:00,SYNTH_FIRE_011,dev_001,Kitchen,140,76.36,42.57,635,658,45,FIRE,100,Synthetic simulation of FIRE condition,synthetic
2026-09-16 05:44:46.319730+00:00,SYNTH_FIRE_011,dev_001,Kitchen,142,76.46,42.79,638,653,45,FIRE,100,Synthetic simulation of FIRE condition,synthetic
2026-09-16 05:44:47.319730+00:00,SYNTH_FIRE_011,dev_001,Kitchen,148,76.18,43.1,632,655,45,FIRE,100,Synthetic simulation of FIRE condition,synthetic
2026-09-16 05:44:48.319730+00:00,SYNTH_FIRE_011,dev_001,Kitchen,150,76.19,42.86,637,660,45,FIRE,100,Synthetic simulation of FIRE condition,synthetic
2026-09-16 05:44:49.319730+00:00,SYNTH_FIRE_011,dev_001,Kitchen,148,76.16,42.58,635,661,45,FIRE,100,Synthetic simulation of FIRE condition,synthetic
2026-09-16 05:44:50.319730+00:00,SYNTH_FIRE_011,dev_001,Kitchen,150,76.19,43.19,631,657,45,FIRE,100,Synthetic simulation of FIRE condition,synthetic
2026-09-16 05:44:51.319730+00:00,SYNTH_FIRE_011,dev_001,Kitchen,140,75.77,42.87,634,657,45,FIRE,100,Synthetic simulation of FIRE condition,synthetic
2026-09-16 05:44:52.319730+00:00,SYNTH_FIRE_011,dev_001,Kitchen,143,76.11,43.79,637,662,45,FIRE,100,Synthetic simulation of FIRE condition,synthetic
2026-09-16 05:42:53.321734+00:00,SYNTH_FIRE_012,dev_001,Kitchen,907,25.4,56.67,156,123,90,NORMAL,100,Synthetic simulation of FIRE condition,synthetic
2026-09-16 05:42:54.321734+00:00,SYNTH_FIRE_012,dev_001,Kitchen,908,25.26,56.98,148,123,90,NORMAL,100,Synthetic simulation of FIRE condition,synthetic
2026-09-16 05:42:55.321734+00:00,SYNTH_FIRE_012,dev_001,Kitchen,909,25.19,57.17,151,127,90,NORMAL,100,Synthetic simulation of FIRE condition,synthetic
2026-09-16 05:42:56.321734+00:00,SYNTH_FIRE_012,dev_001,Kitchen,906,25.16,56.44,153,123,90,NORMAL,100,Synthetic simulation of FIRE condition,synthetic
2026-09-16 05:42:57.321734+00:00,SYNTH_FIRE_012,dev_001,Kitchen,901,25.19,56.89,147,124,90,NORMAL,100,Synthetic simulation of FIRE condition,synthetic
2026-09-16 05:42:58.321734+00:00,SYNTH_FIRE_012,dev_001,Kitchen,906,25.31,56.74,144,125,90,NORMAL,100,Synthetic simulation of FIRE condition,synthetic
2026-09-16 05:42:59.321734+00:00,SYNTH_FIRE_012,dev_001,Kitchen,904,25.38,56.91,142,123,90,NORMAL,100,Synthetic simulation of FIRE condition,synthetic
2026-09-16 05:43:00.321734+00:00,SYNTH_FIRE_012,dev_001,Kitchen,910,25.5,56.82,149,125,90,NORMAL,100,Synthetic simulation of FIRE condition,synthetic
2026-09-16 05:43:01.321734+00:00,SYNTH_FIRE_012,dev_001,Kitchen,913,25.53,57.37,152,121,90,NORMAL,100,Synthetic simulation of FIRE condition,synthetic
2026-09-16 05:43:02.321734+00:00,SYNTH_FIRE_012,dev_001,Kitchen,906,25.54,57.37,147,125,90,NORMAL,100,Synthetic simulation of FIRE condition,synthetic
2026-09-16 05:43:03.321734+00:00,SYNTH_FIRE_012,dev_001,Kitchen,906,25.41,56.45,147,125,90,NORMAL,100,Synthetic simulation of FIRE condition,synthetic
2026-09-16 05:43:04.321734+00:00,SYNTH_FIRE_012,dev_001,Kitchen,906,25.46,56.38,151,122,90,NORMAL,100,Synthetic simulation of FIRE condition,synthetic
2026-09-16 05:43:05.321734+00:00,SYNTH_FIRE_012,dev_001,Kitchen,902,25.73,57.28,150,120,90,NORMAL,100,Synthetic simulation of FIRE condition,synthetic
2026-09-16 05:43:06.321734+00:00,SYNTH_FIRE_012,dev_001,Kitchen,903,25.44,56.49,151,124,90,NORMAL,100,Synthetic simulation of FIRE condition,synthetic
2026-09-16 05:43:07.321734+00:00,SYNTH_FIRE_012,dev_001,Kitchen,910,25.37,56.73,152,122,90,NORMAL,100,Synthetic simulation of FIRE condition,synthetic
2026-09-16 05:43:08.321734+00:00,SYNTH_FIRE_012,dev_001,Kitchen,909,25.46,56.43,153,123,90,NORMAL,100,Synthetic simulation of FIRE condition,synthetic
2026-09-16 05:43:09.321734+00:00,SYNTH_FIRE_012,dev_001,Kitchen,906,25.36,57.06,146,127,90,NORMAL,100,Synthetic simulation of FIRE condition,synthetic
2026-09-16 05:43:10.321734+00:00,SYNTH_FIRE_012,dev_001,Kitchen,901,25.35,57.08,149,123,90,NORMAL,100,Synthetic simulation of FIRE condition,synthetic
2026-09-16 05:43:11.321734+00:00,SYNTH_FIRE_012,dev_001,Kitchen,902,25.21,56.17,151,123,90,NORMAL,100,Synthetic simulation of FIRE condition,synthetic
2026-09-16 05:43:12.321734+00:00,SYNTH_FIRE_012,dev_001,Kitchen,900,25.57,56.79,149,128,90,NORMAL,100,Synthetic simulation of FIRE condition,synthetic
2026-09-16 05:43:13.321734+00:00,SYNTH_FIRE_012,dev_001,Kitchen,905,25.27,57.02,152,128,90,NORMAL,100,Synthetic simulation of FIRE condition,synthetic
2026-09-16 05:43:14.321734+00:00,SYNTH_FIRE_012,dev_001,Kitchen,904,25.32,56.9,148,124,90,NORMAL,100,Synthetic simulation of FIRE condition,synthetic
2026-09-16 05:43:15.321734+00:00,SYNTH_FIRE_012,dev_001,Kitchen,908,25.52,56.68,154,129,90,NORMAL,100,Synthetic simulation of FIRE condition,synthetic
2026-09-16 05:43:16.321734+00:00,SYNTH_FIRE_012,dev_001,Kitchen,909,25.52,57.04,145,121,90,NORMAL,100,Synthetic simulation of FIRE condition,synthetic
2026-09-16 05:43:17.321734+00:00,SYNTH_FIRE_012,dev_001,Kitchen,890,26.46,44.97,156,137,30,FIRE,100,Synthetic simulation of FIRE condition,synthetic
2026-09-16 05:43:18.321734+00:00,SYNTH_FIRE_012,dev_001,Kitchen,892,26.86,45.36,160,138,30,FIRE,100,Synthetic simulation of FIRE condition,synthetic
2026-09-16 05:43:19.321734+00:00,SYNTH_FIRE_012,dev_001,Kitchen,892,26.94,45.1,169,139,30,FIRE,100,Synthetic simulation of FIRE condition,synthetic
2026-09-16 05:43:20.321734+00:00,SYNTH_FIRE_012,dev_001,Kitchen,883,27.13,44.55,166,147,30,FIRE,100,Synthetic simulation of FIRE condition,synthetic
2026-09-16 05:43:21.321734+00:00,SYNTH_FIRE_012,dev_001,Kitchen,877,27.54,44.9,171,150,30,FIRE,100,Synthetic simulation of FIRE condition,synthetic
2026-09-16 05:43:22.321734+00:00,SYNTH_FIRE_012,dev_001,Kitchen,867,28.26,45.09,176,153,30,FIRE,100,Synthetic simulation of FIRE condition,synthetic
2026-09-16 05:43:23.321734+00:00,SYNTH_FIRE_012,dev_001,Kitchen,855,28.5,44.68,184,163,30,FIRE,100,Synthetic simulation of FIRE condition,synthetic
2026-09-16 05:43:24.321734+00:00,SYNTH_FIRE_012,dev_001,Kitchen,854,29.5,44.57,192,172,30,FIRE,100,Synthetic simulation of FIRE condition,synthetic
2026-09-16 05:43:25.321734+00:00,SYNTH_FIRE_012,dev_001,Kitchen,844,30.42,44.82,208,181,30,FIRE,100,Synthetic simulation of FIRE condition,synthetic
2026-09-16 05:43:26.321734+00:00,SYNTH_FIRE_012,dev_001,Kitchen,831,31.3,44.69,213,192,30,FIRE,100,Synthetic simulation of FIRE condition,synthetic
2026-09-16 05:43:27.321734+00:00,SYNTH_FIRE_012,dev_001,Kitchen,804,32.66,44.79,222,210,30,FIRE,100,Synthetic simulation of FIRE condition,synthetic
2026-09-16 05:43:28.321734+00:00,SYNTH_FIRE_012,dev_001,Kitchen,792,33.97,44.82,245,221,30,FIRE,100,Synthetic simulation of FIRE condition,synthetic
2026-09-16 05:43:29.321734+00:00,SYNTH_FIRE_012,dev_001,Kitchen,770,35.76,45.25,261,240,30,FIRE,100,Synthetic simulation of FIRE condition,synthetic
2026-09-16 05:43:30.321734+00:00,SYNTH_FIRE_012,dev_001,Kitchen,751,37.81,44.55,281,264,30,FIRE,100,Synthetic simulation of FIRE condition,synthetic
2026-09-16 05:43:31.321734+00:00,SYNTH_FIRE_012,dev_001,Kitchen,712,39.79,44.15,305,289,30,FIRE,100,Synthetic simulation of FIRE condition,synthetic
2026-09-16 05:43:32.321734+00:00,SYNTH_FIRE_012,dev_001,Kitchen,692,42.16,44.57,329,318,30,FIRE,100,Synthetic simulation of FIRE condition,synthetic
2026-09-16 05:43:33.321734+00:00,SYNTH_FIRE_012,dev_001,Kitchen,650,44.66,44.98,356,341,30,FIRE,100,Synthetic simulation of FIRE condition,synthetic
2026-09-16 05:43:34.321734+00:00,SYNTH_FIRE_012,dev_001,Kitchen,615,47.45,45.05,384,378,30,FIRE,100,Synthetic simulation of FIRE condition,synthetic
2026-09-16 05:43:35.321734+00:00,SYNTH_FIRE_012,dev_001,Kitchen,585,50.29,45.19,416,408,30,FIRE,100,Synthetic simulation of FIRE condition,synthetic
2026-09-16 05:43:36.321734+00:00,SYNTH_FIRE_012,dev_001,Kitchen,542,52.8,45.08,449,441,30,FIRE,100,Synthetic simulation of FIRE condition,synthetic
2026-09-16 05:43:37.321734+00:00,SYNTH_FIRE_012,dev_001,Kitchen,511,55.58,44.47,478,474,30,FIRE,100,Synthetic simulation of FIRE condition,synthetic
2026-09-16 05:43:38.321734+00:00,SYNTH_FIRE_012,dev_001,Kitchen,467,58.31,44.86,512,510,30,FIRE,100,Synthetic simulation of FIRE condition,synthetic
2026-09-16 05:43:39.321734+00:00,SYNTH_FIRE_012,dev_001,Kitchen,430,61.17,44.87,537,533,30,FIRE,100,Synthetic simulation of FIRE condition,synthetic
2026-09-16 05:43:40.321734+00:00,SYNTH_FIRE_012,dev_001,Kitchen,402,63.74,44.69,564,564,30,FIRE,100,Synthetic simulation of FIRE condition,synthetic
2026-09-16 05:43:41.321734+00:00,SYNTH_FIRE_012,dev_001,Kitchen,379,66.04,45.29,584,590,30,FIRE,100,Synthetic simulation of FIRE condition,synthetic
2026-09-16 05:43:42.321734+00:00,SYNTH_FIRE_012,dev_001,Kitchen,354,67.8,45.19,612,613,30,FIRE,100,Synthetic simulation of FIRE condition,synthetic
2026-09-16 05:43:43.321734+00:00,SYNTH_FIRE_012,dev_001,Kitchen,327,69.78,44.91,629,629,30,FIRE,100,Synthetic simulation of FIRE condition,synthetic
2026-09-16 05:43:44.321734+00:00,SYNTH_FIRE_012,dev_001,Kitchen,303,71.3,45.01,647,651,30,FIRE,100,Synthetic simulation of FIRE condition,synthetic
2026-09-16 05:43:45.321734+00:00,SYNTH_FIRE_012,dev_001,Kitchen,290,72.47,44.91,663,671,30,FIRE,100,Synthetic simulation of FIRE condition,synthetic
2026-09-16 05:43:46.321734+00:00,SYNTH_FIRE_012,dev_001,Kitchen,269,73.77,44.9,668,683,30,FIRE,100,Synthetic simulation of FIRE condition,synthetic
2026-09-16 05:43:47.321734+00:00,SYNTH_FIRE_012,dev_001,Kitchen,261,74.31,44.79,684,689,30,FIRE,100,Synthetic simulation of FIRE condition,synthetic
2026-09-16 05:43:48.321734+00:00,SYNTH_FIRE_012,dev_001,Kitchen,253,75.6,44.78,696,696,30,FIRE,100,Synthetic simulation of FIRE condition,synthetic
2026-09-16 05:43:49.321734+00:00,SYNTH_FIRE_012,dev_001,Kitchen,236,76.34,45.12,700,710,30,FIRE,100,Synthetic simulation of FIRE condition,synthetic
2026-09-16 05:43:50.321734+00:00,SYNTH_FIRE_012,dev_001,Kitchen,229,76.69,44.78,707,718,30,FIRE,100,Synthetic simulation of FIRE condition,synthetic
2026-09-16 05:43:51.321734+00:00,SYNTH_FIRE_012,dev_001,Kitchen,221,77.25,44.82,705,725,30,FIRE,100,Synthetic simulation of FIRE condition,synthetic
2026-09-16 05:43:52.321734+00:00,SYNTH_FIRE_012,dev_001,Kitchen,221,77.6,44.73,715,723,30,FIRE,100,Synthetic simulation of FIRE condition,synthetic
2026-09-16 05:43:53.321734+00:00,SYNTH_FIRE_012,dev_001,Kitchen,215,77.91,44.48,717,728,30,FIRE,100,Synthetic simulation of FIRE condition,synthetic
2026-09-16 05:43:54.321734+00:00,SYNTH_FIRE_012,dev_001,Kitchen,212,78.19,44.3,717,735,30,FIRE,100,Synthetic simulation of FIRE condition,synthetic
2026-09-16 05:43:55.321734+00:00,SYNTH_FIRE_012,dev_001,Kitchen,212,78.36,45.02,720,738,30,FIRE,100,Synthetic simulation of FIRE condition,synthetic
2026-09-16 05:43:56.321734+00:00,SYNTH_FIRE_012,dev_001,Kitchen,208,78.44,44.79,729,740,30,FIRE,100,Synthetic simulation of FIRE condition,synthetic
2026-09-16 05:43:57.321734+00:00,SYNTH_FIRE_012,dev_001,Kitchen,199,78.59,45.02,727,735,30,FIRE,100,Synthetic simulation of FIRE condition,synthetic
2026-09-16 05:43:58.321734+00:00,SYNTH_FIRE_012,dev_001,Kitchen,208,78.78,45.04,722,742,30,FIRE,100,Synthetic simulation of FIRE condition,synthetic
2026-09-16 05:43:59.321734+00:00,SYNTH_FIRE_012,dev_001,Kitchen,199,78.81,44.72,730,738,30,FIRE,100,Synthetic simulation of FIRE condition,synthetic
2026-09-16 05:44:00.321734+00:00,SYNTH_FIRE_012,dev_001,Kitchen,204,79.05,44.56,723,741,30,FIRE,100,Synthetic simulation of FIRE condition,synthetic
2026-09-16 05:44:01.321734+00:00,SYNTH_FIRE_012,dev_001,Kitchen,202,79.41,44.51,732,741,30,FIRE,100,Synthetic simulation of FIRE condition,synthetic
2026-09-16 05:44:02.321734+00:00,SYNTH_FIRE_012,dev_001,Kitchen,201,79.1,44.84,730,738,30,FIRE,100,Synthetic simulation of FIRE condition,synthetic
2026-09-16 05:44:03.321734+00:00,SYNTH_FIRE_012,dev_001,Kitchen,201,79.14,44.62,731,737,30,FIRE,100,Synthetic simulation of FIRE condition,synthetic
2026-09-16 05:44:04.321734+00:00,SYNTH_FIRE_012,dev_001,Kitchen,206,79.02,45.08,730,740,30,FIRE,100,Synthetic simulation of FIRE condition,synthetic
2026-09-16 05:44:05.321734+00:00,SYNTH_FIRE_012,dev_001,Kitchen,199,79.11,44.42,732,747,30,FIRE,100,Synthetic simulation of FIRE condition,synthetic
2026-09-16 05:44:06.321734+00:00,SYNTH_FIRE_012,dev_001,Kitchen,188,79.54,44.56,725,742,30,FIRE,100,Synthetic simulation of FIRE condition,synthetic
2026-09-16 05:44:07.321734+00:00,SYNTH_FIRE_012,dev_001,Kitchen,195,79.42,44.66,730,741,30,FIRE,100,Synthetic simulation of FIRE condition,synthetic
2026-09-16 05:44:08.321734+00:00,SYNTH_FIRE_012,dev_001,Kitchen,199,79.27,44.7,733,749,30,FIRE,100,Synthetic simulation of FIRE condition,synthetic
2026-09-16 05:44:09.321734+00:00,SYNTH_FIRE_012,dev_001,Kitchen,202,79.4,44.7,730,739,30,FIRE,100,Synthetic simulation of FIRE condition,synthetic
2026-09-16 05:44:10.321734+00:00,SYNTH_FIRE_012,dev_001,Kitchen,197,79.29,44.97,734,745,30,FIRE,100,Synthetic simulation of FIRE condition,synthetic
2026-09-16 05:44:11.321734+00:00,SYNTH_FIRE_012,dev_001,Kitchen,203,79.07,44.63,735,744,30,FIRE,100,Synthetic simulation of FIRE condition,synthetic
2026-09-16 05:44:12.321734+00:00,SYNTH_FIRE_012,dev_001,Kitchen,196,79.59,44.67,734,746,30,FIRE,100,Synthetic simulation of FIRE condition,synthetic
2026-09-16 05:44:13.321734+00:00,SYNTH_FIRE_012,dev_001,Kitchen,195,79.04,44.74,730,743,30,FIRE,100,Synthetic simulation of FIRE condition,synthetic
2026-09-16 05:44:14.321734+00:00,SYNTH_FIRE_012,dev_001,Kitchen,196,79.31,44.76,732,743,30,FIRE,100,Synthetic simulation of FIRE condition,synthetic
2026-09-16 05:44:15.321734+00:00,SYNTH_FIRE_012,dev_001,Kitchen,208,79.28,44.94,733,745,30,FIRE,100,Synthetic simulation of FIRE condition,synthetic
2026-09-16 05:44:16.321734+00:00,SYNTH_FIRE_012,dev_001,Kitchen,198,79.12,45.11,730,747,30,FIRE,100,Synthetic simulation of FIRE condition,synthetic
2026-09-16 05:44:17.321734+00:00,SYNTH_FIRE_012,dev_001,Kitchen,200,79.27,45.22,734,745,30,FIRE,100,Synthetic simulation of FIRE condition,synthetic
2026-09-16 05:44:18.321734+00:00,SYNTH_FIRE_012,dev_001,Kitchen,196,79.17,45.35,736,740,30,FIRE,100,Synthetic simulation of FIRE condition,synthetic
2026-09-16 05:44:19.321734+00:00,SYNTH_FIRE_012,dev_001,Kitchen,198,79.25,44.99,730,743,30,FIRE,100,Synthetic simulation of FIRE condition,synthetic
2026-09-16 05:44:20.321734+00:00,SYNTH_FIRE_012,dev_001,Kitchen,202,79.37,44.73,729,747,30,FIRE,100,Synthetic simulation of FIRE condition,synthetic
2026-09-16 05:44:21.321734+00:00,SYNTH_FIRE_012,dev_001,Kitchen,199,79.42,44.9,729,752,30,FIRE,100,Synthetic simulation of FIRE condition,synthetic
2026-09-16 05:44:22.321734+00:00,SYNTH_FIRE_012,dev_001,Kitchen,202,79.28,44.89,733,747,30,FIRE,100,Synthetic simulation of FIRE condition,synthetic
2026-09-16 05:44:23.321734+00:00,SYNTH_FIRE_012,dev_001,Kitchen,198,79.28,45.21,732,743,30,FIRE,100,Synthetic simulation of FIRE condition,synthetic
2026-09-16 05:44:24.321734+00:00,SYNTH_FIRE_012,dev_001,Kitchen,193,79.25,44.96,738,749,30,FIRE,100,Synthetic simulation of FIRE condition,synthetic
2026-09-16 05:44:25.321734+00:00,SYNTH_FIRE_012,dev_001,Kitchen,202,79.22,44.43,732,740,30,FIRE,100,Synthetic simulation of FIRE condition,synthetic
2026-09-16 05:44:26.321734+00:00,SYNTH_FIRE_012,dev_001,Kitchen,200,79.3,44.52,730,741,30,FIRE,100,Synthetic simulation of FIRE condition,synthetic
2026-09-16 05:44:27.321734+00:00,SYNTH_FIRE_012,dev_001,Kitchen,200,79.28,45.13,731,744,30,FIRE,100,Synthetic simulation of FIRE condition,synthetic
2026-09-16 05:44:28.321734+00:00,SYNTH_FIRE_012,dev_001,Kitchen,200,79.08,44.61,730,744,30,FIRE,100,Synthetic simulation of FIRE condition,synthetic
2026-09-16 05:44:29.321734+00:00,SYNTH_FIRE_012,dev_001,Kitchen,198,79.07,45.1,732,746,30,FIRE,100,Synthetic simulation of FIRE condition,synthetic
2026-09-16 05:44:30.321734+00:00,SYNTH_FIRE_012,dev_001,Kitchen,205,79.34,45.07,734,744,30,FIRE,100,Synthetic simulation of FIRE condition,synthetic
2026-09-16 05:44:31.321734+00:00,SYNTH_FIRE_012,dev_001,Kitchen,201,79.32,44.62,735,745,30,FIRE,100,Synthetic simulation of FIRE condition,synthetic
2026-09-16 05:44:32.321734+00:00,SYNTH_FIRE_012,dev_001,Kitchen,197,79.41,44.25,731,743,30,FIRE,100,Synthetic simulation of FIRE condition,synthetic
2026-09-16 05:44:33.321734+00:00,SYNTH_FIRE_012,dev_001,Kitchen,198,79.29,45.12,732,747,30,FIRE,100,Synthetic simulation of FIRE condition,synthetic
2026-09-16 05:44:34.321734+00:00,SYNTH_FIRE_012,dev_001,Kitchen,190,79.35,45.32,731,749,30,FIRE,100,Synthetic simulation of FIRE condition,synthetic
2026-09-16 05:44:35.321734+00:00,SYNTH_FIRE_012,dev_001,Kitchen,199,79.3,45.17,732,746,30,FIRE,100,Synthetic simulation of FIRE condition,synthetic
2026-09-16 05:44:36.321734+00:00,SYNTH_FIRE_012,dev_001,Kitchen,201,79.38,44.87,733,743,30,FIRE,100,Synthetic simulation of FIRE condition,synthetic
2026-09-16 05:44:37.321734+00:00,SYNTH_FIRE_012,dev_001,Kitchen,193,79.51,44.39,733,743,30,FIRE,100,Synthetic simulation of FIRE condition,synthetic
2026-09-16 05:44:38.321734+00:00,SYNTH_FIRE_012,dev_001,Kitchen,197,79.14,45.12,734,743,30,FIRE,100,Synthetic simulation of FIRE condition,synthetic
2026-09-16 05:44:39.321734+00:00,SYNTH_FIRE_012,dev_001,Kitchen,203,79.22,44.76,731,739,30,FIRE,100,Synthetic simulation of FIRE condition,synthetic
2026-09-16 05:44:40.321734+00:00,SYNTH_FIRE_012,dev_001,Kitchen,201,79.15,44.69,733,745,30,FIRE,100,Synthetic simulation of FIRE condition,synthetic
2026-09-16 05:44:41.321734+00:00,SYNTH_FIRE_012,dev_001,Kitchen,194,79.44,44.86,731,746,30,FIRE,100,Synthetic simulation of FIRE condition,synthetic
2026-09-16 05:44:42.321734+00:00,SYNTH_FIRE_012,dev_001,Kitchen,197,79.18,45.15,724,743,30,FIRE,100,Synthetic simulation of FIRE condition,synthetic
2026-09-16 05:44:43.321734+00:00,SYNTH_FIRE_012,dev_001,Kitchen,201,79.19,44.82,737,744,30,FIRE,100,Synthetic simulation of FIRE condition,synthetic
2026-09-16 05:44:44.321734+00:00,SYNTH_FIRE_012,dev_001,Kitchen,198,79.27,44.67,736,742,30,FIRE,100,Synthetic simulation of FIRE condition,synthetic
2026-09-16 05:44:45.321734+00:00,SYNTH_FIRE_012,dev_001,Kitchen,202,79.2,44.37,733,744,30,FIRE,100,Synthetic simulation of FIRE condition,synthetic
2026-09-16 05:44:46.321734+00:00,SYNTH_FIRE_012,dev_001,Kitchen,202,79.47,45.15,733,742,30,FIRE,100,Synthetic simulation of FIRE condition,synthetic
2026-09-16 05:44:47.321734+00:00,SYNTH_FIRE_012,dev_001,Kitchen,203,79.17,45.02,737,745,30,FIRE,100,Synthetic simulation of FIRE condition,synthetic
2026-09-16 05:44:48.321734+00:00,SYNTH_FIRE_012,dev_001,Kitchen,197,79.2,45.06,734,746,30,FIRE,100,Synthetic simulation of FIRE condition,synthetic
2026-09-16 05:44:49.321734+00:00,SYNTH_FIRE_012,dev_001,Kitchen,199,78.97,44.68,733,746,30,FIRE,100,Synthetic simulation of FIRE condition,synthetic
2026-09-16 05:44:50.321734+00:00,SYNTH_FIRE_012,dev_001,Kitchen,198,78.95,45.2,731,745,30,FIRE,100,Synthetic simulation of FIRE condition,synthetic
2026-09-16 05:44:51.321734+00:00,SYNTH_FIRE_012,dev_001,Kitchen,198,79.19,44.7,737,742,30,FIRE,100,Synthetic simulation of FIRE condition,synthetic
2026-09-16 05:44:52.321734+00:00,SYNTH_FIRE_012,dev_001,Kitchen,200,79.21,44.47,733,743,30,FIRE,100,Synthetic simulation of FIRE condition,synthetic
2026-09-16 05:42:53.323802+00:00,SYNTH_FIRE_013,dev_001,Kitchen,910,26.26,51.41,129,94,90,NORMAL,100,Synthetic simulation of FIRE condition,synthetic
2026-09-16 05:42:54.323802+00:00,SYNTH_FIRE_013,dev_001,Kitchen,909,26.39,51.65,132,90,90,NORMAL,100,Synthetic simulation of FIRE condition,synthetic
2026-09-16 05:42:55.323802+00:00,SYNTH_FIRE_013,dev_001,Kitchen,908,26.62,51.92,134,97,90,NORMAL,100,Synthetic simulation of FIRE condition,synthetic
2026-09-16 05:42:56.323802+00:00,SYNTH_FIRE_013,dev_001,Kitchen,912,26.3,51.52,137,92,90,NORMAL,100,Synthetic simulation of FIRE condition,synthetic
2026-09-16 05:42:57.323802+00:00,SYNTH_FIRE_013,dev_001,Kitchen,911,26.22,51.94,130,95,90,NORMAL,100,Synthetic simulation of FIRE condition,synthetic
2026-09-16 05:42:58.323802+00:00,SYNTH_FIRE_013,dev_001,Kitchen,916,26.17,51.26,130,96,90,NORMAL,100,Synthetic simulation of FIRE condition,synthetic
2026-09-16 05:42:59.323802+00:00,SYNTH_FIRE_013,dev_001,Kitchen,919,26.44,51.77,131,93,90,NORMAL,100,Synthetic simulation of FIRE condition,synthetic
2026-09-16 05:43:00.323802+00:00,SYNTH_FIRE_013,dev_001,Kitchen,913,26.37,51.45,135,97,90,NORMAL,100,Synthetic simulation of FIRE condition,synthetic
2026-09-16 05:43:01.323802+00:00,SYNTH_FIRE_013,dev_001,Kitchen,912,26.04,51.72,131,100,90,NORMAL,100,Synthetic simulation of FIRE condition,synthetic
2026-09-16 05:43:02.323802+00:00,SYNTH_FIRE_013,dev_001,Kitchen,918,26.33,51.46,135,94,90,NORMAL,100,Synthetic simulation of FIRE condition,synthetic
2026-09-16 05:43:03.323802+00:00,SYNTH_FIRE_013,dev_001,Kitchen,910,26.29,51.57,133,92,90,NORMAL,100,Synthetic simulation of FIRE condition,synthetic
2026-09-16 05:43:04.323802+00:00,SYNTH_FIRE_013,dev_001,Kitchen,917,26.24,51.44,133,94,90,NORMAL,100,Synthetic simulation of FIRE condition,synthetic
2026-09-16 05:43:05.323802+00:00,SYNTH_FIRE_013,dev_001,Kitchen,910,26.31,51.75,133,93,90,NORMAL,100,Synthetic simulation of FIRE condition,synthetic
2026-09-16 05:43:06.323802+00:00,SYNTH_FIRE_013,dev_001,Kitchen,918,26.43,51.68,133,93,90,NORMAL,100,Synthetic simulation of FIRE condition,synthetic
2026-09-16 05:43:07.323802+00:00,SYNTH_FIRE_013,dev_001,Kitchen,918,26.09,51.86,140,95,90,NORMAL,100,Synthetic simulation of FIRE condition,synthetic
2026-09-16 05:43:08.323802+00:00,SYNTH_FIRE_013,dev_001,Kitchen,907,26.33,51.66,132,96,90,NORMAL,100,Synthetic simulation of FIRE condition,synthetic
2026-09-16 05:43:09.323802+00:00,SYNTH_FIRE_013,dev_001,Kitchen,910,26.08,51.55,136,88,90,NORMAL,100,Synthetic simulation of FIRE condition,synthetic
2026-09-16 05:43:10.323802+00:00,SYNTH_FIRE_013,dev_001,Kitchen,908,26.11,51.61,131,93,90,NORMAL,100,Synthetic simulation of FIRE condition,synthetic
2026-09-16 05:43:11.323802+00:00,SYNTH_FIRE_013,dev_001,Kitchen,919,26.12,51.62,138,93,90,NORMAL,100,Synthetic simulation of FIRE condition,synthetic
2026-09-16 05:43:12.323802+00:00,SYNTH_FIRE_013,dev_001,Kitchen,908,26.41,51.65,135,91,90,NORMAL,100,Synthetic simulation of FIRE condition,synthetic
2026-09-16 05:43:13.323802+00:00,SYNTH_FIRE_013,dev_001,Kitchen,905,26.34,51.13,139,89,90,NORMAL,100,Synthetic simulation of FIRE condition,synthetic
2026-09-16 05:43:14.323802+00:00,SYNTH_FIRE_013,dev_001,Kitchen,912,26.26,51.89,135,100,90,NORMAL,100,Synthetic simulation of FIRE condition,synthetic
2026-09-16 05:43:15.323802+00:00,SYNTH_FIRE_013,dev_001,Kitchen,908,26.17,51.24,135,93,90,NORMAL,100,Synthetic simulation of FIRE condition,synthetic
2026-09-16 05:43:16.323802+00:00,SYNTH_FIRE_013,dev_001,Kitchen,914,26.31,51.46,135,91,90,NORMAL,100,Synthetic simulation of FIRE condition,synthetic
2026-09-16 05:43:17.323802+00:00,SYNTH_FIRE_013,dev_001,Kitchen,899,27.22,39.9,147,101,60,FIRE,100,Synthetic simulation of FIRE condition,synthetic
2026-09-16 05:43:18.323802+00:00,SYNTH_FIRE_013,dev_001,Kitchen,893,27.49,39.48,147,110,60,FIRE,100,Synthetic simulation of FIRE condition,synthetic
2026-09-16 05:43:19.323802+00:00,SYNTH_FIRE_013,dev_001,Kitchen,894,28.01,39.81,147,105,60,FIRE,100,Synthetic simulation of FIRE condition,synthetic
2026-09-16 05:43:20.323802+00:00,SYNTH_FIRE_013,dev_001,Kitchen,886,28.21,39.97,150,112,60,FIRE,100,Synthetic simulation of FIRE condition,synthetic
2026-09-16 05:43:21.323802+00:00,SYNTH_FIRE_013,dev_001,Kitchen,890,28.5,39.87,153,113,60,FIRE,100,Synthetic simulation of FIRE condition,synthetic
2026-09-16 05:43:22.323802+00:00,SYNTH_FIRE_013,dev_001,Kitchen,876,29.23,39.82,153,120,60,FIRE,100,Synthetic simulation of FIRE condition,synthetic
2026-09-16 05:43:23.323802+00:00,SYNTH_FIRE_013,dev_001,Kitchen,871,29.51,40.09,160,128,60,FIRE,100,Synthetic simulation of FIRE condition,synthetic
2026-09-16 05:43:24.323802+00:00,SYNTH_FIRE_013,dev_001,Kitchen,855,30.23,39.54,162,133,60,FIRE,100,Synthetic simulation of FIRE condition,synthetic
2026-09-16 05:43:25.323802+00:00,SYNTH_FIRE_013,dev_001,Kitchen,850,31.27,39.81,174,143,60,FIRE,100,Synthetic simulation of FIRE condition,synthetic
2026-09-16 05:43:26.323802+00:00,SYNTH_FIRE_013,dev_001,Kitchen,833,32.16,39.32,179,148,60,FIRE,100,Synthetic simulation of FIRE condition,synthetic
2026-09-16 05:43:27.323802+00:00,SYNTH_FIRE_013,dev_001,Kitchen,812,33.44,39.97,189,160,60,FIRE,100,Synthetic simulation of FIRE condition,synthetic
2026-09-16 05:43:28.323802+00:00,SYNTH_FIRE_013,dev_001,Kitchen,800,34.96,39.83,202,174,60,FIRE,100,Synthetic simulation of FIRE condition,synthetic
2026-09-16 05:43:29.323802+00:00,SYNTH_FIRE_013,dev_001,Kitchen,778,36.36,40.33,210,197,60,FIRE,100,Synthetic simulation of FIRE condition,synthetic
2026-09-16 05:43:30.323802+00:00,SYNTH_FIRE_013,dev_001,Kitchen,756,38.52,39.82,230,209,60,FIRE,100,Synthetic simulation of FIRE condition,synthetic
2026-09-16 05:43:31.323802+00:00,SYNTH_FIRE_013,dev_001,Kitchen,727,40.4,39.42,250,230,60,FIRE,100,Synthetic simulation of FIRE condition,synthetic
2026-09-16 05:43:32.323802+00:00,SYNTH_FIRE_013,dev_001,Kitchen,698,42.92,39.73,265,254,60,FIRE,100,Synthetic simulation of FIRE condition,synthetic
2026-09-16 05:43:33.323802+00:00,SYNTH_FIRE_013,dev_001,Kitchen,671,45.16,39.93,286,280,60,FIRE,100,Synthetic simulation of FIRE condition,synthetic
2026-09-16 05:43:34.323802+00:00,SYNTH_FIRE_013,dev_001,Kitchen,636,47.89,39.59,307,305,60,FIRE,100,Synthetic simulation of FIRE condition,synthetic
2026-09-16 05:43:35.323802+00:00,SYNTH_FIRE_013,dev_001,Kitchen,589,51.02,39.62,328,331,60,FIRE,100,Synthetic simulation of FIRE condition,synthetic
2026-09-16 05:43:36.323802+00:00,SYNTH_FIRE_013,dev_001,Kitchen,561,53.45,39.96,353,359,60,FIRE,100,Synthetic simulation of FIRE condition,synthetic
2026-09-16 05:43:37.323802+00:00,SYNTH_FIRE_013,dev_001,Kitchen,514,56.5,39.76,380,383,60,FIRE,100,Synthetic simulation of FIRE condition,synthetic
2026-09-16 05:43:38.323802+00:00,SYNTH_FIRE_013,dev_001,Kitchen,489,59.02,39.51,403,415,60,FIRE,100,Synthetic simulation of FIRE condition,synthetic
2026-09-16 05:43:39.323802+00:00,SYNTH_FIRE_013,dev_001,Kitchen,449,62.0,39.84,422,432,60,FIRE,100,Synthetic simulation of FIRE condition,synthetic
2026-09-16 05:43:40.323802+00:00,SYNTH_FIRE_013,dev_001,Kitchen,419,64.43,39.23,440,462,60,FIRE,100,Synthetic simulation of FIRE condition,synthetic
2026-09-16 05:43:41.323802+00:00,SYNTH_FIRE_013,dev_001,Kitchen,394,66.56,40.12,457,479,60,FIRE,100,Synthetic simulation of FIRE condition,synthetic
2026-09-16 05:43:42.323802+00:00,SYNTH_FIRE_013,dev_001,Kitchen,361,68.53,39.85,471,498,60,FIRE,100,Synthetic simulation of FIRE condition,synthetic
2026-09-16 05:43:43.323802+00:00,SYNTH_FIRE_013,dev_001,Kitchen,333,70.4,39.91,489,521,60,FIRE,100,Synthetic simulation of FIRE condition,synthetic
2026-09-16 05:43:44.323802+00:00,SYNTH_FIRE_013,dev_001,Kitchen,316,71.91,40.12,495,533,60,FIRE,100,Synthetic simulation of FIRE condition,synthetic
2026-09-16 05:43:45.323802+00:00,SYNTH_FIRE_013,dev_001,Kitchen,300,73.39,39.14,517,544,60,FIRE,100,Synthetic simulation of FIRE condition,synthetic
2026-09-16 05:43:46.323802+00:00,SYNTH_FIRE_013,dev_001,Kitchen,285,74.32,40.09,517,559,60,FIRE,100,Synthetic simulation of FIRE condition,synthetic
2026-09-16 05:43:47.323802+00:00,SYNTH_FIRE_013,dev_001,Kitchen,277,75.45,39.55,529,567,60,FIRE,100,Synthetic simulation of FIRE condition,synthetic
2026-09-16 05:43:48.323802+00:00,SYNTH_FIRE_013,dev_001,Kitchen,266,76.5,39.93,535,572,60,FIRE,100,Synthetic simulation of FIRE condition,synthetic
2026-09-16 05:43:49.323802+00:00,SYNTH_FIRE_013,dev_001,Kitchen,259,76.93,39.47,545,579,60,FIRE,100,Synthetic simulation of FIRE condition,synthetic
2026-09-16 05:43:50.323802+00:00,SYNTH_FIRE_013,dev_001,Kitchen,240,77.4,39.83,543,584,60,FIRE,100,Synthetic simulation of FIRE condition,synthetic
2026-09-16 05:43:51.323802+00:00,SYNTH_FIRE_013,dev_001,Kitchen,242,77.96,39.64,550,588,60,FIRE,100,Synthetic simulation of FIRE condition,synthetic
2026-09-16 05:43:52.323802+00:00,SYNTH_FIRE_013,dev_001,Kitchen,232,78.26,39.9,548,591,60,FIRE,100,Synthetic simulation of FIRE condition,synthetic
2026-09-16 05:43:53.323802+00:00,SYNTH_FIRE_013,dev_001,Kitchen,235,78.87,39.71,554,592,60,FIRE,100,Synthetic simulation of FIRE condition,synthetic
2026-09-16 05:43:54.323802+00:00,SYNTH_FIRE_013,dev_001,Kitchen,231,79.15,39.73,557,597,60,FIRE,100,Synthetic simulation of FIRE condition,synthetic
2026-09-16 05:43:55.323802+00:00,SYNTH_FIRE_013,dev_001,Kitchen,227,78.99,39.61,559,599,60,FIRE,100,Synthetic simulation of FIRE condition,synthetic
2026-09-16 05:43:56.323802+00:00,SYNTH_FIRE_013,dev_001,Kitchen,219,79.0,40.0,563,594,60,FIRE,100,Synthetic simulation of FIRE condition,synthetic
2026-09-16 05:43:57.323802+00:00,SYNTH_FIRE_013,dev_001,Kitchen,218,79.38,39.88,562,604,60,FIRE,100,Synthetic simulation of FIRE condition,synthetic
2026-09-16 05:43:58.323802+00:00,SYNTH_FIRE_013,dev_001,Kitchen,228,79.5,39.83,567,597,60,FIRE,100,Synthetic simulation of FIRE condition,synthetic
2026-09-16 05:43:59.323802+00:00,SYNTH_FIRE_013,dev_001,Kitchen,228,79.62,39.66,562,599,60,FIRE,100,Synthetic simulation of FIRE condition,synthetic
2026-09-16 05:44:00.323802+00:00,SYNTH_FIRE_013,dev_001,Kitchen,221,79.73,39.77,563,609,60,FIRE,100,Synthetic simulation of FIRE condition,synthetic
2026-09-16 05:44:01.323802+00:00,SYNTH_FIRE_013,dev_001,Kitchen,220,79.68,40.25,571,602,60,FIRE,100,Synthetic simulation of FIRE condition,synthetic
2026-09-16 05:44:02.323802+00:00,SYNTH_FIRE_013,dev_001,Kitchen,223,79.95,39.66,562,610,60,FIRE,100,Synthetic simulation of FIRE condition,synthetic
2026-09-16 05:44:03.323802+00:00,SYNTH_FIRE_013,dev_001,Kitchen,218,79.9,39.88,567,606,60,FIRE,100,Synthetic simulation of FIRE condition,synthetic
2026-09-16 05:44:04.323802+00:00,SYNTH_FIRE_013,dev_001,Kitchen,217,79.98,39.98,564,609,60,FIRE,100,Synthetic simulation of FIRE condition,synthetic
2026-09-16 05:44:05.323802+00:00,SYNTH_FIRE_013,dev_001,Kitchen,219,80.18,39.65,568,610,60,FIRE,100,Synthetic simulation of FIRE condition,synthetic
2026-09-16 05:44:06.323802+00:00,SYNTH_FIRE_013,dev_001,Kitchen,219,80.11,39.58,563,612,60,FIRE,100,Synthetic simulation of FIRE condition,synthetic
2026-09-16 05:44:07.323802+00:00,SYNTH_FIRE_013,dev_001,Kitchen,220,80.14,39.65,563,612,60,FIRE,100,Synthetic simulation of FIRE condition,synthetic
2026-09-16 05:44:08.323802+00:00,SYNTH_FIRE_013,dev_001,Kitchen,213,80.07,39.38,569,607,60,FIRE,100,Synthetic simulation of FIRE condition,synthetic
2026-09-16 05:44:09.323802+00:00,SYNTH_FIRE_013,dev_001,Kitchen,217,79.67,39.73,564,609,60,FIRE,100,Synthetic simulation of FIRE condition,synthetic
2026-09-16 05:44:10.323802+00:00,SYNTH_FIRE_013,dev_001,Kitchen,215,80.14,39.51,567,609,60,FIRE,100,Synthetic simulation of FIRE condition,synthetic
2026-09-16 05:44:11.323802+00:00,SYNTH_FIRE_013,dev_001,Kitchen,210,79.97,39.84,568,607,60,FIRE,100,Synthetic simulation of FIRE condition,synthetic
2026-09-16 05:44:12.323802+00:00,SYNTH_FIRE_013,dev_001,Kitchen,216,80.02,39.9,566,608,60,FIRE,100,Synthetic simulation of FIRE condition,synthetic
2026-09-16 05:44:13.323802+00:00,SYNTH_FIRE_013,dev_001,Kitchen,222,80.04,39.57,558,606,60,FIRE,100,Synthetic simulation of FIRE condition,synthetic
2026-09-16 05:44:14.323802+00:00,SYNTH_FIRE_013,dev_001,Kitchen,222,79.86,39.42,567,616,60,FIRE,100,Synthetic simulation of FIRE condition,synthetic
2026-09-16 05:44:15.323802+00:00,SYNTH_FIRE_013,dev_001,Kitchen,221,79.64,39.45,564,608,60,FIRE,100,Synthetic simulation of FIRE condition,synthetic
2026-09-16 05:44:16.323802+00:00,SYNTH_FIRE_013,dev_001,Kitchen,221,79.8,39.53,568,607,60,FIRE,100,Synthetic simulation of FIRE condition,synthetic
2026-09-16 05:44:17.323802+00:00,SYNTH_FIRE_013,dev_001,Kitchen,220,80.01,39.35,567,611,60,FIRE,100,Synthetic simulation of FIRE condition,synthetic
2026-09-16 05:44:18.323802+00:00,SYNTH_FIRE_013,dev_001,Kitchen,209,79.61,39.89,566,609,60,FIRE,100,Synthetic simulation of FIRE condition,synthetic
2026-09-16 05:44:19.323802+00:00,SYNTH_FIRE_013,dev_001,Kitchen,214,80.0,39.57,565,610,60,FIRE,100,Synthetic simulation of FIRE condition,synthetic
2026-09-16 05:44:20.323802+00:00,SYNTH_FIRE_013,dev_001,Kitchen,210,79.88,40.06,571,608,60,FIRE,100,Synthetic simulation of FIRE condition,synthetic
2026-09-16 05:44:21.323802+00:00,SYNTH_FIRE_013,dev_001,Kitchen,209,80.06,40.1,563,611,60,FIRE,100,Synthetic simulation of FIRE condition,synthetic
2026-09-16 05:44:22.323802+00:00,SYNTH_FIRE_013,dev_001,Kitchen,217,80.04,39.68,569,606,60,FIRE,100,Synthetic simulation of FIRE condition,synthetic
2026-09-16 05:44:23.323802+00:00,SYNTH_FIRE_013,dev_001,Kitchen,222,79.96,40.07,568,608,60,FIRE,100,Synthetic simulation of FIRE condition,synthetic
2026-09-16 05:44:24.323802+00:00,SYNTH_FIRE_013,dev_001,Kitchen,216,79.88,39.74,565,610,60,FIRE,100,Synthetic simulation of FIRE condition,synthetic
2026-09-16 05:44:25.323802+00:00,SYNTH_FIRE_013,dev_001,Kitchen,218,80.02,39.57,565,607,60,FIRE,100,Synthetic simulation of FIRE condition,synthetic
2026-09-16 05:44:26.323802+00:00,SYNTH_FIRE_013,dev_001,Kitchen,220,80.01,39.91,568,609,60,FIRE,100,Synthetic simulation of FIRE condition,synthetic
2026-09-16 05:44:27.323802+00:00,SYNTH_FIRE_013,dev_001,Kitchen,215,79.8,39.65,570,608,60,FIRE,100,Synthetic simulation of FIRE condition,synthetic
2026-09-16 05:44:28.323802+00:00,SYNTH_FIRE_013,dev_001,Kitchen,219,80.11,39.55,564,606,60,FIRE,100,Synthetic simulation of FIRE condition,synthetic
2026-09-16 05:44:29.323802+00:00,SYNTH_FIRE_013,dev_001,Kitchen,215,80.16,39.51,568,607,60,FIRE,100,Synthetic simulation of FIRE condition,synthetic
2026-09-16 05:44:30.323802+00:00,SYNTH_FIRE_013,dev_001,Kitchen,219,79.97,39.81,563,607,60,FIRE,100,Synthetic simulation of FIRE condition,synthetic
2026-09-16 05:44:31.323802+00:00,SYNTH_FIRE_013,dev_001,Kitchen,219,80.01,39.75,564,612,60,FIRE,100,Synthetic simulation of FIRE condition,synthetic
2026-09-16 05:44:32.323802+00:00,SYNTH_FIRE_013,dev_001,Kitchen,219,79.67,40.02,562,606,60,FIRE,100,Synthetic simulation of FIRE condition,synthetic
2026-09-16 05:44:33.323802+00:00,SYNTH_FIRE_013,dev_001,Kitchen,217,79.99,39.38,567,608,60,FIRE,100,Synthetic simulation of FIRE condition,synthetic
2026-09-16 05:44:34.323802+00:00,SYNTH_FIRE_013,dev_001,Kitchen,220,80.14,39.47,567,602,60,FIRE,100,Synthetic simulation of FIRE condition,synthetic
2026-09-16 05:44:35.323802+00:00,SYNTH_FIRE_013,dev_001,Kitchen,220,79.77,39.71,569,612,60,FIRE,100,Synthetic simulation of FIRE condition,synthetic
2026-09-16 05:44:36.323802+00:00,SYNTH_FIRE_013,dev_001,Kitchen,216,80.16,39.92,568,608,60,FIRE,100,Synthetic simulation of FIRE condition,synthetic
2026-09-16 05:44:37.323802+00:00,SYNTH_FIRE_013,dev_001,Kitchen,221,79.9,39.71,568,607,60,FIRE,100,Synthetic simulation of FIRE condition,synthetic
2026-09-16 05:44:38.323802+00:00,SYNTH_FIRE_013,dev_001,Kitchen,214,79.96,39.83,569,607,60,FIRE,100,Synthetic simulation of FIRE condition,synthetic
2026-09-16 05:44:39.323802+00:00,SYNTH_FIRE_013,dev_001,Kitchen,215,79.86,40.07,568,607,60,FIRE,100,Synthetic simulation of FIRE condition,synthetic
2026-09-16 05:44:40.323802+00:00,SYNTH_FIRE_013,dev_001,Kitchen,216,79.83,39.87,564,606,60,FIRE,100,Synthetic simulation of FIRE condition,synthetic
2026-09-16 05:44:41.323802+00:00,SYNTH_FIRE_013,dev_001,Kitchen,215,79.93,40.0,566,610,60,FIRE,100,Synthetic simulation of FIRE condition,synthetic
2026-09-16 05:44:42.323802+00:00,SYNTH_FIRE_013,dev_001,Kitchen,212,80.0,40.09,570,609,60,FIRE,100,Synthetic simulation of FIRE condition,synthetic
2026-09-16 05:44:43.323802+00:00,SYNTH_FIRE_013,dev_001,Kitchen,217,79.94,39.74,568,610,60,FIRE,100,Synthetic simulation of FIRE condition,synthetic
2026-09-16 05:44:44.323802+00:00,SYNTH_FIRE_013,dev_001,Kitchen,219,79.8,39.84,567,609,60,FIRE,100,Synthetic simulation of FIRE condition,synthetic
2026-09-16 05:44:45.323802+00:00,SYNTH_FIRE_013,dev_001,Kitchen,221,79.92,39.91,566,608,60,FIRE,100,Synthetic simulation of FIRE condition,synthetic
2026-09-16 05:44:46.323802+00:00,SYNTH_FIRE_013,dev_001,Kitchen,215,79.96,40.05,568,605,60,FIRE,100,Synthetic simulation of FIRE condition,synthetic
2026-09-16 05:44:47.323802+00:00,SYNTH_FIRE_013,dev_001,Kitchen,216,80.05,39.75,569,610,60,FIRE,100,Synthetic simulation of FIRE condition,synthetic
2026-09-16 05:44:48.323802+00:00,SYNTH_FIRE_013,dev_001,Kitchen,217,79.83,39.99,571,607,60,FIRE,100,Synthetic simulation of FIRE condition,synthetic
2026-09-16 05:44:49.323802+00:00,SYNTH_FIRE_013,dev_001,Kitchen,219,79.85,39.55,566,607,60,FIRE,100,Synthetic simulation of FIRE condition,synthetic
2026-09-16 05:44:50.323802+00:00,SYNTH_FIRE_013,dev_001,Kitchen,222,79.83,39.68,568,611,60,FIRE,100,Synthetic simulation of FIRE condition,synthetic
2026-09-16 05:44:51.323802+00:00,SYNTH_FIRE_013,dev_001,Kitchen,217,79.98,39.88,561,607,60,FIRE,100,Synthetic simulation of FIRE condition,synthetic
2026-09-16 05:44:52.323802+00:00,SYNTH_FIRE_013,dev_001,Kitchen,219,79.73,40.11,571,605,60,FIRE,100,Synthetic simulation of FIRE condition,synthetic
2026-09-16 05:42:53.325820+00:00,SYNTH_FIRE_014,dev_001,Kitchen,897,25.13,52.21,118,107,90,NORMAL,100,Synthetic simulation of FIRE condition,synthetic
2026-09-16 05:42:54.325820+00:00,SYNTH_FIRE_014,dev_001,Kitchen,897,25.1,52.65,122,108,90,NORMAL,100,Synthetic simulation of FIRE condition,synthetic
2026-09-16 05:42:55.325820+00:00,SYNTH_FIRE_014,dev_001,Kitchen,892,25.25,52.26,123,106,90,NORMAL,100,Synthetic simulation of FIRE condition,synthetic
2026-09-16 05:42:56.325820+00:00,SYNTH_FIRE_014,dev_001,Kitchen,899,24.98,52.86,113,108,90,NORMAL,100,Synthetic simulation of FIRE condition,synthetic
2026-09-16 05:42:57.325820+00:00,SYNTH_FIRE_014,dev_001,Kitchen,891,25.11,52.9,122,111,90,NORMAL,100,Synthetic simulation of FIRE condition,synthetic
2026-09-16 05:42:58.325820+00:00,SYNTH_FIRE_014,dev_001,Kitchen,893,25.24,52.99,119,111,90,NORMAL,100,Synthetic simulation of FIRE condition,synthetic
2026-09-16 05:42:59.325820+00:00,SYNTH_FIRE_014,dev_001,Kitchen,895,25.07,52.68,118,115,90,NORMAL,100,Synthetic simulation of FIRE condition,synthetic
2026-09-16 05:43:00.325820+00:00,SYNTH_FIRE_014,dev_001,Kitchen,887,25.11,52.58,119,110,90,NORMAL,100,Synthetic simulation of FIRE condition,synthetic
2026-09-16 05:43:01.325820+00:00,SYNTH_FIRE_014,dev_001,Kitchen,893,25.4,52.58,115,114,90,NORMAL,100,Synthetic simulation of FIRE condition,synthetic
2026-09-16 05:43:02.325820+00:00,SYNTH_FIRE_014,dev_001,Kitchen,896,25.18,52.57,120,111,90,NORMAL,100,Synthetic simulation of FIRE condition,synthetic
2026-09-16 05:43:03.325820+00:00,SYNTH_FIRE_014,dev_001,Kitchen,900,25.17,52.91,114,109,90,NORMAL,100,Synthetic simulation of FIRE condition,synthetic
2026-09-16 05:43:04.325820+00:00,SYNTH_FIRE_014,dev_001,Kitchen,888,25.29,52.72,115,108,90,NORMAL,100,Synthetic simulation of FIRE condition,synthetic
2026-09-16 05:43:05.325820+00:00,SYNTH_FIRE_014,dev_001,Kitchen,897,25.2,52.76,120,107,90,NORMAL,100,Synthetic simulation of FIRE condition,synthetic
2026-09-16 05:43:06.325820+00:00,SYNTH_FIRE_014,dev_001,Kitchen,892,25.15,52.29,117,111,90,NORMAL,100,Synthetic simulation of FIRE condition,synthetic
2026-09-16 05:43:07.325820+00:00,SYNTH_FIRE_014,dev_001,Kitchen,891,25.44,52.31,114,110,90,NORMAL,100,Synthetic simulation of FIRE condition,synthetic
2026-09-16 05:43:08.325820+00:00,SYNTH_FIRE_014,dev_001,Kitchen,892,25.16,52.85,116,108,90,NORMAL,100,Synthetic simulation of FIRE condition,synthetic
2026-09-16 05:43:09.325820+00:00,SYNTH_FIRE_014,dev_001,Kitchen,894,25.39,52.36,115,110,90,NORMAL,100,Synthetic simulation of FIRE condition,synthetic
2026-09-16 05:43:10.325820+00:00,SYNTH_FIRE_014,dev_001,Kitchen,895,25.09,52.55,115,110,90,NORMAL,100,Synthetic simulation of FIRE condition,synthetic
2026-09-16 05:43:11.325820+00:00,SYNTH_FIRE_014,dev_001,Kitchen,893,25.32,52.3,116,107,90,NORMAL,100,Synthetic simulation of FIRE condition,synthetic
2026-09-16 05:43:12.325820+00:00,SYNTH_FIRE_014,dev_001,Kitchen,892,25.24,52.95,119,110,90,NORMAL,100,Synthetic simulation of FIRE condition,synthetic
2026-09-16 05:43:13.325820+00:00,SYNTH_FIRE_014,dev_001,Kitchen,902,25.17,52.43,113,106,90,NORMAL,100,Synthetic simulation of FIRE condition,synthetic
2026-09-16 05:43:14.325820+00:00,SYNTH_FIRE_014,dev_001,Kitchen,894,25.17,52.58,119,109,90,NORMAL,100,Synthetic simulation of FIRE condition,synthetic
2026-09-16 05:43:15.325820+00:00,SYNTH_FIRE_014,dev_001,Kitchen,902,25.16,52.62,115,108,90,NORMAL,100,Synthetic simulation of FIRE condition,synthetic
2026-09-16 05:43:16.325820+00:00,SYNTH_FIRE_014,dev_001,Kitchen,895,25.17,52.67,115,102,90,NORMAL,100,Synthetic simulation of FIRE condition,synthetic
2026-09-16 05:43:17.325820+00:00,SYNTH_FIRE_014,dev_001,Kitchen,881,26.14,40.68,125,114,60,FIRE,100,Synthetic simulation of FIRE condition,synthetic
2026-09-16 05:43:18.325820+00:00,SYNTH_FIRE_014,dev_001,Kitchen,870,26.34,41.21,133,121,60,FIRE,100,Synthetic simulation of FIRE condition,synthetic
2026-09-16 05:43:19.325820+00:00,SYNTH_FIRE_014,dev_001,Kitchen,870,26.57,40.69,127,122,60,FIRE,100,Synthetic simulation of FIRE condition,synthetic
2026-09-16 05:43:20.325820+00:00,SYNTH_FIRE_014,dev_001,Kitchen,873,27.06,40.64,126,129,60,FIRE,100,Synthetic simulation of FIRE condition,synthetic
2026-09-16 05:43:21.325820+00:00,SYNTH_FIRE_014,dev_001,Kitchen,864,27.58,40.81,131,131,60,FIRE,100,Synthetic simulation of FIRE condition,synthetic
2026-09-16 05:43:22.325820+00:00,SYNTH_FIRE_014,dev_001,Kitchen,860,27.8,40.81,147,135,60,FIRE,100,Synthetic simulation of FIRE condition,synthetic
2026-09-16 05:43:23.325820+00:00,SYNTH_FIRE_014,dev_001,Kitchen,858,28.45,40.69,144,143,60,FIRE,100,Synthetic simulation of FIRE condition,synthetic
2026-09-16 05:43:24.325820+00:00,SYNTH_FIRE_014,dev_001,Kitchen,845,29.28,40.37,150,149,60,FIRE,100,Synthetic simulation of FIRE condition,synthetic
2026-09-16 05:43:25.325820+00:00,SYNTH_FIRE_014,dev_001,Kitchen,833,30.35,40.94,160,158,60,FIRE,100,Synthetic simulation of FIRE condition,synthetic
2026-09-16 05:43:26.325820+00:00,SYNTH_FIRE_014,dev_001,Kitchen,816,31.24,40.64,166,159,60,FIRE,100,Synthetic simulation of FIRE condition,synthetic
2026-09-16 05:43:27.325820+00:00,SYNTH_FIRE_014,dev_001,Kitchen,797,32.24,40.62,176,179,60,FIRE,100,Synthetic simulation of FIRE condition,synthetic
2026-09-16 05:43:28.325820+00:00,SYNTH_FIRE_014,dev_001,Kitchen,777,33.55,41.05,189,189,60,FIRE,100,Synthetic simulation of FIRE condition,synthetic
2026-09-16 05:43:29.325820+00:00,SYNTH_FIRE_014,dev_001,Kitchen,763,35.27,40.83,198,203,60,FIRE,100,Synthetic simulation of FIRE condition,synthetic
2026-09-16 05:43:30.325820+00:00,SYNTH_FIRE_014,dev_001,Kitchen,740,37.56,40.75,220,229,60,FIRE,100,Synthetic simulation of FIRE condition,synthetic
2026-09-16 05:43:31.325820+00:00,SYNTH_FIRE_014,dev_001,Kitchen,701,39.46,40.55,239,243,60,FIRE,100,Synthetic simulation of FIRE condition,synthetic
2026-09-16 05:43:32.325820+00:00,SYNTH_FIRE_014,dev_001,Kitchen,673,41.68,40.67,258,268,60,FIRE,100,Synthetic simulation of FIRE condition,synthetic
2026-09-16 05:43:33.325820+00:00,SYNTH_FIRE_014,dev_001,Kitchen,630,44.39,40.46,276,290,60,FIRE,100,Synthetic simulation of FIRE condition,synthetic
2026-09-16 05:43:34.325820+00:00,SYNTH_FIRE_014,dev_001,Kitchen,597,46.88,40.36,304,314,60,FIRE,100,Synthetic simulation of FIRE condition,synthetic
2026-09-16 05:43:35.325820+00:00,SYNTH_FIRE_014,dev_001,Kitchen,570,49.7,40.78,318,342,60,FIRE,100,Synthetic simulation of FIRE condition,synthetic
2026-09-16 05:43:36.325820+00:00,SYNTH_FIRE_014,dev_001,Kitchen,527,52.88,40.71,351,368,60,FIRE,100,Synthetic simulation of FIRE condition,synthetic
2026-09-16 05:43:37.325820+00:00,SYNTH_FIRE_014,dev_001,Kitchen,490,55.6,40.78,370,395,60,FIRE,100,Synthetic simulation of FIRE condition,synthetic
2026-09-16 05:43:38.325820+00:00,SYNTH_FIRE_014,dev_001,Kitchen,449,58.34,40.26,390,420,60,FIRE,100,Synthetic simulation of FIRE condition,synthetic
2026-09-16 05:43:39.325820+00:00,SYNTH_FIRE_014,dev_001,Kitchen,415,60.9,40.63,415,445,60,FIRE,100,Synthetic simulation of FIRE condition,synthetic
2026-09-16 05:43:40.325820+00:00,SYNTH_FIRE_014,dev_001,Kitchen,387,63.3,40.89,435,464,60,FIRE,100,Synthetic simulation of FIRE condition,synthetic
2026-09-16 05:43:41.325820+00:00,SYNTH_FIRE_014,dev_001,Kitchen,349,65.6,40.38,456,493,60,FIRE,100,Synthetic simulation of FIRE condition,synthetic
2026-09-16 05:43:42.325820+00:00,SYNTH_FIRE_014,dev_001,Kitchen,329,67.7,40.97,472,508,60,FIRE,100,Synthetic simulation of FIRE condition,synthetic
2026-09-16 05:43:43.325820+00:00,SYNTH_FIRE_014,dev_001,Kitchen,302,69.53,41.14,480,523,60,FIRE,100,Synthetic simulation of FIRE condition,synthetic
2026-09-16 05:43:44.325820+00:00,SYNTH_FIRE_014,dev_001,Kitchen,276,70.71,40.43,501,541,60,FIRE,100,Synthetic simulation of FIRE condition,synthetic
2026-09-16 05:43:45.325820+00:00,SYNTH_FIRE_014,dev_001,Kitchen,257,72.39,40.76,513,553,60,FIRE,100,Synthetic simulation of FIRE condition,synthetic
2026-09-16 05:43:46.325820+00:00,SYNTH_FIRE_014,dev_001,Kitchen,238,73.56,40.68,518,566,60,FIRE,100,Synthetic simulation of FIRE condition,synthetic
2026-09-16 05:43:47.325820+00:00,SYNTH_FIRE_014,dev_001,Kitchen,231,74.68,40.42,524,571,60,FIRE,100,Synthetic simulation of FIRE condition,synthetic
2026-09-16 05:43:48.325820+00:00,SYNTH_FIRE_014,dev_001,Kitchen,220,75.09,40.93,536,580,60,FIRE,100,Synthetic simulation of FIRE condition,synthetic
2026-09-16 05:43:49.325820+00:00,SYNTH_FIRE_014,dev_001,Kitchen,217,75.88,40.36,542,586,60,FIRE,100,Synthetic simulation of FIRE condition,synthetic
2026-09-16 05:43:50.325820+00:00,SYNTH_FIRE_014,dev_001,Kitchen,202,76.49,40.64,545,593,60,FIRE,100,Synthetic simulation of FIRE condition,synthetic
2026-09-16 05:43:51.325820+00:00,SYNTH_FIRE_014,dev_001,Kitchen,200,76.88,40.58,546,594,60,FIRE,100,Synthetic simulation of FIRE condition,synthetic
2026-09-16 05:43:52.325820+00:00,SYNTH_FIRE_014,dev_001,Kitchen,192,77.21,40.8,547,598,60,FIRE,100,Synthetic simulation of FIRE condition,synthetic
2026-09-16 05:43:53.325820+00:00,SYNTH_FIRE_014,dev_001,Kitchen,191,77.76,40.81,548,600,60,FIRE,100,Synthetic simulation of FIRE condition,synthetic
2026-09-16 05:43:54.325820+00:00,SYNTH_FIRE_014,dev_001,Kitchen,184,77.89,40.39,553,607,60,FIRE,100,Synthetic simulation of FIRE condition,synthetic
2026-09-16 05:43:55.325820+00:00,SYNTH_FIRE_014,dev_001,Kitchen,183,77.76,40.97,551,606,60,FIRE,100,Synthetic simulation of FIRE condition,synthetic
2026-09-16 05:43:56.325820+00:00,SYNTH_FIRE_014,dev_001,Kitchen,180,78.32,40.72,561,612,60,FIRE,100,Synthetic simulation of FIRE condition,synthetic
2026-09-16 05:43:57.325820+00:00,SYNTH_FIRE_014,dev_001,Kitchen,175,78.36,40.83,562,610,60,FIRE,100,Synthetic simulation of FIRE condition,synthetic
2026-09-16 05:43:58.325820+00:00,SYNTH_FIRE_014,dev_001,Kitchen,183,78.64,40.43,563,609,60,FIRE,100,Synthetic simulation of FIRE condition,synthetic
2026-09-16 05:43:59.325820+00:00,SYNTH_FIRE_014,dev_001,Kitchen,174,78.42,40.31,564,614,60,FIRE,100,Synthetic simulation of FIRE condition,synthetic
2026-09-16 05:44:00.325820+00:00,SYNTH_FIRE_014,dev_001,Kitchen,177,78.71,40.13,565,611,60,FIRE,100,Synthetic simulation of FIRE condition,synthetic
2026-09-16 05:44:01.325820+00:00,SYNTH_FIRE_014,dev_001,Kitchen,175,78.86,40.76,569,616,60,FIRE,100,Synthetic simulation of FIRE condition,synthetic
2026-09-16 05:44:02.325820+00:00,SYNTH_FIRE_014,dev_001,Kitchen,183,78.76,40.66,564,611,60,FIRE,100,Synthetic simulation of FIRE condition,synthetic
2026-09-16 05:44:03.325820+00:00,SYNTH_FIRE_014,dev_001,Kitchen,166,78.9,40.55,563,615,60,FIRE,100,Synthetic simulation of FIRE condition,synthetic
2026-09-16 05:44:04.325820+00:00,SYNTH_FIRE_014,dev_001,Kitchen,164,79.07,40.51,564,614,60,FIRE,100,Synthetic simulation of FIRE condition,synthetic
2026-09-16 05:44:05.325820+00:00,SYNTH_FIRE_014,dev_001,Kitchen,175,79.08,40.33,565,615,60,FIRE,100,Synthetic simulation of FIRE condition,synthetic
2026-09-16 05:44:06.325820+00:00,SYNTH_FIRE_014,dev_001,Kitchen,170,79.13,40.84,560,612,60,FIRE,100,Synthetic simulation of FIRE condition,synthetic
2026-09-16 05:44:07.325820+00:00,SYNTH_FIRE_014,dev_001,Kitchen,173,78.99,40.87,565,618,60,FIRE,100,Synthetic simulation of FIRE condition,synthetic
2026-09-16 05:44:08.325820+00:00,SYNTH_FIRE_014,dev_001,Kitchen,175,78.89,40.54,560,614,60,FIRE,100,Synthetic simulation of FIRE condition,synthetic
2026-09-16 05:44:09.325820+00:00,SYNTH_FIRE_014,dev_001,Kitchen,170,79.12,40.62,562,615,60,FIRE,100,Synthetic simulation of FIRE condition,synthetic
2026-09-16 05:44:10.325820+00:00,SYNTH_FIRE_014,dev_001,Kitchen,172,79.08,40.82,562,613,60,FIRE,100,Synthetic simulation of FIRE condition,synthetic
2026-09-16 05:44:11.325820+00:00,SYNTH_FIRE_014,dev_001,Kitchen,168,78.81,40.54,565,616,60,FIRE,100,Synthetic simulation of FIRE condition,synthetic
2026-09-16 05:44:12.325820+00:00,SYNTH_FIRE_014,dev_001,Kitchen,170,79.13,41.03,571,616,60,FIRE,100,Synthetic simulation of FIRE condition,synthetic
2026-09-16 05:44:13.325820+00:00,SYNTH_FIRE_014,dev_001,Kitchen,167,79.15,40.44,560,615,60,FIRE,100,Synthetic simulation of FIRE condition,synthetic
2026-09-16 05:44:14.325820+00:00,SYNTH_FIRE_014,dev_001,Kitchen,175,79.01,40.84,565,612,60,FIRE,100,Synthetic simulation of FIRE condition,synthetic
2026-09-16 05:44:15.325820+00:00,SYNTH_FIRE_014,dev_001,Kitchen,172,79.03,40.7,564,617,60,FIRE,100,Synthetic simulation of FIRE condition,synthetic
2026-09-16 05:44:16.325820+00:00,SYNTH_FIRE_014,dev_001,Kitchen,163,79.06,40.23,566,620,60,FIRE,100,Synthetic simulation of FIRE condition,synthetic
2026-09-16 05:44:17.325820+00:00,SYNTH_FIRE_014,dev_001,Kitchen,176,79.18,40.63,568,617,60,FIRE,100,Synthetic simulation of FIRE condition,synthetic
2026-09-16 05:44:18.325820+00:00,SYNTH_FIRE_014,dev_001,Kitchen,172,79.17,40.34,561,614,60,FIRE,100,Synthetic simulation of FIRE condition,synthetic
2026-09-16 05:44:19.325820+00:00,SYNTH_FIRE_014,dev_001,Kitchen,171,79.28,40.6,563,616,60,FIRE,100,Synthetic simulation of FIRE condition,synthetic
2026-09-16 05:44:20.325820+00:00,SYNTH_FIRE_014,dev_001,Kitchen,175,79.1,40.35,565,614,60,FIRE,100,Synthetic simulation of FIRE condition,synthetic
2026-09-16 05:44:21.325820+00:00,SYNTH_FIRE_014,dev_001,Kitchen,174,79.18,40.81,562,615,60,FIRE,100,Synthetic simulation of FIRE condition,synthetic
2026-09-16 05:44:22.325820+00:00,SYNTH_FIRE_014,dev_001,Kitchen,174,79.14,40.53,569,616,60,FIRE,100,Synthetic simulation of FIRE condition,synthetic
2026-09-16 05:44:23.325820+00:00,SYNTH_FIRE_014,dev_001,Kitchen,169,78.9,40.88,559,614,60,FIRE,100,Synthetic simulation of FIRE condition,synthetic
2026-09-16 05:44:24.325820+00:00,SYNTH_FIRE_014,dev_001,Kitchen,168,79.1,40.29,563,618,60,FIRE,100,Synthetic simulation of FIRE condition,synthetic
2026-09-16 05:44:25.325820+00:00,SYNTH_FIRE_014,dev_001,Kitchen,175,79.05,41.02,566,612,60,FIRE,100,Synthetic simulation of FIRE condition,synthetic
2026-09-16 05:44:26.325820+00:00,SYNTH_FIRE_014,dev_001,Kitchen,174,78.88,40.88,567,612,60,FIRE,100,Synthetic simulation of FIRE condition,synthetic
2026-09-16 05:44:27.325820+00:00,SYNTH_FIRE_014,dev_001,Kitchen,178,78.89,40.73,561,615,60,FIRE,100,Synthetic simulation of FIRE condition,synthetic
2026-09-16 05:44:28.325820+00:00,SYNTH_FIRE_014,dev_001,Kitchen,171,79.15,40.84,565,614,60,FIRE,100,Synthetic simulation of FIRE condition,synthetic
2026-09-16 05:44:29.325820+00:00,SYNTH_FIRE_014,dev_001,Kitchen,165,78.68,40.91,565,615,60,FIRE,100,Synthetic simulation of FIRE condition,synthetic
2026-09-16 05:44:30.325820+00:00,SYNTH_FIRE_014,dev_001,Kitchen,171,79.28,40.73,562,610,60,FIRE,100,Synthetic simulation of FIRE condition,synthetic
2026-09-16 05:44:31.325820+00:00,SYNTH_FIRE_014,dev_001,Kitchen,162,78.91,40.61,560,608,60,FIRE,100,Synthetic simulation of FIRE condition,synthetic
2026-09-16 05:44:32.325820+00:00,SYNTH_FIRE_014,dev_001,Kitchen,168,79.02,40.73,568,616,60,FIRE,100,Synthetic simulation of FIRE condition,synthetic
2026-09-16 05:44:33.325820+00:00,SYNTH_FIRE_014,dev_001,Kitchen,171,78.86,41.0,567,613,60,FIRE,100,Synthetic simulation of FIRE condition,synthetic
2026-09-16 05:44:34.325820+00:00,SYNTH_FIRE_014,dev_001,Kitchen,173,79.3,40.85,562,617,60,FIRE,100,Synthetic simulation of FIRE condition,synthetic
2026-09-16 05:44:35.325820+00:00,SYNTH_FIRE_014,dev_001,Kitchen,173,79.0,40.25,565,612,60,FIRE,100,Synthetic simulation of FIRE condition,synthetic
2026-09-16 05:44:36.325820+00:00,SYNTH_FIRE_014,dev_001,Kitchen,164,79.08,40.76,564,617,60,FIRE,100,Synthetic simulation of FIRE condition,synthetic
2026-09-16 05:44:37.325820+00:00,SYNTH_FIRE_014,dev_001,Kitchen,167,78.97,40.62,565,614,60,FIRE,100,Synthetic simulation of FIRE condition,synthetic
2026-09-16 05:44:38.325820+00:00,SYNTH_FIRE_014,dev_001,Kitchen,170,78.81,40.31,565,615,60,FIRE,100,Synthetic simulation of FIRE condition,synthetic
2026-09-16 05:44:39.325820+00:00,SYNTH_FIRE_014,dev_001,Kitchen,175,78.84,40.64,565,617,60,FIRE,100,Synthetic simulation of FIRE condition,synthetic
2026-09-16 05:44:40.325820+00:00,SYNTH_FIRE_014,dev_001,Kitchen,169,78.82,40.47,568,611,60,FIRE,100,Synthetic simulation of FIRE condition,synthetic
2026-09-16 05:44:41.325820+00:00,SYNTH_FIRE_014,dev_001,Kitchen,161,79.08,40.63,563,610,60,FIRE,100,Synthetic simulation of FIRE condition,synthetic
2026-09-16 05:44:42.325820+00:00,SYNTH_FIRE_014,dev_001,Kitchen,172,79.01,40.54,568,611,60,FIRE,100,Synthetic simulation of FIRE condition,synthetic
2026-09-16 05:44:43.325820+00:00,SYNTH_FIRE_014,dev_001,Kitchen,170,79.14,40.41,564,609,60,FIRE,100,Synthetic simulation of FIRE condition,synthetic
2026-09-16 05:44:44.325820+00:00,SYNTH_FIRE_014,dev_001,Kitchen,177,78.66,40.62,569,612,60,FIRE,100,Synthetic simulation of FIRE condition,synthetic
2026-09-16 05:44:45.325820+00:00,SYNTH_FIRE_014,dev_001,Kitchen,174,79.18,40.75,568,615,60,FIRE,100,Synthetic simulation of FIRE condition,synthetic
2026-09-16 05:44:46.325820+00:00,SYNTH_FIRE_014,dev_001,Kitchen,171,79.05,41.0,563,614,60,FIRE,100,Synthetic simulation of FIRE condition,synthetic
2026-09-16 05:44:47.325820+00:00,SYNTH_FIRE_014,dev_001,Kitchen,169,78.76,40.56,565,610,60,FIRE,100,Synthetic simulation of FIRE condition,synthetic
2026-09-16 05:44:48.325820+00:00,SYNTH_FIRE_014,dev_001,Kitchen,168,79.06,40.46,564,612,60,FIRE,100,Synthetic simulation of FIRE condition,synthetic
2026-09-16 05:44:49.325820+00:00,SYNTH_FIRE_014,dev_001,Kitchen,181,78.74,40.61,569,612,60,FIRE,100,Synthetic simulation of FIRE condition,synthetic
2026-09-16 05:44:50.325820+00:00,SYNTH_FIRE_014,dev_001,Kitchen,172,78.57,40.37,570,614,60,FIRE,100,Synthetic simulation of FIRE condition,synthetic
2026-09-16 05:44:51.325820+00:00,SYNTH_FIRE_014,dev_001,Kitchen,169,78.86,40.47,563,611,60,FIRE,100,Synthetic simulation of FIRE condition,synthetic
2026-09-16 05:44:52.325820+00:00,SYNTH_FIRE_014,dev_001,Kitchen,164,78.95,40.51,565,614,60,FIRE,100,Synthetic simulation of FIRE condition,synthetic
2026-09-16 05:42:53.326810+00:00,SYNTH_FIRE_015,dev_001,Kitchen,914,25.33,52.36,115,120,90,NORMAL,100,Synthetic simulation of FIRE condition,synthetic
2026-09-16 05:42:54.326810+00:00,SYNTH_FIRE_015,dev_001,Kitchen,922,25.22,52.25,119,117,90,NORMAL,100,Synthetic simulation of FIRE condition,synthetic
2026-09-16 05:42:55.326810+00:00,SYNTH_FIRE_015,dev_001,Kitchen,911,25.32,52.18,117,119,90,NORMAL,100,Synthetic simulation of FIRE condition,synthetic
2026-09-16 05:42:56.326810+00:00,SYNTH_FIRE_015,dev_001,Kitchen,912,25.45,52.68,125,121,90,NORMAL,100,Synthetic simulation of FIRE condition,synthetic
2026-09-16 05:42:57.326810+00:00,SYNTH_FIRE_015,dev_001,Kitchen,921,25.34,52.58,119,119,90,NORMAL,100,Synthetic simulation of FIRE condition,synthetic
2026-09-16 05:42:58.326810+00:00,SYNTH_FIRE_015,dev_001,Kitchen,917,25.38,52.75,116,118,90,NORMAL,100,Synthetic simulation of FIRE condition,synthetic
2026-09-16 05:42:59.326810+00:00,SYNTH_FIRE_015,dev_001,Kitchen,922,25.05,53.06,119,120,90,NORMAL,100,Synthetic simulation of FIRE condition,synthetic
2026-09-16 05:43:00.326810+00:00,SYNTH_FIRE_015,dev_001,Kitchen,919,25.13,52.77,121,116,90,NORMAL,100,Synthetic simulation of FIRE condition,synthetic
2026-09-16 05:43:01.326810+00:00,SYNTH_FIRE_015,dev_001,Kitchen,918,25.16,52.7,115,111,90,NORMAL,100,Synthetic simulation of FIRE condition,synthetic
2026-09-16 05:43:02.326810+00:00,SYNTH_FIRE_015,dev_001,Kitchen,912,25.33,52.43,115,116,90,NORMAL,100,Synthetic simulation of FIRE condition,synthetic
2026-09-16 05:43:03.326810+00:00,SYNTH_FIRE_015,dev_001,Kitchen,923,25.18,52.61,119,125,90,NORMAL,100,Synthetic simulation of FIRE condition,synthetic
2026-09-16 05:43:04.326810+00:00,SYNTH_FIRE_015,dev_001,Kitchen,915,25.27,52.59,117,124,90,NORMAL,100,Synthetic simulation of FIRE condition,synthetic
2026-09-16 05:43:05.326810+00:00,SYNTH_FIRE_015,dev_001,Kitchen,924,25.28,52.57,122,117,90,NORMAL,100,Synthetic simulation of FIRE condition,synthetic
2026-09-16 05:43:06.326810+00:00,SYNTH_FIRE_015,dev_001,Kitchen,920,25.13,52.57,128,118,90,NORMAL,100,Synthetic simulation of FIRE condition,synthetic
2026-09-16 05:43:07.326810+00:00,SYNTH_FIRE_015,dev_001,Kitchen,922,25.28,52.39,117,115,90,NORMAL,100,Synthetic simulation of FIRE condition,synthetic
2026-09-16 05:43:08.326810+00:00,SYNTH_FIRE_015,dev_001,Kitchen,922,25.36,52.42,119,123,90,NORMAL,100,Synthetic simulation of FIRE condition,synthetic
2026-09-16 05:43:09.326810+00:00,SYNTH_FIRE_015,dev_001,Kitchen,919,25.1,52.63,120,116,90,NORMAL,100,Synthetic simulation of FIRE condition,synthetic
2026-09-16 05:43:10.326810+00:00,SYNTH_FIRE_015,dev_001,Kitchen,923,25.39,52.33,117,118,90,NORMAL,100,Synthetic simulation of FIRE condition,synthetic
2026-09-16 05:43:11.326810+00:00,SYNTH_FIRE_015,dev_001,Kitchen,918,24.94,52.81,122,124,90,NORMAL,100,Synthetic simulation of FIRE condition,synthetic
2026-09-16 05:43:12.326810+00:00,SYNTH_FIRE_015,dev_001,Kitchen,917,25.19,52.37,123,118,90,NORMAL,100,Synthetic simulation of FIRE condition,synthetic
2026-09-16 05:43:13.326810+00:00,SYNTH_FIRE_015,dev_001,Kitchen,917,25.42,52.38,117,121,90,NORMAL,100,Synthetic simulation of FIRE condition,synthetic
2026-09-16 05:43:14.326810+00:00,SYNTH_FIRE_015,dev_001,Kitchen,920,25.49,52.4,122,116,90,NORMAL,100,Synthetic simulation of FIRE condition,synthetic
2026-09-16 05:43:15.326810+00:00,SYNTH_FIRE_015,dev_001,Kitchen,918,25.19,52.92,119,114,90,NORMAL,100,Synthetic simulation of FIRE condition,synthetic
2026-09-16 05:43:16.326810+00:00,SYNTH_FIRE_015,dev_001,Kitchen,916,25.27,52.4,119,119,90,NORMAL,100,Synthetic simulation of FIRE condition,synthetic
2026-09-16 05:43:17.326810+00:00,SYNTH_FIRE_015,dev_001,Kitchen,910,26.14,40.89,123,131,135,FIRE,100,Synthetic simulation of FIRE condition,synthetic
2026-09-16 05:43:18.326810+00:00,SYNTH_FIRE_015,dev_001,Kitchen,903,26.48,40.17,129,128,135,FIRE,100,Synthetic simulation of FIRE condition,synthetic
2026-09-16 05:43:19.326810+00:00,SYNTH_FIRE_015,dev_001,Kitchen,899,26.83,40.93,132,135,135,FIRE,100,Synthetic simulation of FIRE condition,synthetic
2026-09-16 05:43:20.326810+00:00,SYNTH_FIRE_015,dev_001,Kitchen,898,26.8,40.35,129,140,135,FIRE,100,Synthetic simulation of FIRE condition,synthetic
2026-09-16 05:43:21.326810+00:00,SYNTH_FIRE_015,dev_001,Kitchen,893,27.11,40.28,135,138,135,FIRE,100,Synthetic simulation of FIRE condition,synthetic
2026-09-16 05:43:22.326810+00:00,SYNTH_FIRE_015,dev_001,Kitchen,892,27.93,40.48,141,149,135,FIRE,100,Synthetic simulation of FIRE condition,synthetic
2026-09-16 05:43:23.326810+00:00,SYNTH_FIRE_015,dev_001,Kitchen,879,28.19,40.61,142,152,135,FIRE,100,Synthetic simulation of FIRE condition,synthetic
2026-09-16 05:43:24.326810+00:00,SYNTH_FIRE_015,dev_001,Kitchen,865,29.06,40.57,153,155,135,FIRE,100,Synthetic simulation of FIRE condition,synthetic
2026-09-16 05:43:25.326810+00:00,SYNTH_FIRE_015,dev_001,Kitchen,859,29.58,40.45,161,163,135,FIRE,100,Synthetic simulation of FIRE condition,synthetic
2026-09-16 05:43:26.326810+00:00,SYNTH_FIRE_015,dev_001,Kitchen,846,30.65,40.53,169,176,135,FIRE,100,Synthetic simulation of FIRE condition,synthetic
2026-09-16 05:43:27.326810+00:00,SYNTH_FIRE_015,dev_001,Kitchen,831,31.9,40.33,174,181,135,FIRE,100,Synthetic simulation of FIRE condition,synthetic
2026-09-16 05:43:28.326810+00:00,SYNTH_FIRE_015,dev_001,Kitchen,811,32.87,40.67,186,204,135,FIRE,100,Synthetic simulation of FIRE condition,synthetic
2026-09-16 05:43:29.326810+00:00,SYNTH_FIRE_015,dev_001,Kitchen,787,34.36,40.54,201,216,135,FIRE,100,Synthetic simulation of FIRE condition,synthetic
2026-09-16 05:43:30.326810+00:00,SYNTH_FIRE_015,dev_001,Kitchen,765,36.04,40.48,220,231,135,FIRE,100,Synthetic simulation of FIRE condition,synthetic
2026-09-16 05:43:31.326810+00:00,SYNTH_FIRE_015,dev_001,Kitchen,738,37.89,40.8,228,251,135,FIRE,100,Synthetic simulation of FIRE condition,synthetic
2026-09-16 05:43:32.326810+00:00,SYNTH_FIRE_015,dev_001,Kitchen,713,39.76,40.56,249,270,135,FIRE,100,Synthetic simulation of FIRE condition,synthetic
2026-09-16 05:43:33.326810+00:00,SYNTH_FIRE_015,dev_001,Kitchen,678,42.26,40.69,267,297,135,FIRE,100,Synthetic simulation of FIRE condition,synthetic
2026-09-16 05:43:34.326810+00:00,SYNTH_FIRE_015,dev_001,Kitchen,648,44.55,40.38,284,323,135,FIRE,100,Synthetic simulation of FIRE condition,synthetic
2026-09-16 05:43:35.326810+00:00,SYNTH_FIRE_015,dev_001,Kitchen,611,47.12,40.43,307,344,135,FIRE,100,Synthetic simulation of FIRE condition,synthetic
2026-09-16 05:43:36.326810+00:00,SYNTH_FIRE_015,dev_001,Kitchen,573,49.7,40.55,331,371,135,FIRE,100,Synthetic simulation of FIRE condition,synthetic
2026-09-16 05:43:37.326810+00:00,SYNTH_FIRE_015,dev_001,Kitchen,538,51.77,40.2,349,397,135,FIRE,100,Synthetic simulation of FIRE condition,synthetic
2026-09-16 05:43:38.326810+00:00,SYNTH_FIRE_015,dev_001,Kitchen,503,54.62,40.23,371,426,135,FIRE,100,Synthetic simulation of FIRE condition,synthetic
2026-09-16 05:43:39.326810+00:00,SYNTH_FIRE_015,dev_001,Kitchen,465,56.74,40.81,396,448,135,FIRE,100,Synthetic simulation of FIRE condition,synthetic
2026-09-16 05:43:40.326810+00:00,SYNTH_FIRE_015,dev_001,Kitchen,431,59.29,39.92,415,470,135,FIRE,100,Synthetic simulation of FIRE condition,synthetic
2026-09-16 05:43:41.326810+00:00,SYNTH_FIRE_015,dev_001,Kitchen,411,61.08,41.16,431,489,135,FIRE,100,Synthetic simulation of FIRE condition,synthetic
2026-09-16 05:43:42.326810+00:00,SYNTH_FIRE_015,dev_001,Kitchen,385,62.68,41.13,441,510,135,FIRE,100,Synthetic simulation of FIRE condition,synthetic
2026-09-16 05:43:43.326810+00:00,SYNTH_FIRE_015,dev_001,Kitchen,365,64.51,40.29,460,532,135,FIRE,100,Synthetic simulation of FIRE condition,synthetic
2026-09-16 05:43:44.326810+00:00,SYNTH_FIRE_015,dev_001,Kitchen,346,65.64,40.15,473,541,135,FIRE,100,Synthetic simulation of FIRE condition,synthetic
2026-09-16 05:43:45.326810+00:00,SYNTH_FIRE_015,dev_001,Kitchen,327,67.23,40.64,481,555,135,FIRE,100,Synthetic simulation of FIRE condition,synthetic
2026-09-16 05:43:46.326810+00:00,SYNTH_FIRE_015,dev_001,Kitchen,308,68.22,40.8,497,566,135,FIRE,100,Synthetic simulation of FIRE condition,synthetic
2026-09-16 05:43:47.326810+00:00,SYNTH_FIRE_015,dev_001,Kitchen,299,68.87,40.4,495,578,135,FIRE,100,Synthetic simulation of FIRE condition,synthetic
2026-09-16 05:43:48.326810+00:00,SYNTH_FIRE_015,dev_001,Kitchen,288,69.76,40.38,506,582,135,FIRE,100,Synthetic simulation of FIRE condition,synthetic
2026-09-16 05:43:49.326810+00:00,SYNTH_FIRE_015,dev_001,Kitchen,282,70.3,40.49,512,590,135,FIRE,100,Synthetic simulation of FIRE condition,synthetic
2026-09-16 05:43:50.326810+00:00,SYNTH_FIRE_015,dev_001,Kitchen,274,70.92,40.65,516,591,135,FIRE,100,Synthetic simulation of FIRE condition,synthetic
2026-09-16 05:43:51.326810+00:00,SYNTH_FIRE_015,dev_001,Kitchen,271,71.09,40.77,515,600,135,FIRE,100,Synthetic simulation of FIRE condition,synthetic
2026-09-16 05:43:52.326810+00:00,SYNTH_FIRE_015,dev_001,Kitchen,260,71.51,40.8,526,602,135,FIRE,100,Synthetic simulation of FIRE condition,synthetic
2026-09-16 05:43:53.326810+00:00,SYNTH_FIRE_015,dev_001,Kitchen,256,71.64,40.87,525,604,135,FIRE,100,Synthetic simulation of FIRE condition,synthetic
2026-09-16 05:43:54.326810+00:00,SYNTH_FIRE_015,dev_001,Kitchen,261,72.16,40.81,522,606,135,FIRE,100,Synthetic simulation of FIRE condition,synthetic
2026-09-16 05:43:55.326810+00:00,SYNTH_FIRE_015,dev_001,Kitchen,252,72.23,40.59,527,609,135,FIRE,100,Synthetic simulation of FIRE condition,synthetic
2026-09-16 05:43:56.326810+00:00,SYNTH_FIRE_015,dev_001,Kitchen,254,72.52,40.34,530,614,135,FIRE,100,Synthetic simulation of FIRE condition,synthetic
2026-09-16 05:43:57.326810+00:00,SYNTH_FIRE_015,dev_001,Kitchen,250,72.38,40.78,533,613,135,FIRE,100,Synthetic simulation of FIRE condition,synthetic
2026-09-16 05:43:58.326810+00:00,SYNTH_FIRE_015,dev_001,Kitchen,247,72.56,40.53,527,613,135,FIRE,100,Synthetic simulation of FIRE condition,synthetic
2026-09-16 05:43:59.326810+00:00,SYNTH_FIRE_015,dev_001,Kitchen,248,72.87,40.67,529,616,135,FIRE,100,Synthetic simulation of FIRE condition,synthetic
2026-09-16 05:44:00.326810+00:00,SYNTH_FIRE_015,dev_001,Kitchen,244,72.82,40.69,538,614,135,FIRE,100,Synthetic simulation of FIRE condition,synthetic
2026-09-16 05:44:01.326810+00:00,SYNTH_FIRE_015,dev_001,Kitchen,246,72.56,40.77,529,614,135,FIRE,100,Synthetic simulation of FIRE condition,synthetic
2026-09-16 05:44:02.326810+00:00,SYNTH_FIRE_015,dev_001,Kitchen,240,72.73,40.56,529,616,135,FIRE,100,Synthetic simulation of FIRE condition,synthetic
2026-09-16 05:44:03.326810+00:00,SYNTH_FIRE_015,dev_001,Kitchen,244,72.93,40.57,535,616,135,FIRE,100,Synthetic simulation of FIRE condition,synthetic
2026-09-16 05:44:04.326810+00:00,SYNTH_FIRE_015,dev_001,Kitchen,245,72.61,40.36,534,614,135,FIRE,100,Synthetic simulation of FIRE condition,synthetic
2026-09-16 05:44:05.326810+00:00,SYNTH_FIRE_015,dev_001,Kitchen,245,72.9,40.21,536,617,135,FIRE,100,Synthetic simulation of FIRE condition,synthetic
2026-09-16 05:44:06.326810+00:00,SYNTH_FIRE_015,dev_001,Kitchen,249,73.15,41.06,534,616,135,FIRE,100,Synthetic simulation of FIRE condition,synthetic
2026-09-16 05:44:07.326810+00:00,SYNTH_FIRE_015,dev_001,Kitchen,242,72.97,40.63,537,617,135,FIRE,100,Synthetic simulation of FIRE condition,synthetic
2026-09-16 05:44:08.326810+00:00,SYNTH_FIRE_015,dev_001,Kitchen,238,73.03,40.35,535,618,135,FIRE,100,Synthetic simulation of FIRE condition,synthetic
2026-09-16 05:44:09.326810+00:00,SYNTH_FIRE_015,dev_001,Kitchen,237,72.9,40.8,539,617,135,FIRE,100,Synthetic simulation of FIRE condition,synthetic
2026-09-16 05:44:10.326810+00:00,SYNTH_FIRE_015,dev_001,Kitchen,241,72.88,40.85,533,614,135,FIRE,100,Synthetic simulation of FIRE condition,synthetic
2026-09-16 05:44:11.326810+00:00,SYNTH_FIRE_015,dev_001,Kitchen,245,73.05,41.11,535,614,135,FIRE,100,Synthetic simulation of FIRE condition,synthetic
2026-09-16 05:44:12.326810+00:00,SYNTH_FIRE_015,dev_001,Kitchen,241,72.94,40.92,534,620,135,FIRE,100,Synthetic simulation of FIRE condition,synthetic
2026-09-16 05:44:13.326810+00:00,SYNTH_FIRE_015,dev_001,Kitchen,241,73.0,40.4,537,619,135,FIRE,100,Synthetic simulation of FIRE condition,synthetic
2026-09-16 05:44:14.326810+00:00,SYNTH_FIRE_015,dev_001,Kitchen,246,73.0,40.18,536,617,135,FIRE,100,Synthetic simulation of FIRE condition,synthetic
2026-09-16 05:44:15.326810+00:00,SYNTH_FIRE_015,dev_001,Kitchen,243,72.73,40.25,528,618,135,FIRE,100,Synthetic simulation of FIRE condition,synthetic
2026-09-16 05:44:16.326810+00:00,SYNTH_FIRE_015,dev_001,Kitchen,244,73.17,40.91,533,617,135,FIRE,100,Synthetic simulation of FIRE condition,synthetic
2026-09-16 05:44:17.326810+00:00,SYNTH_FIRE_015,dev_001,Kitchen,241,72.94,40.35,535,617,135,FIRE,100,Synthetic simulation of FIRE condition,synthetic
2026-09-16 05:44:18.326810+00:00,SYNTH_FIRE_015,dev_001,Kitchen,251,73.11,40.36,533,616,135,FIRE,100,Synthetic simulation of FIRE condition,synthetic
2026-09-16 05:44:19.326810+00:00,SYNTH_FIRE_015,dev_001,Kitchen,245,72.98,40.25,532,619,135,FIRE,100,Synthetic simulation of FIRE condition,synthetic
2026-09-16 05:44:20.326810+00:00,SYNTH_FIRE_015,dev_001,Kitchen,235,72.82,40.57,535,619,135,FIRE,100,Synthetic simulation of FIRE condition,synthetic
2026-09-16 05:44:21.326810+00:00,SYNTH_FIRE_015,dev_001,Kitchen,244,72.89,40.74,532,616,135,FIRE,100,Synthetic simulation of FIRE condition,synthetic
2026-09-16 05:44:22.326810+00:00,SYNTH_FIRE_015,dev_001,Kitchen,240,73.02,40.96,533,618,135,FIRE,100,Synthetic simulation of FIRE condition,synthetic
2026-09-16 05:44:23.326810+00:00,SYNTH_FIRE_015,dev_001,Kitchen,242,72.95,40.61,534,615,135,FIRE,100,Synthetic simulation of FIRE condition,synthetic
2026-09-16 05:44:24.326810+00:00,SYNTH_FIRE_015,dev_001,Kitchen,245,72.89,40.98,534,614,135,FIRE,100,Synthetic simulation of FIRE condition,synthetic
2026-09-16 05:44:25.326810+00:00,SYNTH_FIRE_015,dev_001,Kitchen,237,73.15,41.04,534,621,135,FIRE,100,Synthetic simulation of FIRE condition,synthetic
2026-09-16 05:44:26.326810+00:00,SYNTH_FIRE_015,dev_001,Kitchen,240,72.89,40.7,533,612,135,FIRE,100,Synthetic simulation of FIRE condition,synthetic
2026-09-16 05:44:27.326810+00:00,SYNTH_FIRE_015,dev_001,Kitchen,242,72.72,40.26,535,617,135,FIRE,100,Synthetic simulation of FIRE condition,synthetic
2026-09-16 05:44:28.326810+00:00,SYNTH_FIRE_015,dev_001,Kitchen,250,72.98,40.55,536,619,135,FIRE,100,Synthetic simulation of FIRE condition,synthetic
2026-09-16 05:44:29.326810+00:00,SYNTH_FIRE_015,dev_001,Kitchen,242,72.83,40.88,535,618,135,FIRE,100,Synthetic simulation of FIRE condition,synthetic
2026-09-16 05:44:30.326810+00:00,SYNTH_FIRE_015,dev_001,Kitchen,250,72.81,40.7,535,619,135,FIRE,100,Synthetic simulation of FIRE condition,synthetic
2026-09-16 05:44:31.326810+00:00,SYNTH_FIRE_015,dev_001,Kitchen,244,72.79,40.67,537,616,135,FIRE,100,Synthetic simulation of FIRE condition,synthetic
2026-09-16 05:44:32.326810+00:00,SYNTH_FIRE_015,dev_001,Kitchen,236,72.78,40.35,529,618,135,FIRE,100,Synthetic simulation of FIRE condition,synthetic
2026-09-16 05:44:33.326810+00:00,SYNTH_FIRE_015,dev_001,Kitchen,243,73.04,40.19,532,616,135,FIRE,100,Synthetic simulation of FIRE condition,synthetic
2026-09-16 05:44:34.326810+00:00,SYNTH_FIRE_015,dev_001,Kitchen,249,72.75,40.39,531,620,135,FIRE,100,Synthetic simulation of FIRE condition,synthetic
2026-09-16 05:44:35.326810+00:00,SYNTH_FIRE_015,dev_001,Kitchen,244,73.09,40.58,540,613,135,FIRE,100,Synthetic simulation of FIRE condition,synthetic
2026-09-16 05:44:36.326810+00:00,SYNTH_FIRE_015,dev_001,Kitchen,249,72.69,40.71,535,619,135,FIRE,100,Synthetic simulation of FIRE condition,synthetic
2026-09-16 05:44:37.326810+00:00,SYNTH_FIRE_015,dev_001,Kitchen,246,72.84,40.49,530,620,135,FIRE,100,Synthetic simulation of FIRE condition,synthetic
2026-09-16 05:44:38.326810+00:00,SYNTH_FIRE_015,dev_001,Kitchen,245,73.05,40.45,534,617,135,FIRE,100,Synthetic simulation of FIRE condition,synthetic
2026-09-16 05:44:39.326810+00:00,SYNTH_FIRE_015,dev_001,Kitchen,240,72.94,40.72,532,616,135,FIRE,100,Synthetic simulation of FIRE condition,synthetic
2026-09-16 05:44:40.326810+00:00,SYNTH_FIRE_015,dev_001,Kitchen,244,72.82,40.48,534,615,135,FIRE,100,Synthetic simulation of FIRE condition,synthetic
2026-09-16 05:44:41.326810+00:00,SYNTH_FIRE_015,dev_001,Kitchen,243,72.87,40.84,532,613,135,FIRE,100,Synthetic simulation of FIRE condition,synthetic
2026-09-16 05:44:42.326810+00:00,SYNTH_FIRE_015,dev_001,Kitchen,238,72.97,40.8,533,619,135,FIRE,100,Synthetic simulation of FIRE condition,synthetic
2026-09-16 05:44:43.326810+00:00,SYNTH_FIRE_015,dev_001,Kitchen,245,72.84,40.62,531,617,135,FIRE,100,Synthetic simulation of FIRE condition,synthetic
2026-09-16 05:44:44.326810+00:00,SYNTH_FIRE_015,dev_001,Kitchen,245,72.66,40.87,538,619,135,FIRE,100,Synthetic simulation of FIRE condition,synthetic
2026-09-16 05:44:45.326810+00:00,SYNTH_FIRE_015,dev_001,Kitchen,246,72.76,41.11,533,616,135,FIRE,100,Synthetic simulation of FIRE condition,synthetic
2026-09-16 05:44:46.326810+00:00,SYNTH_FIRE_015,dev_001,Kitchen,237,72.96,40.49,530,613,135,FIRE,100,Synthetic simulation of FIRE condition,synthetic
2026-09-16 05:44:47.326810+00:00,SYNTH_FIRE_015,dev_001,Kitchen,243,73.14,40.76,538,618,135,FIRE,100,Synthetic simulation of FIRE condition,synthetic
2026-09-16 05:44:48.326810+00:00,SYNTH_FIRE_015,dev_001,Kitchen,246,73.15,40.36,534,612,135,FIRE,100,Synthetic simulation of FIRE condition,synthetic
2026-09-16 05:44:49.326810+00:00,SYNTH_FIRE_015,dev_001,Kitchen,249,72.96,40.53,538,614,135,FIRE,100,Synthetic simulation of FIRE condition,synthetic
2026-09-16 05:44:50.326810+00:00,SYNTH_FIRE_015,dev_001,Kitchen,247,72.75,40.77,533,618,135,FIRE,100,Synthetic simulation of FIRE condition,synthetic
2026-09-16 05:44:51.326810+00:00,SYNTH_FIRE_015,dev_001,Kitchen,245,72.84,40.37,539,616,135,FIRE,100,Synthetic simulation of FIRE condition,synthetic
2026-09-16 05:44:52.326810+00:00,SYNTH_FIRE_015,dev_001,Kitchen,238,72.87,40.22,534,615,135,FIRE,100,Synthetic simulation of FIRE condition,synthetic
2026-09-16 05:42:53.260770+00:00,SYNTH_NORM_001,dev_001,Kitchen,887,25.16,51.17,119,101,90,NORMAL,0,Synthetic simulation of NORMAL condition,synthetic
2026-09-16 05:42:54.260770+00:00,SYNTH_NORM_001,dev_001,Kitchen,889,25.23,51.58,115,103,90,NORMAL,0,Synthetic simulation of NORMAL condition,synthetic
2026-09-16 05:42:55.260770+00:00,SYNTH_NORM_001,dev_001,Kitchen,883,25.49,51.6,120,100,90,NORMAL,0,Synthetic simulation of NORMAL condition,synthetic
2026-09-16 05:42:56.260770+00:00,SYNTH_NORM_001,dev_001,Kitchen,885,25.26,51.57,116,103,90,NORMAL,0,Synthetic simulation of NORMAL condition,synthetic
2026-09-16 05:42:57.260770+00:00,SYNTH_NORM_001,dev_001,Kitchen,883,25.36,51.2,117,101,90,NORMAL,0,Synthetic simulation of NORMAL condition,synthetic
2026-09-16 05:42:58.260770+00:00,SYNTH_NORM_001,dev_001,Kitchen,891,25.41,51.38,121,106,90,NORMAL,0,Synthetic simulation of NORMAL condition,synthetic
2026-09-16 05:42:59.260770+00:00,SYNTH_NORM_001,dev_001,Kitchen,883,25.33,51.33,115,100,90,NORMAL,0,Synthetic simulation of NORMAL condition,synthetic
2026-09-16 05:43:00.260770+00:00,SYNTH_NORM_001,dev_001,Kitchen,888,25.36,51.17,120,102,90,NORMAL,0,Synthetic simulation of NORMAL condition,synthetic
2026-09-16 05:43:01.260770+00:00,SYNTH_NORM_001,dev_001,Kitchen,883,25.26,51.12,117,106,90,NORMAL,0,Synthetic simulation of NORMAL condition,synthetic
2026-09-16 05:43:02.260770+00:00,SYNTH_NORM_001,dev_001,Kitchen,880,25.17,51.38,122,105,90,NORMAL,0,Synthetic simulation of NORMAL condition,synthetic
2026-09-16 05:43:03.260770+00:00,SYNTH_NORM_001,dev_001,Kitchen,883,25.48,51.46,119,102,90,NORMAL,0,Synthetic simulation of NORMAL condition,synthetic
2026-09-16 05:43:04.260770+00:00,SYNTH_NORM_001,dev_001,Kitchen,884,25.31,51.29,120,103,90,NORMAL,0,Synthetic simulation of NORMAL condition,synthetic
2026-09-16 05:43:05.260770+00:00,SYNTH_NORM_001,dev_001,Kitchen,886,25.35,51.13,123,100,90,NORMAL,0,Synthetic simulation of NORMAL condition,synthetic
2026-09-16 05:43:06.260770+00:00,SYNTH_NORM_001,dev_001,Kitchen,886,25.32,51.81,113,104,90,NORMAL,0,Synthetic simulation of NORMAL condition,synthetic
2026-09-16 05:43:07.260770+00:00,SYNTH_NORM_001,dev_001,Kitchen,885,25.33,51.28,121,105,90,NORMAL,0,Synthetic simulation of NORMAL condition,synthetic
2026-09-16 05:43:08.260770+00:00,SYNTH_NORM_001,dev_001,Kitchen,887,25.35,51.28,120,101,90,NORMAL,0,Synthetic simulation of NORMAL condition,synthetic
2026-09-16 05:43:09.260770+00:00,SYNTH_NORM_001,dev_001,Kitchen,885,25.32,51.48,122,102,90,NORMAL,0,Synthetic simulation of NORMAL condition,synthetic
2026-09-16 05:43:10.260770+00:00,SYNTH_NORM_001,dev_001,Kitchen,888,25.24,51.55,122,103,90,NORMAL,0,Synthetic simulation of NORMAL condition,synthetic
2026-09-16 05:43:11.260770+00:00,SYNTH_NORM_001,dev_001,Kitchen,883,25.46,51.18,117,108,90,NORMAL,0,Synthetic simulation of NORMAL condition,synthetic
2026-09-16 05:43:12.260770+00:00,SYNTH_NORM_001,dev_001,Kitchen,886,25.54,51.45,119,106,90,NORMAL,0,Synthetic simulation of NORMAL condition,synthetic
2026-09-16 05:43:13.260770+00:00,SYNTH_NORM_001,dev_001,Kitchen,884,25.23,51.94,117,99,90,NORMAL,0,Synthetic simulation of NORMAL condition,synthetic
2026-09-16 05:43:14.260770+00:00,SYNTH_NORM_001,dev_001,Kitchen,888,25.37,51.27,119,103,90,NORMAL,0,Synthetic simulation of NORMAL condition,synthetic
2026-09-16 05:43:15.260770+00:00,SYNTH_NORM_001,dev_001,Kitchen,879,25.12,51.46,123,102,90,NORMAL,0,Synthetic simulation of NORMAL condition,synthetic
2026-09-16 05:43:16.260770+00:00,SYNTH_NORM_001,dev_001,Kitchen,896,25.39,51.25,120,102,90,NORMAL,0,Synthetic simulation of NORMAL condition,synthetic
2026-09-16 05:43:17.260770+00:00,SYNTH_NORM_001,dev_001,Kitchen,886,25.24,51.4,123,108,90,NORMAL,0,Synthetic simulation of NORMAL condition,synthetic
2026-09-16 05:43:18.260770+00:00,SYNTH_NORM_001,dev_001,Kitchen,885,25.5,51.18,109,104,90,NORMAL,0,Synthetic simulation of NORMAL condition,synthetic
2026-09-16 05:43:19.260770+00:00,SYNTH_NORM_001,dev_001,Kitchen,881,25.61,51.33,124,104,90,NORMAL,0,Synthetic simulation of NORMAL condition,synthetic
2026-09-16 05:43:20.260770+00:00,SYNTH_NORM_001,dev_001,Kitchen,885,25.33,50.92,119,100,90,NORMAL,0,Synthetic simulation of NORMAL condition,synthetic
2026-09-16 05:43:21.260770+00:00,SYNTH_NORM_001,dev_001,Kitchen,889,25.38,51.5,118,102,90,NORMAL,0,Synthetic simulation of NORMAL condition,synthetic
2026-09-16 05:43:22.260770+00:00,SYNTH_NORM_001,dev_001,Kitchen,884,25.15,51.24,114,102,90,NORMAL,0,Synthetic simulation of NORMAL condition,synthetic
2026-09-16 05:43:23.260770+00:00,SYNTH_NORM_001,dev_001,Kitchen,890,25.38,51.12,115,106,90,NORMAL,0,Synthetic simulation of NORMAL condition,synthetic
2026-09-16 05:43:24.260770+00:00,SYNTH_NORM_001,dev_001,Kitchen,891,25.27,51.49,119,103,90,NORMAL,0,Synthetic simulation of NORMAL condition,synthetic
2026-09-16 05:43:25.260770+00:00,SYNTH_NORM_001,dev_001,Kitchen,887,25.41,51.09,119,104,90,NORMAL,0,Synthetic simulation of NORMAL condition,synthetic
2026-09-16 05:43:26.260770+00:00,SYNTH_NORM_001,dev_001,Kitchen,884,25.03,51.41,118,106,90,NORMAL,0,Synthetic simulation of NORMAL condition,synthetic
2026-09-16 05:43:27.260770+00:00,SYNTH_NORM_001,dev_001,Kitchen,884,25.23,51.1,120,104,90,NORMAL,0,Synthetic simulation of NORMAL condition,synthetic
2026-09-16 05:43:28.260770+00:00,SYNTH_NORM_001,dev_001,Kitchen,880,25.29,50.98,118,102,90,NORMAL,0,Synthetic simulation of NORMAL condition,synthetic
2026-09-16 05:43:29.260770+00:00,SYNTH_NORM_001,dev_001,Kitchen,893,24.84,51.5,120,106,90,NORMAL,0,Synthetic simulation of NORMAL condition,synthetic
2026-09-16 05:43:30.260770+00:00,SYNTH_NORM_001,dev_001,Kitchen,878,25.23,51.3,123,105,90,NORMAL,0,Synthetic simulation of NORMAL condition,synthetic
2026-09-16 05:43:31.260770+00:00,SYNTH_NORM_001,dev_001,Kitchen,892,25.19,51.62,118,104,90,NORMAL,0,Synthetic simulation of NORMAL condition,synthetic
2026-09-16 05:43:32.260770+00:00,SYNTH_NORM_001,dev_001,Kitchen,883,25.35,51.45,119,96,90,NORMAL,0,Synthetic simulation of NORMAL condition,synthetic
2026-09-16 05:43:33.260770+00:00,SYNTH_NORM_001,dev_001,Kitchen,892,25.36,51.24,123,99,90,NORMAL,0,Synthetic simulation of NORMAL condition,synthetic
2026-09-16 05:43:34.260770+00:00,SYNTH_NORM_001,dev_001,Kitchen,881,25.45,51.24,120,106,90,NORMAL,0,Synthetic simulation of NORMAL condition,synthetic
2026-09-16 05:43:35.260770+00:00,SYNTH_NORM_001,dev_001,Kitchen,889,25.17,51.6,118,101,90,NORMAL,0,Synthetic simulation of NORMAL condition,synthetic
2026-09-16 05:43:36.260770+00:00,SYNTH_NORM_001,dev_001,Kitchen,891,25.26,51.64,118,103,90,NORMAL,0,Synthetic simulation of NORMAL condition,synthetic
2026-09-16 05:43:37.260770+00:00,SYNTH_NORM_001,dev_001,Kitchen,880,25.31,51.35,122,100,90,NORMAL,0,Synthetic simulation of NORMAL condition,synthetic
2026-09-16 05:43:38.260770+00:00,SYNTH_NORM_001,dev_001,Kitchen,886,25.28,51.22,126,103,90,NORMAL,0,Synthetic simulation of NORMAL condition,synthetic
2026-09-16 05:43:39.260770+00:00,SYNTH_NORM_001,dev_001,Kitchen,888,25.28,51.36,120,104,90,NORMAL,0,Synthetic simulation of NORMAL condition,synthetic
2026-09-16 05:43:40.260770+00:00,SYNTH_NORM_001,dev_001,Kitchen,883,25.0,51.52,116,102,90,NORMAL,0,Synthetic simulation of NORMAL condition,synthetic
2026-09-16 05:43:41.260770+00:00,SYNTH_NORM_001,dev_001,Kitchen,889,25.23,51.05,116,100,90,NORMAL,0,Synthetic simulation of NORMAL condition,synthetic
2026-09-16 05:43:42.260770+00:00,SYNTH_NORM_001,dev_001,Kitchen,880,25.36,51.28,121,99,90,NORMAL,0,Synthetic simulation of NORMAL condition,synthetic
2026-09-16 05:43:43.260770+00:00,SYNTH_NORM_001,dev_001,Kitchen,882,25.19,51.01,123,105,90,NORMAL,0,Synthetic simulation of NORMAL condition,synthetic
2026-09-16 05:43:44.260770+00:00,SYNTH_NORM_001,dev_001,Kitchen,883,25.23,51.73,122,102,90,NORMAL,0,Synthetic simulation of NORMAL condition,synthetic
2026-09-16 05:43:45.260770+00:00,SYNTH_NORM_001,dev_001,Kitchen,879,25.47,51.16,117,102,90,NORMAL,0,Synthetic simulation of NORMAL condition,synthetic
2026-09-16 05:43:46.260770+00:00,SYNTH_NORM_001,dev_001,Kitchen,882,25.6,51.25,117,98,90,NORMAL,0,Synthetic simulation of NORMAL condition,synthetic
2026-09-16 05:43:47.260770+00:00,SYNTH_NORM_001,dev_001,Kitchen,887,25.17,51.11,118,108,90,NORMAL,0,Synthetic simulation of NORMAL condition,synthetic
2026-09-16 05:43:48.260770+00:00,SYNTH_NORM_001,dev_001,Kitchen,879,25.43,51.2,120,101,90,NORMAL,0,Synthetic simulation of NORMAL condition,synthetic
2026-09-16 05:43:49.260770+00:00,SYNTH_NORM_001,dev_001,Kitchen,889,25.48,51.06,123,104,90,NORMAL,0,Synthetic simulation of NORMAL condition,synthetic
2026-09-16 05:43:50.260770+00:00,SYNTH_NORM_001,dev_001,Kitchen,882,25.31,51.2,118,102,90,NORMAL,0,Synthetic simulation of NORMAL condition,synthetic
2026-09-16 05:43:51.260770+00:00,SYNTH_NORM_001,dev_001,Kitchen,889,25.58,51.59,117,106,90,NORMAL,0,Synthetic simulation of NORMAL condition,synthetic
2026-09-16 05:43:52.260770+00:00,SYNTH_NORM_001,dev_001,Kitchen,890,25.71,51.46,118,100,90,NORMAL,0,Synthetic simulation of NORMAL condition,synthetic
2026-09-16 05:43:53.260770+00:00,SYNTH_NORM_001,dev_001,Kitchen,889,25.49,51.22,117,105,90,NORMAL,0,Synthetic simulation of NORMAL condition,synthetic
2026-09-16 05:43:54.260770+00:00,SYNTH_NORM_001,dev_001,Kitchen,885,25.76,51.71,112,105,90,NORMAL,0,Synthetic simulation of NORMAL condition,synthetic
2026-09-16 05:43:55.260770+00:00,SYNTH_NORM_001,dev_001,Kitchen,887,25.29,51.44,116,102,90,NORMAL,0,Synthetic simulation of NORMAL condition,synthetic
2026-09-16 05:43:56.260770+00:00,SYNTH_NORM_001,dev_001,Kitchen,880,25.47,50.95,118,100,90,NORMAL,0,Synthetic simulation of NORMAL condition,synthetic
2026-09-16 05:43:57.260770+00:00,SYNTH_NORM_001,dev_001,Kitchen,885,25.39,51.4,120,102,90,NORMAL,0,Synthetic simulation of NORMAL condition,synthetic
2026-09-16 05:43:58.260770+00:00,SYNTH_NORM_001,dev_001,Kitchen,883,25.39,51.45,118,104,90,NORMAL,0,Synthetic simulation of NORMAL condition,synthetic
2026-09-16 05:43:59.260770+00:00,SYNTH_NORM_001,dev_001,Kitchen,884,25.13,51.09,114,102,90,NORMAL,0,Synthetic simulation of NORMAL condition,synthetic
2026-09-16 05:44:00.260770+00:00,SYNTH_NORM_001,dev_001,Kitchen,885,25.39,51.7,118,105,90,NORMAL,0,Synthetic simulation of NORMAL condition,synthetic
2026-09-16 05:44:01.260770+00:00,SYNTH_NORM_001,dev_001,Kitchen,885,25.34,51.23,122,101,90,NORMAL,0,Synthetic simulation of NORMAL condition,synthetic
2026-09-16 05:44:02.260770+00:00,SYNTH_NORM_001,dev_001,Kitchen,885,25.24,51.24,115,104,90,NORMAL,0,Synthetic simulation of NORMAL condition,synthetic
2026-09-16 05:44:03.260770+00:00,SYNTH_NORM_001,dev_001,Kitchen,889,25.2,51.45,127,103,90,NORMAL,0,Synthetic simulation of NORMAL condition,synthetic
2026-09-16 05:44:04.260770+00:00,SYNTH_NORM_001,dev_001,Kitchen,886,25.19,51.47,117,102,90,NORMAL,0,Synthetic simulation of NORMAL condition,synthetic
2026-09-16 05:44:05.260770+00:00,SYNTH_NORM_001,dev_001,Kitchen,882,25.27,51.54,123,106,90,NORMAL,0,Synthetic simulation of NORMAL condition,synthetic
2026-09-16 05:44:06.260770+00:00,SYNTH_NORM_001,dev_001,Kitchen,888,25.33,51.37,122,105,90,NORMAL,0,Synthetic simulation of NORMAL condition,synthetic
2026-09-16 05:44:07.260770+00:00,SYNTH_NORM_001,dev_001,Kitchen,889,25.59,51.22,121,98,90,NORMAL,0,Synthetic simulation of NORMAL condition,synthetic
2026-09-16 05:44:08.260770+00:00,SYNTH_NORM_001,dev_001,Kitchen,885,25.42,51.1,125,98,90,NORMAL,0,Synthetic simulation of NORMAL condition,synthetic
2026-09-16 05:44:09.260770+00:00,SYNTH_NORM_001,dev_001,Kitchen,884,25.26,50.71,111,106,90,NORMAL,0,Synthetic simulation of NORMAL condition,synthetic
2026-09-16 05:44:10.260770+00:00,SYNTH_NORM_001,dev_001,Kitchen,879,25.59,51.27,118,105,90,NORMAL,0,Synthetic simulation of NORMAL condition,synthetic
2026-09-16 05:44:11.260770+00:00,SYNTH_NORM_001,dev_001,Kitchen,882,25.08,51.08,124,99,90,NORMAL,0,Synthetic simulation of NORMAL condition,synthetic
2026-09-16 05:44:12.260770+00:00,SYNTH_NORM_001,dev_001,Kitchen,886,25.24,51.05,121,104,90,NORMAL,0,Synthetic simulation of NORMAL condition,synthetic
2026-09-16 05:44:13.260770+00:00,SYNTH_NORM_001,dev_001,Kitchen,883,25.12,51.17,121,105,90,NORMAL,0,Synthetic simulation of NORMAL condition,synthetic
2026-09-16 05:44:14.260770+00:00,SYNTH_NORM_001,dev_001,Kitchen,885,25.02,51.62,123,102,90,NORMAL,0,Synthetic simulation of NORMAL condition,synthetic
2026-09-16 05:44:15.260770+00:00,SYNTH_NORM_001,dev_001,Kitchen,890,25.1,51.29,120,104,90,NORMAL,0,Synthetic simulation of NORMAL condition,synthetic
2026-09-16 05:44:16.260770+00:00,SYNTH_NORM_001,dev_001,Kitchen,882,25.49,51.37,118,101,90,NORMAL,0,Synthetic simulation of NORMAL condition,synthetic
2026-09-16 05:44:17.260770+00:00,SYNTH_NORM_001,dev_001,Kitchen,886,25.56,51.18,116,104,90,NORMAL,0,Synthetic simulation of NORMAL condition,synthetic
2026-09-16 05:44:18.260770+00:00,SYNTH_NORM_001,dev_001,Kitchen,886,25.68,51.65,116,104,90,NORMAL,0,Synthetic simulation of NORMAL condition,synthetic
2026-09-16 05:44:19.260770+00:00,SYNTH_NORM_001,dev_001,Kitchen,883,25.33,51.49,119,101,90,NORMAL,0,Synthetic simulation of NORMAL condition,synthetic
2026-09-16 05:44:20.260770+00:00,SYNTH_NORM_001,dev_001,Kitchen,888,25.4,50.95,114,100,90,NORMAL,0,Synthetic simulation of NORMAL condition,synthetic
2026-09-16 05:44:21.260770+00:00,SYNTH_NORM_001,dev_001,Kitchen,886,25.14,51.59,122,102,90,NORMAL,0,Synthetic simulation of NORMAL condition,synthetic
2026-09-16 05:44:22.260770+00:00,SYNTH_NORM_001,dev_001,Kitchen,889,25.46,50.99,121,104,90,NORMAL,0,Synthetic simulation of NORMAL condition,synthetic
2026-09-16 05:44:23.260770+00:00,SYNTH_NORM_001,dev_001,Kitchen,884,25.23,51.48,119,103,90,NORMAL,0,Synthetic simulation of NORMAL condition,synthetic
2026-09-16 05:44:24.260770+00:00,SYNTH_NORM_001,dev_001,Kitchen,890,25.3,51.41,119,103,90,NORMAL,0,Synthetic simulation of NORMAL condition,synthetic
2026-09-16 05:44:25.260770+00:00,SYNTH_NORM_001,dev_001,Kitchen,880,25.12,51.45,123,102,90,NORMAL,0,Synthetic simulation of NORMAL condition,synthetic
2026-09-16 05:44:26.260770+00:00,SYNTH_NORM_001,dev_001,Kitchen,893,25.29,51.28,116,104,90,NORMAL,0,Synthetic simulation of NORMAL condition,synthetic
2026-09-16 05:44:27.260770+00:00,SYNTH_NORM_001,dev_001,Kitchen,885,25.4,51.34,121,101,90,NORMAL,0,Synthetic simulation of NORMAL condition,synthetic
2026-09-16 05:44:28.260770+00:00,SYNTH_NORM_001,dev_001,Kitchen,893,25.25,51.4,119,103,90,NORMAL,0,Synthetic simulation of NORMAL condition,synthetic
2026-09-16 05:44:29.260770+00:00,SYNTH_NORM_001,dev_001,Kitchen,887,25.51,51.44,121,103,90,NORMAL,0,Synthetic simulation of NORMAL condition,synthetic
2026-09-16 05:44:30.260770+00:00,SYNTH_NORM_001,dev_001,Kitchen,882,25.4,51.3,120,100,90,NORMAL,0,Synthetic simulation of NORMAL condition,synthetic
2026-09-16 05:44:31.260770+00:00,SYNTH_NORM_001,dev_001,Kitchen,888,25.35,51.4,122,102,90,NORMAL,0,Synthetic simulation of NORMAL condition,synthetic
2026-09-16 05:44:32.260770+00:00,SYNTH_NORM_001,dev_001,Kitchen,882,25.44,51.67,117,99,90,NORMAL,0,Synthetic simulation of NORMAL condition,synthetic
2026-09-16 05:44:33.260770+00:00,SYNTH_NORM_001,dev_001,Kitchen,886,25.33,51.56,120,103,90,NORMAL,0,Synthetic simulation of NORMAL condition,synthetic
2026-09-16 05:44:34.260770+00:00,SYNTH_NORM_001,dev_001,Kitchen,885,25.55,51.46,117,100,90,NORMAL,0,Synthetic simulation of NORMAL condition,synthetic
2026-09-16 05:44:35.260770+00:00,SYNTH_NORM_001,dev_001,Kitchen,882,25.11,51.17,123,102,90,NORMAL,0,Synthetic simulation of NORMAL condition,synthetic
2026-09-16 05:44:36.260770+00:00,SYNTH_NORM_001,dev_001,Kitchen,892,25.39,51.24,123,102,90,NORMAL,0,Synthetic simulation of NORMAL condition,synthetic
2026-09-16 05:44:37.260770+00:00,SYNTH_NORM_001,dev_001,Kitchen,887,25.61,50.64,119,99,90,NORMAL,0,Synthetic simulation of NORMAL condition,synthetic
2026-09-16 05:44:38.260770+00:00,SYNTH_NORM_001,dev_001,Kitchen,886,25.19,51.6,123,100,90,NORMAL,0,Synthetic simulation of NORMAL condition,synthetic
2026-09-16 05:44:39.260770+00:00,SYNTH_NORM_001,dev_001,Kitchen,885,25.25,51.24,116,102,90,NORMAL,0,Synthetic simulation of NORMAL condition,synthetic
2026-09-16 05:44:40.260770+00:00,SYNTH_NORM_001,dev_001,Kitchen,884,25.07,51.02,122,98,90,NORMAL,0,Synthetic simulation of NORMAL condition,synthetic
2026-09-16 05:44:41.260770+00:00,SYNTH_NORM_001,dev_001,Kitchen,882,25.52,50.33,122,103,90,NORMAL,0,Synthetic simulation of NORMAL condition,synthetic
2026-09-16 05:44:42.260770+00:00,SYNTH_NORM_001,dev_001,Kitchen,889,25.26,51.42,119,100,90,NORMAL,0,Synthetic simulation of NORMAL condition,synthetic
2026-09-16 05:44:43.260770+00:00,SYNTH_NORM_001,dev_001,Kitchen,891,25.35,51.41,117,105,90,NORMAL,0,Synthetic simulation of NORMAL condition,synthetic
2026-09-16 05:44:44.260770+00:00,SYNTH_NORM_001,dev_001,Kitchen,886,25.19,52.07,120,107,90,NORMAL,0,Synthetic simulation of NORMAL condition,synthetic
2026-09-16 05:44:45.260770+00:00,SYNTH_NORM_001,dev_001,Kitchen,878,25.39,50.92,119,100,90,NORMAL,0,Synthetic simulation of NORMAL condition,synthetic
2026-09-16 05:44:46.260770+00:00,SYNTH_NORM_001,dev_001,Kitchen,891,25.01,51.42,116,98,90,NORMAL,0,Synthetic simulation of NORMAL condition,synthetic
2026-09-16 05:44:47.260770+00:00,SYNTH_NORM_001,dev_001,Kitchen,885,25.24,51.38,119,103,90,NORMAL,0,Synthetic simulation of NORMAL condition,synthetic
2026-09-16 05:44:48.260770+00:00,SYNTH_NORM_001,dev_001,Kitchen,882,25.29,51.28,122,104,90,NORMAL,0,Synthetic simulation of NORMAL condition,synthetic
2026-09-16 05:44:49.260770+00:00,SYNTH_NORM_001,dev_001,Kitchen,880,25.58,51.08,124,99,90,NORMAL,0,Synthetic simulation of NORMAL condition,synthetic
2026-09-16 05:44:50.260770+00:00,SYNTH_NORM_001,dev_001,Kitchen,885,25.23,51.49,123,99,90,NORMAL,0,Synthetic simulation of NORMAL condition,synthetic
2026-09-16 05:44:51.260770+00:00,SYNTH_NORM_001,dev_001,Kitchen,885,25.55,51.35,120,103,90,NORMAL,0,Synthetic simulation of NORMAL condition,synthetic
2026-09-16 05:44:52.260770+00:00,SYNTH_NORM_001,dev_001,Kitchen,882,25.26,51.58,118,105,90,NORMAL,0,Synthetic simulation of NORMAL condition,synthetic
2026-09-16 05:42:53.273954+00:00,SYNTH_NORM_002,dev_001,Kitchen,915,23.84,57.44,118,105,90,NORMAL,0,Synthetic simulation of NORMAL condition,synthetic
2026-09-16 05:42:54.273954+00:00,SYNTH_NORM_002,dev_001,Kitchen,927,23.85,57.31,124,104,90,NORMAL,0,Synthetic simulation of NORMAL condition,synthetic
2026-09-16 05:42:55.273954+00:00,SYNTH_NORM_002,dev_001,Kitchen,922,23.52,57.48,127,102,90,NORMAL,0,Synthetic simulation of NORMAL condition,synthetic
2026-09-16 05:42:56.273954+00:00,SYNTH_NORM_002,dev_001,Kitchen,911,23.79,57.49,123,105,90,NORMAL,0,Synthetic simulation of NORMAL condition,synthetic
2026-09-16 05:42:57.273954+00:00,SYNTH_NORM_002,dev_001,Kitchen,912,23.92,56.9,123,102,90,NORMAL,0,Synthetic simulation of NORMAL condition,synthetic
2026-09-16 05:42:58.273954+00:00,SYNTH_NORM_002,dev_001,Kitchen,916,24.07,57.64,119,105,90,NORMAL,0,Synthetic simulation of NORMAL condition,synthetic
2026-09-16 05:42:59.273954+00:00,SYNTH_NORM_002,dev_001,Kitchen,920,23.69,56.8,121,106,90,NORMAL,0,Synthetic simulation of NORMAL condition,synthetic
2026-09-16 05:43:00.273954+00:00,SYNTH_NORM_002,dev_001,Kitchen,920,23.48,57.32,127,105,90,NORMAL,0,Synthetic simulation of NORMAL condition,synthetic
2026-09-16 05:43:01.273954+00:00,SYNTH_NORM_002,dev_001,Kitchen,923,23.67,57.96,122,108,90,NORMAL,0,Synthetic simulation of NORMAL condition,synthetic
2026-09-16 05:43:02.273954+00:00,SYNTH_NORM_002,dev_001,Kitchen,925,23.86,57.75,127,101,90,NORMAL,0,Synthetic simulation of NORMAL condition,synthetic
2026-09-16 05:43:03.273954+00:00,SYNTH_NORM_002,dev_001,Kitchen,924,24.0,57.27,131,105,90,NORMAL,0,Synthetic simulation of NORMAL condition,synthetic
2026-09-16 05:43:04.273954+00:00,SYNTH_NORM_002,dev_001,Kitchen,916,24.14,57.19,124,106,90,NORMAL,0,Synthetic simulation of NORMAL condition,synthetic
2026-09-16 05:43:05.273954+00:00,SYNTH_NORM_002,dev_001,Kitchen,921,24.25,57.67,127,103,90,NORMAL,0,Synthetic simulation of NORMAL condition,synthetic
2026-09-16 05:43:06.273954+00:00,SYNTH_NORM_002,dev_001,Kitchen,917,23.7,57.5,121,104,90,NORMAL,0,Synthetic simulation of NORMAL condition,synthetic
2026-09-16 05:43:07.273954+00:00,SYNTH_NORM_002,dev_001,Kitchen,920,24.09,57.24,122,101,90,NORMAL,0,Synthetic simulation of NORMAL condition,synthetic
2026-09-16 05:43:08.273954+00:00,SYNTH_NORM_002,dev_001,Kitchen,924,23.85,57.36,129,103,90,NORMAL,0,Synthetic simulation of NORMAL condition,synthetic
2026-09-16 05:43:09.273954+00:00,SYNTH_NORM_002,dev_001,Kitchen,925,23.46,57.59,121,103,90,NORMAL,0,Synthetic simulation of NORMAL condition,synthetic
2026-09-16 05:43:10.273954+00:00,SYNTH_NORM_002,dev_001,Kitchen,923,23.96,57.77,124,106,90,NORMAL,0,Synthetic simulation of NORMAL condition,synthetic
2026-09-16 05:43:11.273954+00:00,SYNTH_NORM_002,dev_001,Kitchen,922,23.93,57.36,125,103,90,NORMAL,0,Synthetic simulation of NORMAL condition,synthetic
2026-09-16 05:43:12.273954+00:00,SYNTH_NORM_002,dev_001,Kitchen,917,23.96,57.42,122,102,90,NORMAL,0,Synthetic simulation of NORMAL condition,synthetic
2026-09-16 05:43:13.273954+00:00,SYNTH_NORM_002,dev_001,Kitchen,920,24.04,57.3,123,104,90,NORMAL,0,Synthetic simulation of NORMAL condition,synthetic
2026-09-16 05:43:14.273954+00:00,SYNTH_NORM_002,dev_001,Kitchen,920,23.87,57.68,123,106,90,NORMAL,0,Synthetic simulation of NORMAL condition,synthetic
2026-09-16 05:43:15.273954+00:00,SYNTH_NORM_002,dev_001,Kitchen,921,23.94,57.15,122,98,90,NORMAL,0,Synthetic simulation of NORMAL condition,synthetic
2026-09-16 05:43:16.273954+00:00,SYNTH_NORM_002,dev_001,Kitchen,921,23.69,57.17,123,100,90,NORMAL,0,Synthetic simulation of NORMAL condition,synthetic
2026-09-16 05:43:17.273954+00:00,SYNTH_NORM_002,dev_001,Kitchen,927,23.53,56.82,125,108,90,NORMAL,0,Synthetic simulation of NORMAL condition,synthetic
2026-09-16 05:43:18.273954+00:00,SYNTH_NORM_002,dev_001,Kitchen,920,23.83,57.24,121,106,90,NORMAL,0,Synthetic simulation of NORMAL condition,synthetic
2026-09-16 05:43:19.273954+00:00,SYNTH_NORM_002,dev_001,Kitchen,922,23.67,57.38,129,102,90,NORMAL,0,Synthetic simulation of NORMAL condition,synthetic
2026-09-16 05:43:20.273954+00:00,SYNTH_NORM_002,dev_001,Kitchen,912,23.71,57.44,128,105,90,NORMAL,0,Synthetic simulation of NORMAL condition,synthetic
2026-09-16 05:43:21.273954+00:00,SYNTH_NORM_002,dev_001,Kitchen,922,23.82,57.58,123,104,90,NORMAL,0,Synthetic simulation of NORMAL condition,synthetic
2026-09-16 05:43:22.273954+00:00,SYNTH_NORM_002,dev_001,Kitchen,920,23.69,58.09,128,105,90,NORMAL,0,Synthetic simulation of NORMAL condition,synthetic
2026-09-16 05:43:23.273954+00:00,SYNTH_NORM_002,dev_001,Kitchen,924,24.04,57.71,121,104,90,NORMAL,0,Synthetic simulation of NORMAL condition,synthetic
2026-09-16 05:43:24.273954+00:00,SYNTH_NORM_002,dev_001,Kitchen,923,23.53,57.39,127,112,90,NORMAL,0,Synthetic simulation of NORMAL condition,synthetic
2026-09-16 05:43:25.273954+00:00,SYNTH_NORM_002,dev_001,Kitchen,925,23.67,57.05,125,104,90,NORMAL,0,Synthetic simulation of NORMAL condition,synthetic
2026-09-16 05:43:26.273954+00:00,SYNTH_NORM_002,dev_001,Kitchen,926,23.87,57.38,125,104,90,NORMAL,0,Synthetic simulation of NORMAL condition,synthetic
2026-09-16 05:43:27.273954+00:00,SYNTH_NORM_002,dev_001,Kitchen,921,23.65,57.92,121,104,90,NORMAL,0,Synthetic simulation of NORMAL condition,synthetic
2026-09-16 05:43:28.273954+00:00,SYNTH_NORM_002,dev_001,Kitchen,918,23.81,57.63,125,103,90,NORMAL,0,Synthetic simulation of NORMAL condition,synthetic
2026-09-16 05:43:29.273954+00:00,SYNTH_NORM_002,dev_001,Kitchen,917,23.69,57.17,126,106,90,NORMAL,0,Synthetic simulation of NORMAL condition,synthetic
2026-09-16 05:43:30.273954+00:00,SYNTH_NORM_002,dev_001,Kitchen,921,23.73,57.09,125,104,90,NORMAL,0,Synthetic simulation of NORMAL condition,synthetic
2026-09-16 05:43:31.273954+00:00,SYNTH_NORM_002,dev_001,Kitchen,923,23.78,57.33,129,106,90,NORMAL,0,Synthetic simulation of NORMAL condition,synthetic
2026-09-16 05:43:32.273954+00:00,SYNTH_NORM_002,dev_001,Kitchen,920,23.85,57.77,130,97,90,NORMAL,0,Synthetic simulation of NORMAL condition,synthetic
2026-09-16 05:43:33.273954+00:00,SYNTH_NORM_002,dev_001,Kitchen,921,23.88,57.6,129,106,90,NORMAL,0,Synthetic simulation of NORMAL condition,synthetic
2026-09-16 05:43:34.273954+00:00,SYNTH_NORM_002,dev_001,Kitchen,921,24.0,57.05,124,106,90,NORMAL,0,Synthetic simulation of NORMAL condition,synthetic
2026-09-16 05:43:35.273954+00:00,SYNTH_NORM_002,dev_001,Kitchen,917,24.06,57.24,123,108,90,NORMAL,0,Synthetic simulation of NORMAL condition,synthetic
2026-09-16 05:43:36.273954+00:00,SYNTH_NORM_002,dev_001,Kitchen,917,23.68,57.06,127,105,90,NORMAL,0,Synthetic simulation of NORMAL condition,synthetic
2026-09-16 05:43:37.273954+00:00,SYNTH_NORM_002,dev_001,Kitchen,914,23.81,57.46,126,104,90,NORMAL,0,Synthetic simulation of NORMAL condition,synthetic
2026-09-16 05:43:38.273954+00:00,SYNTH_NORM_002,dev_001,Kitchen,918,23.8,57.31,122,99,90,NORMAL,0,Synthetic simulation of NORMAL condition,synthetic
2026-09-16 05:43:39.273954+00:00,SYNTH_NORM_002,dev_001,Kitchen,918,23.62,57.83,123,98,90,NORMAL,0,Synthetic simulation of NORMAL condition,synthetic
2026-09-16 05:43:40.273954+00:00,SYNTH_NORM_002,dev_001,Kitchen,922,23.69,57.57,126,103,90,NORMAL,0,Synthetic simulation of NORMAL condition,synthetic
2026-09-16 05:43:41.273954+00:00,SYNTH_NORM_002,dev_001,Kitchen,919,23.9,57.51,125,102,90,NORMAL,0,Synthetic simulation of NORMAL condition,synthetic
2026-09-16 05:43:42.273954+00:00,SYNTH_NORM_002,dev_001,Kitchen,925,23.67,57.3,126,104,90,NORMAL,0,Synthetic simulation of NORMAL condition,synthetic
2026-09-16 05:43:43.273954+00:00,SYNTH_NORM_002,dev_001,Kitchen,920,23.84,57.68,121,106,90,NORMAL,0,Synthetic simulation of NORMAL condition,synthetic
2026-09-16 05:43:44.273954+00:00,SYNTH_NORM_002,dev_001,Kitchen,922,23.85,57.37,123,103,90,NORMAL,0,Synthetic simulation of NORMAL condition,synthetic
2026-09-16 05:43:45.273954+00:00,SYNTH_NORM_002,dev_001,Kitchen,924,23.83,57.88,129,101,90,NORMAL,0,Synthetic simulation of NORMAL condition,synthetic
2026-09-16 05:43:46.273954+00:00,SYNTH_NORM_002,dev_001,Kitchen,914,23.62,57.33,123,105,90,NORMAL,0,Synthetic simulation of NORMAL condition,synthetic
2026-09-16 05:43:47.273954+00:00,SYNTH_NORM_002,dev_001,Kitchen,928,23.92,57.66,124,106,90,NORMAL,0,Synthetic simulation of NORMAL condition,synthetic
2026-09-16 05:43:48.273954+00:00,SYNTH_NORM_002,dev_001,Kitchen,925,23.85,57.66,128,105,90,NORMAL,0,Synthetic simulation of NORMAL condition,synthetic
2026-09-16 05:43:49.273954+00:00,SYNTH_NORM_002,dev_001,Kitchen,924,23.91,57.52,118,104,90,NORMAL,0,Synthetic simulation of NORMAL condition,synthetic
2026-09-16 05:43:50.273954+00:00,SYNTH_NORM_002,dev_001,Kitchen,922,23.84,57.9,130,102,90,NORMAL,0,Synthetic simulation of NORMAL condition,synthetic
2026-09-16 05:43:51.273954+00:00,SYNTH_NORM_002,dev_001,Kitchen,925,23.84,57.14,122,102,90,NORMAL,0,Synthetic simulation of NORMAL condition,synthetic
2026-09-16 05:43:52.273954+00:00,SYNTH_NORM_002,dev_001,Kitchen,925,23.63,57.74,122,101,90,NORMAL,0,Synthetic simulation of NORMAL condition,synthetic
2026-09-16 05:43:53.273954+00:00,SYNTH_NORM_002,dev_001,Kitchen,921,23.43,57.08,121,102,90,NORMAL,0,Synthetic simulation of NORMAL condition,synthetic
2026-09-16 05:43:54.273954+00:00,SYNTH_NORM_002,dev_001,Kitchen,917,23.74,57.5,124,98,90,NORMAL,0,Synthetic simulation of NORMAL condition,synthetic
2026-09-16 05:43:55.273954+00:00,SYNTH_NORM_002,dev_001,Kitchen,939,23.7,57.51,124,105,90,NORMAL,0,Synthetic simulation of NORMAL condition,synthetic
2026-09-16 05:43:56.273954+00:00,SYNTH_NORM_002,dev_001,Kitchen,918,24.01,57.43,123,105,90,NORMAL,0,Synthetic simulation of NORMAL condition,synthetic
2026-09-16 05:43:57.273954+00:00,SYNTH_NORM_002,dev_001,Kitchen,918,23.85,57.27,125,106,90,NORMAL,0,Synthetic simulation of NORMAL condition,synthetic
2026-09-16 05:43:58.273954+00:00,SYNTH_NORM_002,dev_001,Kitchen,926,24.29,57.58,125,102,90,NORMAL,0,Synthetic simulation of NORMAL condition,synthetic
2026-09-16 05:43:59.273954+00:00,SYNTH_NORM_002,dev_001,Kitchen,920,23.67,57.34,124,102,90,NORMAL,0,Synthetic simulation of NORMAL condition,synthetic
2026-09-16 05:44:00.273954+00:00,SYNTH_NORM_002,dev_001,Kitchen,923,23.98,57.59,123,103,90,NORMAL,0,Synthetic simulation of NORMAL condition,synthetic
2026-09-16 05:44:01.273954+00:00,SYNTH_NORM_002,dev_001,Kitchen,919,23.7,57.35,129,104,90,NORMAL,0,Synthetic simulation of NORMAL condition,synthetic
2026-09-16 05:44:02.273954+00:00,SYNTH_NORM_002,dev_001,Kitchen,922,24.04,57.47,128,104,90,NORMAL,0,Synthetic simulation of NORMAL condition,synthetic
2026-09-16 05:44:03.273954+00:00,SYNTH_NORM_002,dev_001,Kitchen,928,23.78,57.65,124,106,90,NORMAL,0,Synthetic simulation of NORMAL condition,synthetic
2026-09-16 05:44:04.273954+00:00,SYNTH_NORM_002,dev_001,Kitchen,926,24.01,57.11,125,109,90,NORMAL,0,Synthetic simulation of NORMAL condition,synthetic
2026-09-16 05:44:05.273954+00:00,SYNTH_NORM_002,dev_001,Kitchen,919,23.71,57.33,126,109,90,NORMAL,0,Synthetic simulation of NORMAL condition,synthetic
2026-09-16 05:44:06.273954+00:00,SYNTH_NORM_002,dev_001,Kitchen,922,23.55,57.54,127,105,90,NORMAL,0,Synthetic simulation of NORMAL condition,synthetic
2026-09-16 05:44:07.273954+00:00,SYNTH_NORM_002,dev_001,Kitchen,926,24.08,57.32,126,104,90,NORMAL,0,Synthetic simulation of NORMAL condition,synthetic
2026-09-16 05:44:08.273954+00:00,SYNTH_NORM_002,dev_001,Kitchen,917,24.03,57.45,123,104,90,NORMAL,0,Synthetic simulation of NORMAL condition,synthetic
2026-09-16 05:44:09.273954+00:00,SYNTH_NORM_002,dev_001,Kitchen,925,23.75,57.07,128,101,90,NORMAL,0,Synthetic simulation of NORMAL condition,synthetic
2026-09-16 05:44:10.273954+00:00,SYNTH_NORM_002,dev_001,Kitchen,917,23.67,57.7,127,101,90,NORMAL,0,Synthetic simulation of NORMAL condition,synthetic
2026-09-16 05:44:11.273954+00:00,SYNTH_NORM_002,dev_001,Kitchen,914,23.89,57.32,122,103,90,NORMAL,0,Synthetic simulation of NORMAL condition,synthetic
2026-09-16 05:44:12.273954+00:00,SYNTH_NORM_002,dev_001,Kitchen,918,23.71,57.53,122,106,90,NORMAL,0,Synthetic simulation of NORMAL condition,synthetic
2026-09-16 05:44:13.273954+00:00,SYNTH_NORM_002,dev_001,Kitchen,919,23.89,57.15,121,106,90,NORMAL,0,Synthetic simulation of NORMAL condition,synthetic
2026-09-16 05:44:14.273954+00:00,SYNTH_NORM_002,dev_001,Kitchen,917,23.75,57.15,119,105,90,NORMAL,0,Synthetic simulation of NORMAL condition,synthetic
2026-09-16 05:44:15.273954+00:00,SYNTH_NORM_002,dev_001,Kitchen,917,24.1,57.87,122,108,90,NORMAL,0,Synthetic simulation of NORMAL condition,synthetic
2026-09-16 05:44:16.273954+00:00,SYNTH_NORM_002,dev_001,Kitchen,920,23.61,57.37,128,102,90,NORMAL,0,Synthetic simulation of NORMAL condition,synthetic
2026-09-16 05:44:17.273954+00:00,SYNTH_NORM_002,dev_001,Kitchen,922,24.02,57.2,124,103,90,NORMAL,0,Synthetic simulation of NORMAL condition,synthetic
2026-09-16 05:44:18.273954+00:00,SYNTH_NORM_002,dev_001,Kitchen,929,23.56,57.71,124,101,90,NORMAL,0,Synthetic simulation of NORMAL condition,synthetic
2026-09-16 05:44:19.273954+00:00,SYNTH_NORM_002,dev_001,Kitchen,924,23.92,57.68,124,103,90,NORMAL,0,Synthetic simulation of NORMAL condition,synthetic
2026-09-16 05:44:20.273954+00:00,SYNTH_NORM_002,dev_001,Kitchen,924,23.99,57.51,130,102,90,NORMAL,0,Synthetic simulation of NORMAL condition,synthetic
2026-09-16 05:44:21.273954+00:00,SYNTH_NORM_002,dev_001,Kitchen,921,23.87,57.94,130,104,90,NORMAL,0,Synthetic simulation of NORMAL condition,synthetic
2026-09-16 05:44:22.273954+00:00,SYNTH_NORM_002,dev_001,Kitchen,918,23.8,57.62,121,99,90,NORMAL,0,Synthetic simulation of NORMAL condition,synthetic
2026-09-16 05:44:23.273954+00:00,SYNTH_NORM_002,dev_001,Kitchen,925,23.74,57.61,123,102,90,NORMAL,0,Synthetic simulation of NORMAL condition,synthetic
2026-09-16 05:44:24.273954+00:00,SYNTH_NORM_002,dev_001,Kitchen,919,23.88,57.76,125,101,90,NORMAL,0,Synthetic simulation of NORMAL condition,synthetic
2026-09-16 05:44:25.273954+00:00,SYNTH_NORM_002,dev_001,Kitchen,914,24.08,57.89,125,108,90,NORMAL,0,Synthetic simulation of NORMAL condition,synthetic
2026-09-16 05:44:26.273954+00:00,SYNTH_NORM_002,dev_001,Kitchen,921,23.76,57.76,126,106,90,NORMAL,0,Synthetic simulation of NORMAL condition,synthetic
2026-09-16 05:44:27.273954+00:00,SYNTH_NORM_002,dev_001,Kitchen,922,23.74,57.58,125,105,90,NORMAL,0,Synthetic simulation of NORMAL condition,synthetic
2026-09-16 05:44:28.273954+00:00,SYNTH_NORM_002,dev_001,Kitchen,918,23.93,57.6,126,105,90,NORMAL,0,Synthetic simulation of NORMAL condition,synthetic
2026-09-16 05:44:29.273954+00:00,SYNTH_NORM_002,dev_001,Kitchen,922,23.98,57.53,122,106,90,NORMAL,0,Synthetic simulation of NORMAL condition,synthetic
2026-09-16 05:44:30.273954+00:00,SYNTH_NORM_002,dev_001,Kitchen,912,23.63,57.68,123,106,90,NORMAL,0,Synthetic simulation of NORMAL condition,synthetic
2026-09-16 05:44:31.273954+00:00,SYNTH_NORM_002,dev_001,Kitchen,921,23.74,57.43,124,106,90,NORMAL,0,Synthetic simulation of NORMAL condition,synthetic
2026-09-16 05:44:32.273954+00:00,SYNTH_NORM_002,dev_001,Kitchen,921,23.62,57.51,125,107,90,NORMAL,0,Synthetic simulation of NORMAL condition,synthetic
2026-09-16 05:44:33.273954+00:00,SYNTH_NORM_002,dev_001,Kitchen,926,23.69,57.27,120,101,90,NORMAL,0,Synthetic simulation of NORMAL condition,synthetic
2026-09-16 05:44:34.273954+00:00,SYNTH_NORM_002,dev_001,Kitchen,920,23.88,57.39,126,102,90,NORMAL,0,Synthetic simulation of NORMAL condition,synthetic
2026-09-16 05:44:35.273954+00:00,SYNTH_NORM_002,dev_001,Kitchen,917,23.81,57.5,124,107,90,NORMAL,0,Synthetic simulation of NORMAL condition,synthetic
2026-09-16 05:44:36.273954+00:00,SYNTH_NORM_002,dev_001,Kitchen,925,24.05,57.43,122,109,90,NORMAL,0,Synthetic simulation of NORMAL condition,synthetic
2026-09-16 05:44:37.273954+00:00,SYNTH_NORM_002,dev_001,Kitchen,911,23.99,57.84,123,103,90,NORMAL,0,Synthetic simulation of NORMAL condition,synthetic
2026-09-16 05:44:38.273954+00:00,SYNTH_NORM_002,dev_001,Kitchen,921,24.09,57.28,117,107,90,NORMAL,0,Synthetic simulation of NORMAL condition,synthetic
2026-09-16 05:44:39.273954+00:00,SYNTH_NORM_002,dev_001,Kitchen,918,23.65,57.22,125,100,90,NORMAL,0,Synthetic simulation of NORMAL condition,synthetic
2026-09-16 05:44:40.273954+00:00,SYNTH_NORM_002,dev_001,Kitchen,927,23.71,57.41,124,104,90,NORMAL,0,Synthetic simulation of NORMAL condition,synthetic
2026-09-16 05:44:41.273954+00:00,SYNTH_NORM_002,dev_001,Kitchen,921,23.74,56.72,126,102,90,NORMAL,0,Synthetic simulation of NORMAL condition,synthetic
2026-09-16 05:44:42.273954+00:00,SYNTH_NORM_002,dev_001,Kitchen,925,23.62,56.79,122,102,90,NORMAL,0,Synthetic simulation of NORMAL condition,synthetic
2026-09-16 05:44:43.273954+00:00,SYNTH_NORM_002,dev_001,Kitchen,921,23.88,57.86,124,107,90,NORMAL,0,Synthetic simulation of NORMAL condition,synthetic
2026-09-16 05:44:44.273954+00:00,SYNTH_NORM_002,dev_001,Kitchen,913,23.75,57.93,126,101,90,NORMAL,0,Synthetic simulation of NORMAL condition,synthetic
2026-09-16 05:44:45.273954+00:00,SYNTH_NORM_002,dev_001,Kitchen,922,23.54,57.7,120,101,90,NORMAL,0,Synthetic simulation of NORMAL condition,synthetic
2026-09-16 05:44:46.273954+00:00,SYNTH_NORM_002,dev_001,Kitchen,921,23.81,57.59,124,100,90,NORMAL,0,Synthetic simulation of NORMAL condition,synthetic
2026-09-16 05:44:47.273954+00:00,SYNTH_NORM_002,dev_001,Kitchen,913,23.89,57.38,128,100,90,NORMAL,0,Synthetic simulation of NORMAL condition,synthetic
2026-09-16 05:44:48.273954+00:00,SYNTH_NORM_002,dev_001,Kitchen,920,23.65,57.49,121,103,90,NORMAL,0,Synthetic simulation of NORMAL condition,synthetic
2026-09-16 05:44:49.273954+00:00,SYNTH_NORM_002,dev_001,Kitchen,916,23.89,57.17,125,102,90,NORMAL,0,Synthetic simulation of NORMAL condition,synthetic
2026-09-16 05:44:50.273954+00:00,SYNTH_NORM_002,dev_001,Kitchen,920,23.88,57.98,129,101,90,NORMAL,0,Synthetic simulation of NORMAL condition,synthetic
2026-09-16 05:44:51.273954+00:00,SYNTH_NORM_002,dev_001,Kitchen,928,23.66,57.5,128,107,90,NORMAL,0,Synthetic simulation of NORMAL condition,synthetic
2026-09-16 05:44:52.273954+00:00,SYNTH_NORM_002,dev_001,Kitchen,923,23.85,57.6,123,109,90,NORMAL,0,Synthetic simulation of NORMAL condition,synthetic
2026-09-16 05:42:53.275959+00:00,SYNTH_NORM_003,dev_001,Kitchen,926,25.39,52.84,112,106,90,NORMAL,0,Synthetic simulation of NORMAL condition,synthetic
2026-09-16 05:42:54.275959+00:00,SYNTH_NORM_003,dev_001,Kitchen,929,25.24,52.28,110,107,90,NORMAL,0,Synthetic simulation of NORMAL condition,synthetic
2026-09-16 05:42:55.275959+00:00,SYNTH_NORM_003,dev_001,Kitchen,933,25.35,52.76,108,109,90,NORMAL,0,Synthetic simulation of NORMAL condition,synthetic
2026-09-16 05:42:56.275959+00:00,SYNTH_NORM_003,dev_001,Kitchen,930,25.16,53.12,111,105,90,NORMAL,0,Synthetic simulation of NORMAL condition,synthetic
2026-09-16 05:42:57.275959+00:00,SYNTH_NORM_003,dev_001,Kitchen,938,24.97,52.9,110,105,90,NORMAL,0,Synthetic simulation of NORMAL condition,synthetic
2026-09-16 05:42:58.275959+00:00,SYNTH_NORM_003,dev_001,Kitchen,927,24.98,52.34,109,110,90,NORMAL,0,Synthetic simulation of NORMAL condition,synthetic
2026-09-16 05:42:59.275959+00:00,SYNTH_NORM_003,dev_001,Kitchen,926,25.04,52.82,109,105,90,NORMAL,0,Synthetic simulation of NORMAL condition,synthetic
2026-09-16 05:43:00.275959+00:00,SYNTH_NORM_003,dev_001,Kitchen,937,25.11,52.7,109,112,90,NORMAL,0,Synthetic simulation of NORMAL condition,synthetic
2026-09-16 05:43:01.275959+00:00,SYNTH_NORM_003,dev_001,Kitchen,929,25.14,52.43,114,102,90,NORMAL,0,Synthetic simulation of NORMAL condition,synthetic
2026-09-16 05:43:02.275959+00:00,SYNTH_NORM_003,dev_001,Kitchen,922,25.25,52.83,109,107,90,NORMAL,0,Synthetic simulation of NORMAL condition,synthetic
2026-09-16 05:43:03.275959+00:00,SYNTH_NORM_003,dev_001,Kitchen,928,25.22,52.99,113,107,90,NORMAL,0,Synthetic simulation of NORMAL condition,synthetic
2026-09-16 05:43:04.275959+00:00,SYNTH_NORM_003,dev_001,Kitchen,927,24.87,52.35,111,107,90,NORMAL,0,Synthetic simulation of NORMAL condition,synthetic
2026-09-16 05:43:05.275959+00:00,SYNTH_NORM_003,dev_001,Kitchen,922,25.19,52.91,111,106,90,NORMAL,0,Synthetic simulation of NORMAL condition,synthetic
2026-09-16 05:43:06.275959+00:00,SYNTH_NORM_003,dev_001,Kitchen,928,25.39,52.92,113,105,90,NORMAL,0,Synthetic simulation of NORMAL condition,synthetic
2026-09-16 05:43:07.275959+00:00,SYNTH_NORM_003,dev_001,Kitchen,934,25.22,52.64,112,108,90,NORMAL,0,Synthetic simulation of NORMAL condition,synthetic
2026-09-16 05:43:08.275959+00:00,SYNTH_NORM_003,dev_001,Kitchen,927,25.15,52.59,113,104,90,NORMAL,0,Synthetic simulation of NORMAL condition,synthetic
2026-09-16 05:43:09.275959+00:00,SYNTH_NORM_003,dev_001,Kitchen,932,25.03,52.99,109,107,90,NORMAL,0,Synthetic simulation of NORMAL condition,synthetic
2026-09-16 05:43:10.275959+00:00,SYNTH_NORM_003,dev_001,Kitchen,925,25.09,52.74,114,109,90,NORMAL,0,Synthetic simulation of NORMAL condition,synthetic
2026-09-16 05:43:11.275959+00:00,SYNTH_NORM_003,dev_001,Kitchen,930,25.19,52.7,114,107,90,NORMAL,0,Synthetic simulation of NORMAL condition,synthetic
2026-09-16 05:43:12.275959+00:00,SYNTH_NORM_003,dev_001,Kitchen,925,25.18,52.73,116,102,90,NORMAL,0,Synthetic simulation of NORMAL condition,synthetic
2026-09-16 05:43:13.275959+00:00,SYNTH_NORM_003,dev_001,Kitchen,934,25.18,52.73,109,108,90,NORMAL,0,Synthetic simulation of NORMAL condition,synthetic
2026-09-16 05:43:14.275959+00:00,SYNTH_NORM_003,dev_001,Kitchen,928,25.15,52.65,113,109,90,NORMAL,0,Synthetic simulation of NORMAL condition,synthetic
2026-09-16 05:43:15.275959+00:00,SYNTH_NORM_003,dev_001,Kitchen,928,24.83,52.67,118,108,90,NORMAL,0,Synthetic simulation of NORMAL condition,synthetic
2026-09-16 05:43:16.275959+00:00,SYNTH_NORM_003,dev_001,Kitchen,922,25.22,52.58,112,108,90,NORMAL,0,Synthetic simulation of NORMAL condition,synthetic
2026-09-16 05:43:17.275959+00:00,SYNTH_NORM_003,dev_001,Kitchen,923,25.14,52.7,111,106,90,NORMAL,0,Synthetic simulation of NORMAL condition,synthetic
2026-09-16 05:43:18.275959+00:00,SYNTH_NORM_003,dev_001,Kitchen,930,25.2,53.11,114,104,90,NORMAL,0,Synthetic simulation of NORMAL condition,synthetic
2026-09-16 05:43:19.275959+00:00,SYNTH_NORM_003,dev_001,Kitchen,930,25.03,52.51,116,108,90,NORMAL,0,Synthetic simulation of NORMAL condition,synthetic
2026-09-16 05:43:20.275959+00:00,SYNTH_NORM_003,dev_001,Kitchen,927,25.29,52.84,107,108,90,NORMAL,0,Synthetic simulation of NORMAL condition,synthetic
2026-09-16 05:43:21.275959+00:00,SYNTH_NORM_003,dev_001,Kitchen,933,25.29,52.8,114,110,90,NORMAL,0,Synthetic simulation of NORMAL condition,synthetic
2026-09-16 05:43:22.275959+00:00,SYNTH_NORM_003,dev_001,Kitchen,927,25.18,52.67,111,105,90,NORMAL,0,Synthetic simulation of NORMAL condition,synthetic
2026-09-16 05:43:23.275959+00:00,SYNTH_NORM_003,dev_001,Kitchen,925,25.12,52.63,113,111,90,NORMAL,0,Synthetic simulation of NORMAL condition,synthetic
2026-09-16 05:43:24.275959+00:00,SYNTH_NORM_003,dev_001,Kitchen,929,24.97,52.4,111,105,90,NORMAL,0,Synthetic simulation of NORMAL condition,synthetic
2026-09-16 05:43:25.275959+00:00,SYNTH_NORM_003,dev_001,Kitchen,930,25.2,53.17,111,108,90,NORMAL,0,Synthetic simulation of NORMAL condition,synthetic
2026-09-16 05:43:26.275959+00:00,SYNTH_NORM_003,dev_001,Kitchen,931,25.26,52.52,111,105,90,NORMAL,0,Synthetic simulation of NORMAL condition,synthetic
2026-09-16 05:43:27.275959+00:00,SYNTH_NORM_003,dev_001,Kitchen,924,25.36,52.92,120,111,90,NORMAL,0,Synthetic simulation of NORMAL condition,synthetic
2026-09-16 05:43:28.275959+00:00,SYNTH_NORM_003,dev_001,Kitchen,932,25.33,53.17,109,107,90,NORMAL,0,Synthetic simulation of NORMAL condition,synthetic
2026-09-16 05:43:29.275959+00:00,SYNTH_NORM_003,dev_001,Kitchen,925,25.31,52.29,115,103,90,NORMAL,0,Synthetic simulation of NORMAL condition,synthetic
2026-09-16 05:43:30.275959+00:00,SYNTH_NORM_003,dev_001,Kitchen,936,25.2,52.95,115,110,90,NORMAL,0,Synthetic simulation of NORMAL condition,synthetic
2026-09-16 05:43:31.275959+00:00,SYNTH_NORM_003,dev_001,Kitchen,929,25.53,52.98,110,111,90,NORMAL,0,Synthetic simulation of NORMAL condition,synthetic
2026-09-16 05:43:32.275959+00:00,SYNTH_NORM_003,dev_001,Kitchen,926,24.9,52.9,118,111,90,NORMAL,0,Synthetic simulation of NORMAL condition,synthetic
2026-09-16 05:43:33.275959+00:00,SYNTH_NORM_003,dev_001,Kitchen,926,25.19,53.04,111,108,90,NORMAL,0,Synthetic simulation of NORMAL condition,synthetic
2026-09-16 05:43:34.275959+00:00,SYNTH_NORM_003,dev_001,Kitchen,925,25.2,52.86,112,105,90,NORMAL,0,Synthetic simulation of NORMAL condition,synthetic
2026-09-16 05:43:35.275959+00:00,SYNTH_NORM_003,dev_001,Kitchen,934,24.9,52.99,114,107,90,NORMAL,0,Synthetic simulation of NORMAL condition,synthetic
2026-09-16 05:43:36.275959+00:00,SYNTH_NORM_003,dev_001,Kitchen,932,25.03,52.87,111,108,90,NORMAL,0,Synthetic simulation of NORMAL condition,synthetic
2026-09-16 05:43:37.275959+00:00,SYNTH_NORM_003,dev_001,Kitchen,924,25.07,52.76,117,107,90,NORMAL,0,Synthetic simulation of NORMAL condition,synthetic
2026-09-16 05:43:38.275959+00:00,SYNTH_NORM_003,dev_001,Kitchen,928,24.98,52.8,109,106,90,NORMAL,0,Synthetic simulation of NORMAL condition,synthetic
2026-09-16 05:43:39.275959+00:00,SYNTH_NORM_003,dev_001,Kitchen,926,25.23,52.89,109,106,90,NORMAL,0,Synthetic simulation of NORMAL condition,synthetic
2026-09-16 05:43:40.275959+00:00,SYNTH_NORM_003,dev_001,Kitchen,927,24.98,53.13,117,111,90,NORMAL,0,Synthetic simulation of NORMAL condition,synthetic
2026-09-16 05:43:41.275959+00:00,SYNTH_NORM_003,dev_001,Kitchen,929,25.01,52.35,118,108,90,NORMAL,0,Synthetic simulation of NORMAL condition,synthetic
2026-09-16 05:43:42.275959+00:00,SYNTH_NORM_003,dev_001,Kitchen,925,25.4,52.34,107,107,90,NORMAL,0,Synthetic simulation of NORMAL condition,synthetic
2026-09-16 05:43:43.275959+00:00,SYNTH_NORM_003,dev_001,Kitchen,927,25.23,52.69,117,110,90,NORMAL,0,Synthetic simulation of NORMAL condition,synthetic
2026-09-16 05:43:44.275959+00:00,SYNTH_NORM_003,dev_001,Kitchen,926,25.22,53.17,112,110,90,NORMAL,0,Synthetic simulation of NORMAL condition,synthetic
2026-09-16 05:43:45.275959+00:00,SYNTH_NORM_003,dev_001,Kitchen,931,25.06,52.88,118,107,90,NORMAL,0,Synthetic simulation of NORMAL condition,synthetic
2026-09-16 05:43:46.275959+00:00,SYNTH_NORM_003,dev_001,Kitchen,930,25.32,52.65,117,107,90,NORMAL,0,Synthetic simulation of NORMAL condition,synthetic
2026-09-16 05:43:47.275959+00:00,SYNTH_NORM_003,dev_001,Kitchen,934,24.89,52.61,112,110,90,NORMAL,0,Synthetic simulation of NORMAL condition,synthetic
2026-09-16 05:43:48.275959+00:00,SYNTH_NORM_003,dev_001,Kitchen,928,24.96,52.83,110,108,90,NORMAL,0,Synthetic simulation of NORMAL condition,synthetic
2026-09-16 05:43:49.275959+00:00,SYNTH_NORM_003,dev_001,Kitchen,930,25.21,52.78,112,109,90,NORMAL,0,Synthetic simulation of NORMAL condition,synthetic
2026-09-16 05:43:50.275959+00:00,SYNTH_NORM_003,dev_001,Kitchen,929,25.13,52.97,115,107,90,NORMAL,0,Synthetic simulation of NORMAL condition,synthetic
2026-09-16 05:43:51.275959+00:00,SYNTH_NORM_003,dev_001,Kitchen,925,25.26,52.97,116,108,90,NORMAL,0,Synthetic simulation of NORMAL condition,synthetic
2026-09-16 05:43:52.275959+00:00,SYNTH_NORM_003,dev_001,Kitchen,932,25.22,53.04,112,106,90,NORMAL,0,Synthetic simulation of NORMAL condition,synthetic
2026-09-16 05:43:53.275959+00:00,SYNTH_NORM_003,dev_001,Kitchen,930,25.19,52.59,112,107,90,NORMAL,0,Synthetic simulation of NORMAL condition,synthetic
2026-09-16 05:43:54.275959+00:00,SYNTH_NORM_003,dev_001,Kitchen,931,25.13,52.73,112,108,90,NORMAL,0,Synthetic simulation of NORMAL condition,synthetic
2026-09-16 05:43:55.275959+00:00,SYNTH_NORM_003,dev_001,Kitchen,930,25.3,53.01,107,105,90,NORMAL,0,Synthetic simulation of NORMAL condition,synthetic
2026-09-16 05:43:56.275959+00:00,SYNTH_NORM_003,dev_001,Kitchen,925,25.17,52.83,118,107,90,NORMAL,0,Synthetic simulation of NORMAL condition,synthetic
2026-09-16 05:43:57.275959+00:00,SYNTH_NORM_003,dev_001,Kitchen,925,25.35,52.98,111,106,90,NORMAL,0,Synthetic simulation of NORMAL condition,synthetic
2026-09-16 05:43:58.275959+00:00,SYNTH_NORM_003,dev_001,Kitchen,932,25.03,52.98,115,106,90,NORMAL,0,Synthetic simulation of NORMAL condition,synthetic
2026-09-16 05:43:59.275959+00:00,SYNTH_NORM_003,dev_001,Kitchen,936,25.28,52.69,114,108,90,NORMAL,0,Synthetic simulation of NORMAL condition,synthetic
2026-09-16 05:44:00.275959+00:00,SYNTH_NORM_003,dev_001,Kitchen,927,25.21,52.39,109,104,90,NORMAL,0,Synthetic simulation of NORMAL condition,synthetic
2026-09-16 05:44:01.275959+00:00,SYNTH_NORM_003,dev_001,Kitchen,930,24.8,52.75,113,108,90,NORMAL,0,Synthetic simulation of NORMAL condition,synthetic
2026-09-16 05:44:02.275959+00:00,SYNTH_NORM_003,dev_001,Kitchen,937,25.23,52.94,116,104,90,NORMAL,0,Synthetic simulation of NORMAL condition,synthetic
2026-09-16 05:44:03.275959+00:00,SYNTH_NORM_003,dev_001,Kitchen,931,25.41,52.66,116,107,90,NORMAL,0,Synthetic simulation of NORMAL condition,synthetic
2026-09-16 05:44:04.275959+00:00,SYNTH_NORM_003,dev_001,Kitchen,922,25.15,52.66,107,108,90,NORMAL,0,Synthetic simulation of NORMAL condition,synthetic
2026-09-16 05:44:05.275959+00:00,SYNTH_NORM_003,dev_001,Kitchen,927,25.07,52.59,117,108,90,NORMAL,0,Synthetic simulation of NORMAL condition,synthetic
2026-09-16 05:44:06.275959+00:00,SYNTH_NORM_003,dev_001,Kitchen,929,25.36,52.76,113,108,90,NORMAL,0,Synthetic simulation of NORMAL condition,synthetic
2026-09-16 05:44:07.275959+00:00,SYNTH_NORM_003,dev_001,Kitchen,930,25.32,52.54,110,107,90,NORMAL,0,Synthetic simulation of NORMAL condition,synthetic
2026-09-16 05:44:08.275959+00:00,SYNTH_NORM_003,dev_001,Kitchen,929,25.04,52.73,111,109,90,NORMAL,0,Synthetic simulation of NORMAL condition,synthetic
2026-09-16 05:44:09.275959+00:00,SYNTH_NORM_003,dev_001,Kitchen,928,25.24,52.39,112,108,90,NORMAL,0,Synthetic simulation of NORMAL condition,synthetic
2026-09-16 05:44:10.275959+00:00,SYNTH_NORM_003,dev_001,Kitchen,923,24.92,52.72,113,106,90,NORMAL,0,Synthetic simulation of NORMAL condition,synthetic
2026-09-16 05:44:11.275959+00:00,SYNTH_NORM_003,dev_001,Kitchen,927,24.95,53.03,110,107,90,NORMAL,0,Synthetic simulation of NORMAL condition,synthetic
2026-09-16 05:44:12.275959+00:00,SYNTH_NORM_003,dev_001,Kitchen,929,25.24,52.51,112,107,90,NORMAL,0,Synthetic simulation of NORMAL condition,synthetic
2026-09-16 05:44:13.275959+00:00,SYNTH_NORM_003,dev_001,Kitchen,924,24.87,52.49,110,106,90,NORMAL,0,Synthetic simulation of NORMAL condition,synthetic
2026-09-16 05:44:14.275959+00:00,SYNTH_NORM_003,dev_001,Kitchen,927,25.15,52.8,110,107,90,NORMAL,0,Synthetic simulation of NORMAL condition,synthetic
2026-09-16 05:44:15.275959+00:00,SYNTH_NORM_003,dev_001,Kitchen,928,24.94,52.39,106,109,90,NORMAL,0,Synthetic simulation of NORMAL condition,synthetic
2026-09-16 05:44:16.275959+00:00,SYNTH_NORM_003,dev_001,Kitchen,927,25.15,53.22,113,108,90,NORMAL,0,Synthetic simulation of NORMAL condition,synthetic
2026-09-16 05:44:17.275959+00:00,SYNTH_NORM_003,dev_001,Kitchen,926,25.1,52.84,111,108,90,NORMAL,0,Synthetic simulation of NORMAL condition,synthetic
2026-09-16 05:44:18.275959+00:00,SYNTH_NORM_003,dev_001,Kitchen,928,24.89,52.55,115,106,90,NORMAL,0,Synthetic simulation of NORMAL condition,synthetic
2026-09-16 05:44:19.275959+00:00,SYNTH_NORM_003,dev_001,Kitchen,925,25.32,52.3,111,108,90,NORMAL,0,Synthetic simulation of NORMAL condition,synthetic
2026-09-16 05:44:20.275959+00:00,SYNTH_NORM_003,dev_001,Kitchen,927,25.22,52.74,117,109,90,NORMAL,0,Synthetic simulation of NORMAL condition,synthetic
2026-09-16 05:44:21.275959+00:00,SYNTH_NORM_003,dev_001,Kitchen,935,25.06,53.41,109,107,90,NORMAL,0,Synthetic simulation of NORMAL condition,synthetic
2026-09-16 05:44:22.275959+00:00,SYNTH_NORM_003,dev_001,Kitchen,926,24.9,52.71,114,106,90,NORMAL,0,Synthetic simulation of NORMAL condition,synthetic
2026-09-16 05:44:23.275959+00:00,SYNTH_NORM_003,dev_001,Kitchen,929,25.1,53.0,115,109,90,NORMAL,0,Synthetic simulation of NORMAL condition,synthetic
2026-09-16 05:44:24.275959+00:00,SYNTH_NORM_003,dev_001,Kitchen,925,25.2,53.04,113,105,90,NORMAL,0,Synthetic simulation of NORMAL condition,synthetic
2026-09-16 05:44:25.275959+00:00,SYNTH_NORM_003,dev_001,Kitchen,931,24.9,52.88,113,107,90,NORMAL,0,Synthetic simulation of NORMAL condition,synthetic
2026-09-16 05:44:26.275959+00:00,SYNTH_NORM_003,dev_001,Kitchen,929,25.18,53.01,112,106,90,NORMAL,0,Synthetic simulation of NORMAL condition,synthetic
2026-09-16 05:44:27.275959+00:00,SYNTH_NORM_003,dev_001,Kitchen,934,24.91,52.63,113,108,90,NORMAL,0,Synthetic simulation of NORMAL condition,synthetic
2026-09-16 05:44:28.275959+00:00,SYNTH_NORM_003,dev_001,Kitchen,931,25.28,52.67,118,108,90,NORMAL,0,Synthetic simulation of NORMAL condition,synthetic
2026-09-16 05:44:29.275959+00:00,SYNTH_NORM_003,dev_001,Kitchen,932,25.14,52.54,113,103,90,NORMAL,0,Synthetic simulation of NORMAL condition,synthetic
2026-09-16 05:44:30.275959+00:00,SYNTH_NORM_003,dev_001,Kitchen,934,25.33,52.65,110,108,90,NORMAL,0,Synthetic simulation of NORMAL condition,synthetic
2026-09-16 05:44:31.275959+00:00,SYNTH_NORM_003,dev_001,Kitchen,923,25.13,52.92,111,110,90,NORMAL,0,Synthetic simulation of NORMAL condition,synthetic
2026-09-16 05:44:32.275959+00:00,SYNTH_NORM_003,dev_001,Kitchen,925,25.01,52.66,111,110,90,NORMAL,0,Synthetic simulation of NORMAL condition,synthetic
2026-09-16 05:44:33.275959+00:00,SYNTH_NORM_003,dev_001,Kitchen,928,25.18,52.38,113,105,90,NORMAL,0,Synthetic simulation of NORMAL condition,synthetic
2026-09-16 05:44:34.275959+00:00,SYNTH_NORM_003,dev_001,Kitchen,926,25.31,52.96,116,107,90,NORMAL,0,Synthetic simulation of NORMAL condition,synthetic
2026-09-16 05:44:35.275959+00:00,SYNTH_NORM_003,dev_001,Kitchen,922,25.06,52.68,110,108,90,NORMAL,0,Synthetic simulation of NORMAL condition,synthetic
2026-09-16 05:44:36.275959+00:00,SYNTH_NORM_003,dev_001,Kitchen,935,25.19,53.4,114,106,90,NORMAL,0,Synthetic simulation of NORMAL condition,synthetic
2026-09-16 05:44:37.275959+00:00,SYNTH_NORM_003,dev_001,Kitchen,931,25.11,52.98,114,108,90,NORMAL,0,Synthetic simulation of NORMAL condition,synthetic
2026-09-16 05:44:38.275959+00:00,SYNTH_NORM_003,dev_001,Kitchen,930,25.3,52.81,116,109,90,NORMAL,0,Synthetic simulation of NORMAL condition,synthetic
2026-09-16 05:44:39.275959+00:00,SYNTH_NORM_003,dev_001,Kitchen,930,25.29,52.81,109,106,90,NORMAL,0,Synthetic simulation of NORMAL condition,synthetic
2026-09-16 05:44:40.275959+00:00,SYNTH_NORM_003,dev_001,Kitchen,932,25.47,52.61,114,103,90,NORMAL,0,Synthetic simulation of NORMAL condition,synthetic
2026-09-16 05:44:41.275959+00:00,SYNTH_NORM_003,dev_001,Kitchen,919,25.38,52.54,113,105,90,NORMAL,0,Synthetic simulation of NORMAL condition,synthetic
2026-09-16 05:44:42.275959+00:00,SYNTH_NORM_003,dev_001,Kitchen,926,25.24,52.39,114,105,90,NORMAL,0,Synthetic simulation of NORMAL condition,synthetic
2026-09-16 05:44:43.275959+00:00,SYNTH_NORM_003,dev_001,Kitchen,924,25.04,52.65,111,105,90,NORMAL,0,Synthetic simulation of NORMAL condition,synthetic
2026-09-16 05:44:44.275959+00:00,SYNTH_NORM_003,dev_001,Kitchen,928,25.32,52.93,108,107,90,NORMAL,0,Synthetic simulation of NORMAL condition,synthetic
2026-09-16 05:44:45.275959+00:00,SYNTH_NORM_003,dev_001,Kitchen,924,25.11,52.78,109,107,90,NORMAL,0,Synthetic simulation of NORMAL condition,synthetic
2026-09-16 05:44:46.275959+00:00,SYNTH_NORM_003,dev_001,Kitchen,936,25.47,52.85,117,106,90,NORMAL,0,Synthetic simulation of NORMAL condition,synthetic
2026-09-16 05:44:47.275959+00:00,SYNTH_NORM_003,dev_001,Kitchen,928,25.23,52.95,116,106,90,NORMAL,0,Synthetic simulation of NORMAL condition,synthetic
2026-09-16 05:44:48.275959+00:00,SYNTH_NORM_003,dev_001,Kitchen,928,24.99,52.15,116,106,90,NORMAL,0,Synthetic simulation of NORMAL condition,synthetic
2026-09-16 05:44:49.275959+00:00,SYNTH_NORM_003,dev_001,Kitchen,928,24.97,52.31,114,108,90,NORMAL,0,Synthetic simulation of NORMAL condition,synthetic
2026-09-16 05:44:50.275959+00:00,SYNTH_NORM_003,dev_001,Kitchen,931,25.22,52.43,110,107,90,NORMAL,0,Synthetic simulation of NORMAL condition,synthetic
2026-09-16 05:44:51.275959+00:00,SYNTH_NORM_003,dev_001,Kitchen,923,24.93,53.01,111,106,90,NORMAL,0,Synthetic simulation of NORMAL condition,synthetic
2026-09-16 05:44:52.275959+00:00,SYNTH_NORM_003,dev_001,Kitchen,935,25.25,52.88,111,111,90,NORMAL,0,Synthetic simulation of NORMAL condition,synthetic
2026-09-16 05:42:53.278469+00:00,SYNTH_NORM_004,dev_001,Kitchen,922,25.43,52.34,140,99,90,NORMAL,0,Synthetic simulation of NORMAL condition,synthetic
2026-09-16 05:42:54.278469+00:00,SYNTH_NORM_004,dev_001,Kitchen,918,25.39,52.35,139,106,90,NORMAL,0,Synthetic simulation of NORMAL condition,synthetic
2026-09-16 05:42:55.278469+00:00,SYNTH_NORM_004,dev_001,Kitchen,921,25.36,53.17,141,100,90,NORMAL,0,Synthetic simulation of NORMAL condition,synthetic
2026-09-16 05:42:56.278469+00:00,SYNTH_NORM_004,dev_001,Kitchen,907,25.64,52.43,137,102,90,NORMAL,0,Synthetic simulation of NORMAL condition,synthetic
2026-09-16 05:42:57.278469+00:00,SYNTH_NORM_004,dev_001,Kitchen,918,25.63,52.65,134,101,90,NORMAL,0,Synthetic simulation of NORMAL condition,synthetic
2026-09-16 05:42:58.278469+00:00,SYNTH_NORM_004,dev_001,Kitchen,915,25.62,52.16,138,101,90,NORMAL,0,Synthetic simulation of NORMAL condition,synthetic
2026-09-16 05:42:59.278469+00:00,SYNTH_NORM_004,dev_001,Kitchen,921,25.3,52.35,142,97,90,NORMAL,0,Synthetic simulation of NORMAL condition,synthetic
2026-09-16 05:43:00.278469+00:00,SYNTH_NORM_004,dev_001,Kitchen,920,25.5,52.23,138,95,90,NORMAL,0,Synthetic simulation of NORMAL condition,synthetic
2026-09-16 05:43:01.278469+00:00,SYNTH_NORM_004,dev_001,Kitchen,916,25.48,52.26,139,99,90,NORMAL,0,Synthetic simulation of NORMAL condition,synthetic
2026-09-16 05:43:02.278469+00:00,SYNTH_NORM_004,dev_001,Kitchen,917,25.29,52.28,137,101,90,NORMAL,0,Synthetic simulation of NORMAL condition,synthetic
2026-09-16 05:43:03.278469+00:00,SYNTH_NORM_004,dev_001,Kitchen,917,25.3,52.25,134,101,90,NORMAL,0,Synthetic simulation of NORMAL condition,synthetic
2026-09-16 05:43:04.278469+00:00,SYNTH_NORM_004,dev_001,Kitchen,924,25.44,53.03,142,101,90,NORMAL,0,Synthetic simulation of NORMAL condition,synthetic
2026-09-16 05:43:05.278469+00:00,SYNTH_NORM_004,dev_001,Kitchen,917,25.56,52.64,141,103,90,NORMAL,0,Synthetic simulation of NORMAL condition,synthetic
2026-09-16 05:43:06.278469+00:00,SYNTH_NORM_004,dev_001,Kitchen,919,25.41,52.24,140,101,90,NORMAL,0,Synthetic simulation of NORMAL condition,synthetic
2026-09-16 05:43:07.278469+00:00,SYNTH_NORM_004,dev_001,Kitchen,918,25.63,52.35,135,103,90,NORMAL,0,Synthetic simulation of NORMAL condition,synthetic
2026-09-16 05:43:08.278469+00:00,SYNTH_NORM_004,dev_001,Kitchen,918,25.46,52.41,146,102,90,NORMAL,0,Synthetic simulation of NORMAL condition,synthetic
2026-09-16 05:43:09.278469+00:00,SYNTH_NORM_004,dev_001,Kitchen,913,25.56,52.65,134,106,90,NORMAL,0,Synthetic simulation of NORMAL condition,synthetic
2026-09-16 05:43:10.278469+00:00,SYNTH_NORM_004,dev_001,Kitchen,916,25.29,52.36,144,101,90,NORMAL,0,Synthetic simulation of NORMAL condition,synthetic
2026-09-16 05:43:11.278469+00:00,SYNTH_NORM_004,dev_001,Kitchen,915,25.33,52.34,138,101,90,NORMAL,0,Synthetic simulation of NORMAL condition,synthetic
2026-09-16 05:43:12.278469+00:00,SYNTH_NORM_004,dev_001,Kitchen,916,25.36,52.45,142,102,90,NORMAL,0,Synthetic simulation of NORMAL condition,synthetic
2026-09-16 05:43:13.278469+00:00,SYNTH_NORM_004,dev_001,Kitchen,916,25.46,52.54,140,103,90,NORMAL,0,Synthetic simulation of NORMAL condition,synthetic
2026-09-16 05:43:14.278469+00:00,SYNTH_NORM_004,dev_001,Kitchen,919,25.58,52.31,137,102,90,NORMAL,0,Synthetic simulation of NORMAL condition,synthetic
2026-09-16 05:43:15.278469+00:00,SYNTH_NORM_004,dev_001,Kitchen,915,25.34,52.2,136,103,90,NORMAL,0,Synthetic simulation of NORMAL condition,synthetic
2026-09-16 05:43:16.278469+00:00,SYNTH_NORM_004,dev_001,Kitchen,916,25.42,52.59,139,100,90,NORMAL,0,Synthetic simulation of NORMAL condition,synthetic
2026-09-16 05:43:17.278469+00:00,SYNTH_NORM_004,dev_001,Kitchen,919,25.43,52.39,135,102,90,NORMAL,0,Synthetic simulation of NORMAL condition,synthetic
2026-09-16 05:43:18.278469+00:00,SYNTH_NORM_004,dev_001,Kitchen,920,25.44,52.04,139,99,90,NORMAL,0,Synthetic simulation of NORMAL condition,synthetic
2026-09-16 05:43:19.278469+00:00,SYNTH_NORM_004,dev_001,Kitchen,920,25.17,52.84,139,104,90,NORMAL,0,Synthetic simulation of NORMAL condition,synthetic
2026-09-16 05:43:20.278469+00:00,SYNTH_NORM_004,dev_001,Kitchen,915,25.53,52.44,139,99,90,NORMAL,0,Synthetic simulation of NORMAL condition,synthetic
2026-09-16 05:43:21.278469+00:00,SYNTH_NORM_004,dev_001,Kitchen,916,25.28,53.01,143,103,90,NORMAL,0,Synthetic simulation of NORMAL condition,synthetic
2026-09-16 05:43:22.278469+00:00,SYNTH_NORM_004,dev_001,Kitchen,917,25.68,52.58,142,103,90,NORMAL,0,Synthetic simulation of NORMAL condition,synthetic
2026-09-16 05:43:23.278469+00:00,SYNTH_NORM_004,dev_001,Kitchen,918,25.33,52.31,136,103,90,NORMAL,0,Synthetic simulation of NORMAL condition,synthetic
2026-09-16 05:43:24.278469+00:00,SYNTH_NORM_004,dev_001,Kitchen,918,25.52,52.54,136,102,90,NORMAL,0,Synthetic simulation of NORMAL condition,synthetic
2026-09-16 05:43:25.278469+00:00,SYNTH_NORM_004,dev_001,Kitchen,918,25.61,52.41,143,103,90,NORMAL,0,Synthetic simulation of NORMAL condition,synthetic
2026-09-16 05:43:26.278469+00:00,SYNTH_NORM_004,dev_001,Kitchen,919,25.08,52.48,136,103,90,NORMAL,0,Synthetic simulation of NORMAL condition,synthetic
2026-09-16 05:43:27.278469+00:00,SYNTH_NORM_004,dev_001,Kitchen,917,25.44,52.31,142,101,90,NORMAL,0,Synthetic simulation of NORMAL condition,synthetic
2026-09-16 05:43:28.278469+00:00,SYNTH_NORM_004,dev_001,Kitchen,920,25.26,53.06,136,107,90,NORMAL,0,Synthetic simulation of NORMAL condition,synthetic
2026-09-16 05:43:29.278469+00:00,SYNTH_NORM_004,dev_001,Kitchen,918,25.24,52.78,136,107,90,NORMAL,0,Synthetic simulation of NORMAL condition,synthetic
2026-09-16 05:43:30.278469+00:00,SYNTH_NORM_004,dev_001,Kitchen,915,25.45,52.72,138,99,90,NORMAL,0,Synthetic simulation of NORMAL condition,synthetic
2026-09-16 05:43:31.278469+00:00,SYNTH_NORM_004,dev_001,Kitchen,921,25.39,52.71,142,101,90,NORMAL,0,Synthetic simulation of NORMAL condition,synthetic
2026-09-16 05:43:32.278469+00:00,SYNTH_NORM_004,dev_001,Kitchen,917,25.6,52.58,136,99,90,NORMAL,0,Synthetic simulation of NORMAL condition,synthetic
2026-09-16 05:43:33.278469+00:00,SYNTH_NORM_004,dev_001,Kitchen,915,25.55,53.39,135,99,90,NORMAL,0,Synthetic simulation of NORMAL condition,synthetic
2026-09-16 05:43:34.278469+00:00,SYNTH_NORM_004,dev_001,Kitchen,920,25.59,52.56,140,95,90,NORMAL,0,Synthetic simulation of NORMAL condition,synthetic
2026-09-16 05:43:35.278469+00:00,SYNTH_NORM_004,dev_001,Kitchen,919,25.63,52.47,142,105,90,NORMAL,0,Synthetic simulation of NORMAL condition,synthetic
2026-09-16 05:43:36.278469+00:00,SYNTH_NORM_004,dev_001,Kitchen,923,25.3,52.39,139,102,90,NORMAL,0,Synthetic simulation of NORMAL condition,synthetic
2026-09-16 05:43:37.278469+00:00,SYNTH_NORM_004,dev_001,Kitchen,917,25.39,52.23,142,106,90,NORMAL,0,Synthetic simulation of NORMAL condition,synthetic
2026-09-16 05:43:38.278469+00:00,SYNTH_NORM_004,dev_001,Kitchen,918,25.22,52.33,146,104,90,NORMAL,0,Synthetic simulation of NORMAL condition,synthetic
2026-09-16 05:43:39.278469+00:00,SYNTH_NORM_004,dev_001,Kitchen,921,25.32,52.1,143,102,90,NORMAL,0,Synthetic simulation of NORMAL condition,synthetic
2026-09-16 05:43:40.278469+00:00,SYNTH_NORM_004,dev_001,Kitchen,919,25.45,52.84,140,105,90,NORMAL,0,Synthetic simulation of NORMAL condition,synthetic
2026-09-16 05:43:41.278469+00:00,SYNTH_NORM_004,dev_001,Kitchen,915,25.51,52.2,145,103,90,NORMAL,0,Synthetic simulation of NORMAL condition,synthetic
2026-09-16 05:43:42.278469+00:00,SYNTH_NORM_004,dev_001,Kitchen,912,25.48,52.52,139,104,90,NORMAL,0,Synthetic simulation of NORMAL condition,synthetic
2026-09-16 05:43:43.278469+00:00,SYNTH_NORM_004,dev_001,Kitchen,921,25.73,52.5,140,101,90,NORMAL,0,Synthetic simulation of NORMAL condition,synthetic
2026-09-16 05:43:44.278469+00:00,SYNTH_NORM_004,dev_001,Kitchen,922,25.74,52.14,141,101,90,NORMAL,0,Synthetic simulation of NORMAL condition,synthetic
2026-09-16 05:43:45.278469+00:00,SYNTH_NORM_004,dev_001,Kitchen,912,25.61,52.44,138,102,90,NORMAL,0,Synthetic simulation of NORMAL condition,synthetic
2026-09-16 05:43:46.278469+00:00,SYNTH_NORM_004,dev_001,Kitchen,918,25.46,52.72,139,109,90,NORMAL,0,Synthetic simulation of NORMAL condition,synthetic
2026-09-16 05:43:47.278469+00:00,SYNTH_NORM_004,dev_001,Kitchen,922,25.39,52.49,139,102,90,NORMAL,0,Synthetic simulation of NORMAL condition,synthetic
2026-09-16 05:43:48.278469+00:00,SYNTH_NORM_004,dev_001,Kitchen,926,25.3,52.17,142,106,90,NORMAL,0,Synthetic simulation of NORMAL condition,synthetic
2026-09-16 05:43:49.278469+00:00,SYNTH_NORM_004,dev_001,Kitchen,927,25.49,53.09,140,100,90,NORMAL,0,Synthetic simulation of NORMAL condition,synthetic
2026-09-16 05:43:50.278469+00:00,SYNTH_NORM_004,dev_001,Kitchen,913,25.47,52.51,145,98,90,NORMAL,0,Synthetic simulation of NORMAL condition,synthetic
2026-09-16 05:43:51.278469+00:00,SYNTH_NORM_004,dev_001,Kitchen,923,25.42,52.87,134,100,90,NORMAL,0,Synthetic simulation of NORMAL condition,synthetic
2026-09-16 05:43:52.278469+00:00,SYNTH_NORM_004,dev_001,Kitchen,913,25.44,52.36,142,101,90,NORMAL,0,Synthetic simulation of NORMAL condition,synthetic
2026-09-16 05:43:53.278469+00:00,SYNTH_NORM_004,dev_001,Kitchen,918,25.75,52.75,138,101,90,NORMAL,0,Synthetic simulation of NORMAL condition,synthetic
2026-09-16 05:43:54.278469+00:00,SYNTH_NORM_004,dev_001,Kitchen,916,25.26,52.46,144,96,90,NORMAL,0,Synthetic simulation of NORMAL condition,synthetic
2026-09-16 05:43:55.278469+00:00,SYNTH_NORM_004,dev_001,Kitchen,924,25.34,52.42,140,103,90,NORMAL,0,Synthetic simulation of NORMAL condition,synthetic
2026-09-16 05:43:56.278469+00:00,SYNTH_NORM_004,dev_001,Kitchen,920,25.65,52.25,142,101,90,NORMAL,0,Synthetic simulation of NORMAL condition,synthetic
2026-09-16 05:43:57.278469+00:00,SYNTH_NORM_004,dev_001,Kitchen,928,25.29,52.67,137,104,90,NORMAL,0,Synthetic simulation of NORMAL condition,synthetic
2026-09-16 05:43:58.278469+00:00,SYNTH_NORM_004,dev_001,Kitchen,916,25.63,52.53,139,103,90,NORMAL,0,Synthetic simulation of NORMAL condition,synthetic
2026-09-16 05:43:59.278469+00:00,SYNTH_NORM_004,dev_001,Kitchen,911,25.54,52.79,142,103,90,NORMAL,0,Synthetic simulation of NORMAL condition,synthetic
2026-09-16 05:44:00.278469+00:00,SYNTH_NORM_004,dev_001,Kitchen,921,25.43,52.09,141,101,90,NORMAL,0,Synthetic simulation of NORMAL condition,synthetic
2026-09-16 05:44:01.278469+00:00,SYNTH_NORM_004,dev_001,Kitchen,916,25.3,52.31,143,99,90,NORMAL,0,Synthetic simulation of NORMAL condition,synthetic
2026-09-16 05:44:02.278469+00:00,SYNTH_NORM_004,dev_001,Kitchen,916,25.24,52.54,140,101,90,NORMAL,0,Synthetic simulation of NORMAL condition,synthetic
2026-09-16 05:44:03.278469+00:00,SYNTH_NORM_004,dev_001,Kitchen,921,25.08,52.49,140,105,90,NORMAL,0,Synthetic simulation of NORMAL condition,synthetic
2026-09-16 05:44:04.278469+00:00,SYNTH_NORM_004,dev_001,Kitchen,915,25.4,52.19,139,101,90,NORMAL,0,Synthetic simulation of NORMAL condition,synthetic
2026-09-16 05:44:05.278469+00:00,SYNTH_NORM_004,dev_001,Kitchen,923,25.19,52.27,136,101,90,NORMAL,0,Synthetic simulation of NORMAL condition,synthetic
2026-09-16 05:44:06.278469+00:00,SYNTH_NORM_004,dev_001,Kitchen,922,25.71,52.57,141,103,90,NORMAL,0,Synthetic simulation of NORMAL condition,synthetic
2026-09-16 05:44:07.278469+00:00,SYNTH_NORM_004,dev_001,Kitchen,927,25.39,52.55,138,105,90,NORMAL,0,Synthetic simulation of NORMAL condition,synthetic
2026-09-16 05:44:08.278469+00:00,SYNTH_NORM_004,dev_001,Kitchen,920,25.31,52.15,138,103,90,NORMAL,0,Synthetic simulation of NORMAL condition,synthetic
2026-09-16 05:44:09.278469+00:00,SYNTH_NORM_004,dev_001,Kitchen,917,25.45,52.49,139,100,90,NORMAL,0,Synthetic simulation of NORMAL condition,synthetic
2026-09-16 05:44:10.278469+00:00,SYNTH_NORM_004,dev_001,Kitchen,918,25.32,52.47,145,101,90,NORMAL,0,Synthetic simulation of NORMAL condition,synthetic
2026-09-16 05:44:11.278469+00:00,SYNTH_NORM_004,dev_001,Kitchen,923,25.35,52.42,142,102,90,NORMAL,0,Synthetic simulation of NORMAL condition,synthetic
2026-09-16 05:44:12.278469+00:00,SYNTH_NORM_004,dev_001,Kitchen,923,25.43,52.6,139,102,90,NORMAL,0,Synthetic simulation of NORMAL condition,synthetic
2026-09-16 05:44:13.278469+00:00,SYNTH_NORM_004,dev_001,Kitchen,911,25.42,52.43,139,103,90,NORMAL,0,Synthetic simulation of NORMAL condition,synthetic
2026-09-16 05:44:14.278469+00:00,SYNTH_NORM_004,dev_001,Kitchen,917,25.59,52.28,144,105,90,NORMAL,0,Synthetic simulation of NORMAL condition,synthetic
2026-09-16 05:44:15.278469+00:00,SYNTH_NORM_004,dev_001,Kitchen,918,25.3,52.65,144,100,90,NORMAL,0,Synthetic simulation of NORMAL condition,synthetic
2026-09-16 05:44:16.278469+00:00,SYNTH_NORM_004,dev_001,Kitchen,919,25.23,52.66,142,97,90,NORMAL,0,Synthetic simulation of NORMAL condition,synthetic
2026-09-16 05:44:17.278469+00:00,SYNTH_NORM_004,dev_001,Kitchen,912,25.65,52.43,141,97,90,NORMAL,0,Synthetic simulation of NORMAL condition,synthetic
2026-09-16 05:44:18.278469+00:00,SYNTH_NORM_004,dev_001,Kitchen,911,25.45,52.53,137,102,90,NORMAL,0,Synthetic simulation of NORMAL condition,synthetic
2026-09-16 05:44:19.278469+00:00,SYNTH_NORM_004,dev_001,Kitchen,916,25.46,52.56,138,101,90,NORMAL,0,Synthetic simulation of NORMAL condition,synthetic
2026-09-16 05:44:20.278469+00:00,SYNTH_NORM_004,dev_001,Kitchen,922,25.32,52.67,141,101,90,NORMAL,0,Synthetic simulation of NORMAL condition,synthetic
2026-09-16 05:44:21.278469+00:00,SYNTH_NORM_004,dev_001,Kitchen,920,25.41,52.72,140,99,90,NORMAL,0,Synthetic simulation of NORMAL condition,synthetic
2026-09-16 05:44:22.278469+00:00,SYNTH_NORM_004,dev_001,Kitchen,918,25.32,52.16,143,103,90,NORMAL,0,Synthetic simulation of NORMAL condition,synthetic
2026-09-16 05:44:23.278469+00:00,SYNTH_NORM_004,dev_001,Kitchen,912,25.26,52.56,140,100,90,NORMAL,0,Synthetic simulation of NORMAL condition,synthetic
2026-09-16 05:44:24.278469+00:00,SYNTH_NORM_004,dev_001,Kitchen,923,25.51,52.84,143,103,90,NORMAL,0,Synthetic simulation of NORMAL condition,synthetic
2026-09-16 05:44:25.278469+00:00,SYNTH_NORM_004,dev_001,Kitchen,921,25.2,52.84,138,103,90,NORMAL,0,Synthetic simulation of NORMAL condition,synthetic
2026-09-16 05:44:26.278469+00:00,SYNTH_NORM_004,dev_001,Kitchen,920,25.36,52.51,141,105,90,NORMAL,0,Synthetic simulation of NORMAL condition,synthetic
2026-09-16 05:44:27.278469+00:00,SYNTH_NORM_004,dev_001,Kitchen,914,25.44,52.09,141,105,90,NORMAL,0,Synthetic simulation of NORMAL condition,synthetic
2026-09-16 05:44:28.278469+00:00,SYNTH_NORM_004,dev_001,Kitchen,914,25.45,52.74,138,108,90,NORMAL,0,Synthetic simulation of NORMAL condition,synthetic
2026-09-16 05:44:29.278469+00:00,SYNTH_NORM_004,dev_001,Kitchen,911,25.61,52.14,141,98,90,NORMAL,0,Synthetic simulation of NORMAL condition,synthetic
2026-09-16 05:44:30.278469+00:00,SYNTH_NORM_004,dev_001,Kitchen,920,25.36,52.39,139,102,90,NORMAL,0,Synthetic simulation of NORMAL condition,synthetic
2026-09-16 05:44:31.278469+00:00,SYNTH_NORM_004,dev_001,Kitchen,915,25.41,52.85,145,105,90,NORMAL,0,Synthetic simulation of NORMAL condition,synthetic
2026-09-16 05:44:32.278469+00:00,SYNTH_NORM_004,dev_001,Kitchen,922,25.36,52.45,140,105,90,NORMAL,0,Synthetic simulation of NORMAL condition,synthetic
2026-09-16 05:44:33.278469+00:00,SYNTH_NORM_004,dev_001,Kitchen,916,25.42,52.48,147,101,90,NORMAL,0,Synthetic simulation of NORMAL condition,synthetic
2026-09-16 05:44:34.278469+00:00,SYNTH_NORM_004,dev_001,Kitchen,917,25.34,52.21,141,100,90,NORMAL,0,Synthetic simulation of NORMAL condition,synthetic
2026-09-16 05:44:35.278469+00:00,SYNTH_NORM_004,dev_001,Kitchen,918,25.28,52.26,145,100,90,NORMAL,0,Synthetic simulation of NORMAL condition,synthetic
2026-09-16 05:44:36.278469+00:00,SYNTH_NORM_004,dev_001,Kitchen,926,25.29,52.63,142,97,90,NORMAL,0,Synthetic simulation of NORMAL condition,synthetic
2026-09-16 05:44:37.278469+00:00,SYNTH_NORM_004,dev_001,Kitchen,914,25.17,52.57,141,104,90,NORMAL,0,Synthetic simulation of NORMAL condition,synthetic
2026-09-16 05:44:38.278469+00:00,SYNTH_NORM_004,dev_001,Kitchen,923,25.44,52.92,143,100,90,NORMAL,0,Synthetic simulation of NORMAL condition,synthetic
2026-09-16 05:44:39.278469+00:00,SYNTH_NORM_004,dev_001,Kitchen,915,25.5,52.66,136,107,90,NORMAL,0,Synthetic simulation of NORMAL condition,synthetic
2026-09-16 05:44:40.278469+00:00,SYNTH_NORM_004,dev_001,Kitchen,919,25.21,53.03,136,104,90,NORMAL,0,Synthetic simulation of NORMAL condition,synthetic
2026-09-16 05:44:41.278469+00:00,SYNTH_NORM_004,dev_001,Kitchen,919,25.46,52.53,138,103,90,NORMAL,0,Synthetic simulation of NORMAL condition,synthetic
2026-09-16 05:44:42.278469+00:00,SYNTH_NORM_004,dev_001,Kitchen,923,25.56,52.55,140,101,90,NORMAL,0,Synthetic simulation of NORMAL condition,synthetic
2026-09-16 05:44:43.278469+00:00,SYNTH_NORM_004,dev_001,Kitchen,923,25.43,52.45,140,107,90,NORMAL,0,Synthetic simulation of NORMAL condition,synthetic
2026-09-16 05:44:44.278469+00:00,SYNTH_NORM_004,dev_001,Kitchen,922,25.38,52.36,142,99,90,NORMAL,0,Synthetic simulation of NORMAL condition,synthetic
2026-09-16 05:44:45.278469+00:00,SYNTH_NORM_004,dev_001,Kitchen,916,25.58,52.37,136,107,90,NORMAL,0,Synthetic simulation of NORMAL condition,synthetic
2026-09-16 05:44:46.278469+00:00,SYNTH_NORM_004,dev_001,Kitchen,927,25.47,52.17,138,105,90,NORMAL,0,Synthetic simulation of NORMAL condition,synthetic
2026-09-16 05:44:47.278469+00:00,SYNTH_NORM_004,dev_001,Kitchen,924,25.33,52.6,139,102,90,NORMAL,0,Synthetic simulation of NORMAL condition,synthetic
2026-09-16 05:44:48.278469+00:00,SYNTH_NORM_004,dev_001,Kitchen,919,25.22,52.39,140,103,90,NORMAL,0,Synthetic simulation of NORMAL condition,synthetic
2026-09-16 05:44:49.278469+00:00,SYNTH_NORM_004,dev_001,Kitchen,917,25.3,52.45,139,105,90,NORMAL,0,Synthetic simulation of NORMAL condition,synthetic
2026-09-16 05:44:50.278469+00:00,SYNTH_NORM_004,dev_001,Kitchen,923,25.62,52.39,143,99,90,NORMAL,0,Synthetic simulation of NORMAL condition,synthetic
2026-09-16 05:44:51.278469+00:00,SYNTH_NORM_004,dev_001,Kitchen,920,25.49,52.93,138,106,90,NORMAL,0,Synthetic simulation of NORMAL condition,synthetic
2026-09-16 05:44:52.278469+00:00,SYNTH_NORM_004,dev_001,Kitchen,924,25.29,52.02,139,100,90,NORMAL,0,Synthetic simulation of NORMAL condition,synthetic
2026-09-16 05:42:53.279493+00:00,SYNTH_NORM_005,dev_001,Kitchen,887,26.58,56.98,123,115,90,NORMAL,0,Synthetic simulation of NORMAL condition,synthetic
2026-09-16 05:42:54.279493+00:00,SYNTH_NORM_005,dev_001,Kitchen,890,26.25,57.33,127,118,90,NORMAL,0,Synthetic simulation of NORMAL condition,synthetic
2026-09-16 05:42:55.279493+00:00,SYNTH_NORM_005,dev_001,Kitchen,892,26.22,57.38,122,117,90,NORMAL,0,Synthetic simulation of NORMAL condition,synthetic
2026-09-16 05:42:56.279493+00:00,SYNTH_NORM_005,dev_001,Kitchen,882,26.25,57.38,128,118,90,NORMAL,0,Synthetic simulation of NORMAL condition,synthetic
2026-09-16 05:42:57.279493+00:00,SYNTH_NORM_005,dev_001,Kitchen,882,26.4,57.27,122,115,90,NORMAL,0,Synthetic simulation of NORMAL condition,synthetic
2026-09-16 05:42:58.279493+00:00,SYNTH_NORM_005,dev_001,Kitchen,882,26.43,57.34,124,117,90,NORMAL,0,Synthetic simulation of NORMAL condition,synthetic
2026-09-16 05:42:59.279493+00:00,SYNTH_NORM_005,dev_001,Kitchen,889,26.23,57.38,125,116,90,NORMAL,0,Synthetic simulation of NORMAL condition,synthetic
2026-09-16 05:43:00.279493+00:00,SYNTH_NORM_005,dev_001,Kitchen,880,26.31,57.3,124,123,90,NORMAL,0,Synthetic simulation of NORMAL condition,synthetic
2026-09-16 05:43:01.279493+00:00,SYNTH_NORM_005,dev_001,Kitchen,881,26.34,57.02,128,115,90,NORMAL,0,Synthetic simulation of NORMAL condition,synthetic
2026-09-16 05:43:02.279493+00:00,SYNTH_NORM_005,dev_001,Kitchen,883,26.64,57.9,124,121,90,NORMAL,0,Synthetic simulation of NORMAL condition,synthetic
2026-09-16 05:43:03.279493+00:00,SYNTH_NORM_005,dev_001,Kitchen,884,26.52,57.61,122,120,90,NORMAL,0,Synthetic simulation of NORMAL condition,synthetic
2026-09-16 05:43:04.279493+00:00,SYNTH_NORM_005,dev_001,Kitchen,887,26.11,57.64,120,119,90,NORMAL,0,Synthetic simulation of NORMAL condition,synthetic
2026-09-16 05:43:05.279493+00:00,SYNTH_NORM_005,dev_001,Kitchen,887,26.66,57.63,122,117,90,NORMAL,0,Synthetic simulation of NORMAL condition,synthetic
2026-09-16 05:43:06.279493+00:00,SYNTH_NORM_005,dev_001,Kitchen,883,26.57,57.39,127,119,90,NORMAL,0,Synthetic simulation of NORMAL condition,synthetic
2026-09-16 05:43:07.279493+00:00,SYNTH_NORM_005,dev_001,Kitchen,887,26.44,57.25,131,117,90,NORMAL,0,Synthetic simulation of NORMAL condition,synthetic
2026-09-16 05:43:08.279493+00:00,SYNTH_NORM_005,dev_001,Kitchen,893,26.47,57.12,128,117,90,NORMAL,0,Synthetic simulation of NORMAL condition,synthetic
2026-09-16 05:43:09.279493+00:00,SYNTH_NORM_005,dev_001,Kitchen,885,26.31,56.95,125,117,90,NORMAL,0,Synthetic simulation of NORMAL condition,synthetic
2026-09-16 05:43:10.279493+00:00,SYNTH_NORM_005,dev_001,Kitchen,888,26.55,56.89,129,117,90,NORMAL,0,Synthetic simulation of NORMAL condition,synthetic
2026-09-16 05:43:11.279493+00:00,SYNTH_NORM_005,dev_001,Kitchen,886,26.56,57.13,125,121,90,NORMAL,0,Synthetic simulation of NORMAL condition,synthetic
2026-09-16 05:43:12.279493+00:00,SYNTH_NORM_005,dev_001,Kitchen,880,26.48,57.14,128,114,90,NORMAL,0,Synthetic simulation of NORMAL condition,synthetic
2026-09-16 05:43:13.279493+00:00,SYNTH_NORM_005,dev_001,Kitchen,886,26.5,57.02,122,116,90,NORMAL,0,Synthetic simulation of NORMAL condition,synthetic
2026-09-16 05:43:14.279493+00:00,SYNTH_NORM_005,dev_001,Kitchen,888,26.41,57.4,123,118,90,NORMAL,0,Synthetic simulation of NORMAL condition,synthetic
2026-09-16 05:43:15.279493+00:00,SYNTH_NORM_005,dev_001,Kitchen,882,26.47,57.35,122,116,90,NORMAL,0,Synthetic simulation of NORMAL condition,synthetic
2026-09-16 05:43:16.279493+00:00,SYNTH_NORM_005,dev_001,Kitchen,880,26.51,57.43,126,123,90,NORMAL,0,Synthetic simulation of NORMAL condition,synthetic
2026-09-16 05:43:17.279493+00:00,SYNTH_NORM_005,dev_001,Kitchen,896,26.44,57.04,121,113,90,NORMAL,0,Synthetic simulation of NORMAL condition,synthetic
2026-09-16 05:43:18.279493+00:00,SYNTH_NORM_005,dev_001,Kitchen,891,26.4,57.16,128,111,90,NORMAL,0,Synthetic simulation of NORMAL condition,synthetic
2026-09-16 05:43:19.279493+00:00,SYNTH_NORM_005,dev_001,Kitchen,882,26.31,57.26,127,120,90,NORMAL,0,Synthetic simulation of NORMAL condition,synthetic
2026-09-16 05:43:20.279493+00:00,SYNTH_NORM_005,dev_001,Kitchen,883,26.4,57.32,125,119,90,NORMAL,0,Synthetic simulation of NORMAL condition,synthetic
2026-09-16 05:43:21.279493+00:00,SYNTH_NORM_005,dev_001,Kitchen,881,26.5,57.53,124,117,90,NORMAL,0,Synthetic simulation of NORMAL condition,synthetic
2026-09-16 05:43:22.279493+00:00,SYNTH_NORM_005,dev_001,Kitchen,884,26.5,57.34,125,121,90,NORMAL,0,Synthetic simulation of NORMAL condition,synthetic
2026-09-16 05:43:23.279493+00:00,SYNTH_NORM_005,dev_001,Kitchen,883,26.42,57.43,129,119,90,NORMAL,0,Synthetic simulation of NORMAL condition,synthetic
2026-09-16 05:43:24.279493+00:00,SYNTH_NORM_005,dev_001,Kitchen,876,26.62,57.28,119,121,90,NORMAL,0,Synthetic simulation of NORMAL condition,synthetic
2026-09-16 05:43:25.279493+00:00,SYNTH_NORM_005,dev_001,Kitchen,897,26.3,57.17,124,114,90,NORMAL,0,Synthetic simulation of NORMAL condition,synthetic
2026-09-16 05:43:26.279493+00:00,SYNTH_NORM_005,dev_001,Kitchen,891,26.41,57.71,127,117,90,NORMAL,0,Synthetic simulation of NORMAL condition,synthetic
2026-09-16 05:43:27.279493+00:00,SYNTH_NORM_005,dev_001,Kitchen,882,26.28,57.42,123,117,90,NORMAL,0,Synthetic simulation of NORMAL condition,synthetic
2026-09-16 05:43:28.279493+00:00,SYNTH_NORM_005,dev_001,Kitchen,883,26.51,57.22,125,119,90,NORMAL,0,Synthetic simulation of NORMAL condition,synthetic
2026-09-16 05:43:29.279493+00:00,SYNTH_NORM_005,dev_001,Kitchen,882,26.45,57.2,122,121,90,NORMAL,0,Synthetic simulation of NORMAL condition,synthetic
2026-09-16 05:43:30.279493+00:00,SYNTH_NORM_005,dev_001,Kitchen,886,26.65,57.24,121,111,90,NORMAL,0,Synthetic simulation of NORMAL condition,synthetic
2026-09-16 05:43:31.279493+00:00,SYNTH_NORM_005,dev_001,Kitchen,877,26.44,57.28,124,119,90,NORMAL,0,Synthetic simulation of NORMAL condition,synthetic
2026-09-16 05:43:32.279493+00:00,SYNTH_NORM_005,dev_001,Kitchen,890,26.48,57.0,117,121,90,NORMAL,0,Synthetic simulation of NORMAL condition,synthetic
2026-09-16 05:43:33.279493+00:00,SYNTH_NORM_005,dev_001,Kitchen,886,26.48,57.01,125,115,90,NORMAL,0,Synthetic simulation of NORMAL condition,synthetic
2026-09-16 05:43:34.279493+00:00,SYNTH_NORM_005,dev_001,Kitchen,882,26.3,57.2,127,117,90,NORMAL,0,Synthetic simulation of NORMAL condition,synthetic
2026-09-16 05:43:35.279493+00:00,SYNTH_NORM_005,dev_001,Kitchen,891,26.59,57.24,126,115,90,NORMAL,0,Synthetic simulation of NORMAL condition,synthetic
2026-09-16 05:43:36.279493+00:00,SYNTH_NORM_005,dev_001,Kitchen,890,26.09,57.5,118,119,90,NORMAL,0,Synthetic simulation of NORMAL condition,synthetic
2026-09-16 05:43:37.279493+00:00,SYNTH_NORM_005,dev_001,Kitchen,882,26.84,57.46,122,115,90,NORMAL,0,Synthetic simulation of NORMAL condition,synthetic
2026-09-16 05:43:38.279493+00:00,SYNTH_NORM_005,dev_001,Kitchen,888,26.35,57.25,120,116,90,NORMAL,0,Synthetic simulation of NORMAL condition,synthetic
2026-09-16 05:43:39.279493+00:00,SYNTH_NORM_005,dev_001,Kitchen,885,26.53,57.5,121,113,90,NORMAL,0,Synthetic simulation of NORMAL condition,synthetic
2026-09-16 05:43:40.279493+00:00,SYNTH_NORM_005,dev_001,Kitchen,888,26.42,57.34,127,116,90,NORMAL,0,Synthetic simulation of NORMAL condition,synthetic
2026-09-16 05:43:41.279493+00:00,SYNTH_NORM_005,dev_001,Kitchen,889,26.05,57.08,125,119,90,NORMAL,0,Synthetic simulation of NORMAL condition,synthetic
2026-09-16 05:43:42.279493+00:00,SYNTH_NORM_005,dev_001,Kitchen,884,26.1,57.17,125,116,90,NORMAL,0,Synthetic simulation of NORMAL condition,synthetic
2026-09-16 05:43:43.279493+00:00,SYNTH_NORM_005,dev_001,Kitchen,888,26.46,57.01,121,117,90,NORMAL,0,Synthetic simulation of NORMAL condition,synthetic
2026-09-16 05:43:44.279493+00:00,SYNTH_NORM_005,dev_001,Kitchen,888,26.08,57.56,126,118,90,NORMAL,0,Synthetic simulation of NORMAL condition,synthetic
2026-09-16 05:43:45.279493+00:00,SYNTH_NORM_005,dev_001,Kitchen,885,26.36,57.31,124,116,90,NORMAL,0,Synthetic simulation of NORMAL condition,synthetic
2026-09-16 05:43:46.279493+00:00,SYNTH_NORM_005,dev_001,Kitchen,889,26.34,57.23,122,118,90,NORMAL,0,Synthetic simulation of NORMAL condition,synthetic
2026-09-16 05:43:47.279493+00:00,SYNTH_NORM_005,dev_001,Kitchen,883,26.55,57.53,120,115,90,NORMAL,0,Synthetic simulation of NORMAL condition,synthetic
2026-09-16 05:43:48.279493+00:00,SYNTH_NORM_005,dev_001,Kitchen,878,26.41,56.96,125,115,90,NORMAL,0,Synthetic simulation of NORMAL condition,synthetic
2026-09-16 05:43:49.279493+00:00,SYNTH_NORM_005,dev_001,Kitchen,895,26.26,57.66,119,119,90,NORMAL,0,Synthetic simulation of NORMAL condition,synthetic
2026-09-16 05:43:50.279493+00:00,SYNTH_NORM_005,dev_001,Kitchen,888,26.57,57.08,122,118,90,NORMAL,0,Synthetic simulation of NORMAL condition,synthetic
2026-09-16 05:43:51.279493+00:00,SYNTH_NORM_005,dev_001,Kitchen,887,26.43,57.4,125,118,90,NORMAL,0,Synthetic simulation of NORMAL condition,synthetic
2026-09-16 05:43:52.279493+00:00,SYNTH_NORM_005,dev_001,Kitchen,885,26.49,56.95,122,118,90,NORMAL,0,Synthetic simulation of NORMAL condition,synthetic
2026-09-16 05:43:53.279493+00:00,SYNTH_NORM_005,dev_001,Kitchen,890,26.37,57.79,123,121,90,NORMAL,0,Synthetic simulation of NORMAL condition,synthetic
2026-09-16 05:43:54.279493+00:00,SYNTH_NORM_005,dev_001,Kitchen,887,26.68,57.21,123,117,90,NORMAL,0,Synthetic simulation of NORMAL condition,synthetic
2026-09-16 05:43:55.279493+00:00,SYNTH_NORM_005,dev_001,Kitchen,885,26.53,57.2,125,120,90,NORMAL,0,Synthetic simulation of NORMAL condition,synthetic
2026-09-16 05:43:56.279493+00:00,SYNTH_NORM_005,dev_001,Kitchen,882,26.29,57.6,124,116,90,NORMAL,0,Synthetic simulation of NORMAL condition,synthetic
2026-09-16 05:43:57.279493+00:00,SYNTH_NORM_005,dev_001,Kitchen,883,26.52,57.38,126,118,90,NORMAL,0,Synthetic simulation of NORMAL condition,synthetic
2026-09-16 05:43:58.279493+00:00,SYNTH_NORM_005,dev_001,Kitchen,880,26.33,57.22,124,116,90,NORMAL,0,Synthetic simulation of NORMAL condition,synthetic
2026-09-16 05:43:59.279493+00:00,SYNTH_NORM_005,dev_001,Kitchen,894,26.28,57.19,127,112,90,NORMAL,0,Synthetic simulation of NORMAL condition,synthetic
2026-09-16 05:44:00.279493+00:00,SYNTH_NORM_005,dev_001,Kitchen,888,26.38,56.98,121,117,90,NORMAL,0,Synthetic simulation of NORMAL condition,synthetic
2026-09-16 05:44:01.279493+00:00,SYNTH_NORM_005,dev_001,Kitchen,896,26.24,57.54,125,116,90,NORMAL,0,Synthetic simulation of NORMAL condition,synthetic
2026-09-16 05:44:02.279493+00:00,SYNTH_NORM_005,dev_001,Kitchen,881,26.39,57.2,129,118,90,NORMAL,0,Synthetic simulation of NORMAL condition,synthetic
2026-09-16 05:44:03.279493+00:00,SYNTH_NORM_005,dev_001,Kitchen,878,26.44,57.76,125,118,90,NORMAL,0,Synthetic simulation of NORMAL condition,synthetic
2026-09-16 05:44:04.279493+00:00,SYNTH_NORM_005,dev_001,Kitchen,888,26.37,57.45,129,116,90,NORMAL,0,Synthetic simulation of NORMAL condition,synthetic
2026-09-16 05:44:05.279493+00:00,SYNTH_NORM_005,dev_001,Kitchen,887,26.54,57.44,122,116,90,NORMAL,0,Synthetic simulation of NORMAL condition,synthetic
2026-09-16 05:44:06.279493+00:00,SYNTH_NORM_005,dev_001,Kitchen,887,26.22,57.21,120,117,90,NORMAL,0,Synthetic simulation of NORMAL condition,synthetic
2026-09-16 05:44:07.279493+00:00,SYNTH_NORM_005,dev_001,Kitchen,890,26.55,57.61,120,119,90,NORMAL,0,Synthetic simulation of NORMAL condition,synthetic
2026-09-16 05:44:08.279493+00:00,SYNTH_NORM_005,dev_001,Kitchen,885,26.33,57.47,122,118,90,NORMAL,0,Synthetic simulation of NORMAL condition,synthetic
2026-09-16 05:44:09.279493+00:00,SYNTH_NORM_005,dev_001,Kitchen,888,26.24,57.31,123,116,90,NORMAL,0,Synthetic simulation of NORMAL condition,synthetic
2026-09-16 05:44:10.279493+00:00,SYNTH_NORM_005,dev_001,Kitchen,893,26.26,57.72,123,120,90,NORMAL,0,Synthetic simulation of NORMAL condition,synthetic
2026-09-16 05:44:11.279493+00:00,SYNTH_NORM_005,dev_001,Kitchen,883,26.28,57.33,119,119,90,NORMAL,0,Synthetic simulation of NORMAL condition,synthetic
2026-09-16 05:44:12.279493+00:00,SYNTH_NORM_005,dev_001,Kitchen,889,26.37,57.44,125,119,90,NORMAL,0,Synthetic simulation of NORMAL condition,synthetic
2026-09-16 05:44:13.279493+00:00,SYNTH_NORM_005,dev_001,Kitchen,883,26.53,57.55,122,119,90,NORMAL,0,Synthetic simulation of NORMAL condition,synthetic
2026-09-16 05:44:14.279493+00:00,SYNTH_NORM_005,dev_001,Kitchen,889,26.27,57.12,129,117,90,NORMAL,0,Synthetic simulation of NORMAL condition,synthetic
2026-09-16 05:44:15.279493+00:00,SYNTH_NORM_005,dev_001,Kitchen,876,26.44,57.43,124,118,90,NORMAL,0,Synthetic simulation of NORMAL condition,synthetic
2026-09-16 05:44:16.279493+00:00,SYNTH_NORM_005,dev_001,Kitchen,881,26.14,57.41,127,117,90,NORMAL,0,Synthetic simulation of NORMAL condition,synthetic
2026-09-16 05:44:17.279493+00:00,SYNTH_NORM_005,dev_001,Kitchen,885,26.38,57.52,122,121,90,NORMAL,0,Synthetic simulation of NORMAL condition,synthetic
2026-09-16 05:44:18.279493+00:00,SYNTH_NORM_005,dev_001,Kitchen,887,26.34,57.37,126,115,90,NORMAL,0,Synthetic simulation of NORMAL condition,synthetic
2026-09-16 05:44:19.279493+00:00,SYNTH_NORM_005,dev_001,Kitchen,879,26.55,57.47,125,117,90,NORMAL,0,Synthetic simulation of NORMAL condition,synthetic
2026-09-16 05:44:20.279493+00:00,SYNTH_NORM_005,dev_001,Kitchen,890,26.51,57.41,127,117,90,NORMAL,0,Synthetic simulation of NORMAL condition,synthetic
2026-09-16 05:44:21.279493+00:00,SYNTH_NORM_005,dev_001,Kitchen,887,26.2,56.93,123,114,90,NORMAL,0,Synthetic simulation of NORMAL condition,synthetic
2026-09-16 05:44:22.279493+00:00,SYNTH_NORM_005,dev_001,Kitchen,885,26.51,57.58,124,118,90,NORMAL,0,Synthetic simulation of NORMAL condition,synthetic
2026-09-16 05:44:23.279493+00:00,SYNTH_NORM_005,dev_001,Kitchen,883,26.66,57.15,128,118,90,NORMAL,0,Synthetic simulation of NORMAL condition,synthetic
2026-09-16 05:44:24.279493+00:00,SYNTH_NORM_005,dev_001,Kitchen,881,26.39,57.76,122,118,90,NORMAL,0,Synthetic simulation of NORMAL condition,synthetic
2026-09-16 05:44:25.279493+00:00,SYNTH_NORM_005,dev_001,Kitchen,884,26.33,57.25,128,120,90,NORMAL,0,Synthetic simulation of NORMAL condition,synthetic
2026-09-16 05:44:26.279493+00:00,SYNTH_NORM_005,dev_001,Kitchen,886,26.43,57.63,122,115,90,NORMAL,0,Synthetic simulation of NORMAL condition,synthetic
2026-09-16 05:44:27.279493+00:00,SYNTH_NORM_005,dev_001,Kitchen,893,26.47,57.29,124,119,90,NORMAL,0,Synthetic simulation of NORMAL condition,synthetic
2026-09-16 05:44:28.279493+00:00,SYNTH_NORM_005,dev_001,Kitchen,889,26.55,57.42,127,117,90,NORMAL,0,Synthetic simulation of NORMAL condition,synthetic
2026-09-16 05:44:29.279493+00:00,SYNTH_NORM_005,dev_001,Kitchen,885,26.24,57.42,127,115,90,NORMAL,0,Synthetic simulation of NORMAL condition,synthetic
2026-09-16 05:44:30.279493+00:00,SYNTH_NORM_005,dev_001,Kitchen,880,26.47,57.29,121,115,90,NORMAL,0,Synthetic simulation of NORMAL condition,synthetic
2026-09-16 05:44:31.279493+00:00,SYNTH_NORM_005,dev_001,Kitchen,883,26.56,57.14,120,114,90,NORMAL,0,Synthetic simulation of NORMAL condition,synthetic
2026-09-16 05:44:32.279493+00:00,SYNTH_NORM_005,dev_001,Kitchen,888,26.39,57.42,127,120,90,NORMAL,0,Synthetic simulation of NORMAL condition,synthetic
2026-09-16 05:44:33.279493+00:00,SYNTH_NORM_005,dev_001,Kitchen,887,26.32,58.08,123,118,90,NORMAL,0,Synthetic simulation of NORMAL condition,synthetic
2026-09-16 05:44:34.279493+00:00,SYNTH_NORM_005,dev_001,Kitchen,890,26.54,57.27,119,120,90,NORMAL,0,Synthetic simulation of NORMAL condition,synthetic
2026-09-16 05:44:35.279493+00:00,SYNTH_NORM_005,dev_001,Kitchen,873,26.46,57.34,123,117,90,NORMAL,0,Synthetic simulation of NORMAL condition,synthetic
2026-09-16 05:44:36.279493+00:00,SYNTH_NORM_005,dev_001,Kitchen,875,26.4,57.32,125,120,90,NORMAL,0,Synthetic simulation of NORMAL condition,synthetic
2026-09-16 05:44:37.279493+00:00,SYNTH_NORM_005,dev_001,Kitchen,888,26.53,57.16,126,116,90,NORMAL,0,Synthetic simulation of NORMAL condition,synthetic
2026-09-16 05:44:38.279493+00:00,SYNTH_NORM_005,dev_001,Kitchen,887,26.23,57.28,120,117,90,NORMAL,0,Synthetic simulation of NORMAL condition,synthetic
2026-09-16 05:44:39.279493+00:00,SYNTH_NORM_005,dev_001,Kitchen,884,26.25,57.4,129,117,90,NORMAL,0,Synthetic simulation of NORMAL condition,synthetic
2026-09-16 05:44:40.279493+00:00,SYNTH_NORM_005,dev_001,Kitchen,883,26.38,57.69,122,119,90,NORMAL,0,Synthetic simulation of NORMAL condition,synthetic
2026-09-16 05:44:41.279493+00:00,SYNTH_NORM_005,dev_001,Kitchen,886,26.5,57.26,126,118,90,NORMAL,0,Synthetic simulation of NORMAL condition,synthetic
2026-09-16 05:44:42.279493+00:00,SYNTH_NORM_005,dev_001,Kitchen,880,26.44,57.5,127,121,90,NORMAL,0,Synthetic simulation of NORMAL condition,synthetic
2026-09-16 05:44:43.279493+00:00,SYNTH_NORM_005,dev_001,Kitchen,888,26.37,57.67,120,118,90,NORMAL,0,Synthetic simulation of NORMAL condition,synthetic
2026-09-16 05:44:44.279493+00:00,SYNTH_NORM_005,dev_001,Kitchen,887,26.62,56.89,122,119,90,NORMAL,0,Synthetic simulation of NORMAL condition,synthetic
2026-09-16 05:44:45.279493+00:00,SYNTH_NORM_005,dev_001,Kitchen,885,26.45,57.26,119,121,90,NORMAL,0,Synthetic simulation of NORMAL condition,synthetic
2026-09-16 05:44:46.279493+00:00,SYNTH_NORM_005,dev_001,Kitchen,886,26.41,57.68,121,120,90,NORMAL,0,Synthetic simulation of NORMAL condition,synthetic
2026-09-16 05:44:47.279493+00:00,SYNTH_NORM_005,dev_001,Kitchen,887,26.44,57.24,123,112,90,NORMAL,0,Synthetic simulation of NORMAL condition,synthetic
2026-09-16 05:44:48.279493+00:00,SYNTH_NORM_005,dev_001,Kitchen,887,26.38,56.85,120,118,90,NORMAL,0,Synthetic simulation of NORMAL condition,synthetic
2026-09-16 05:44:49.279493+00:00,SYNTH_NORM_005,dev_001,Kitchen,886,26.18,57.34,124,119,90,NORMAL,0,Synthetic simulation of NORMAL condition,synthetic
2026-09-16 05:44:50.279493+00:00,SYNTH_NORM_005,dev_001,Kitchen,881,26.4,57.47,124,122,90,NORMAL,0,Synthetic simulation of NORMAL condition,synthetic
2026-09-16 05:44:51.279493+00:00,SYNTH_NORM_005,dev_001,Kitchen,879,26.52,57.6,125,114,90,NORMAL,0,Synthetic simulation of NORMAL condition,synthetic
2026-09-16 05:44:52.279493+00:00,SYNTH_NORM_005,dev_001,Kitchen,886,26.43,57.57,125,118,90,NORMAL,0,Synthetic simulation of NORMAL condition,synthetic
2026-09-16 05:42:53.281487+00:00,SYNTH_NORM_006,dev_001,Kitchen,884,26.06,52.93,125,119,90,NORMAL,0,Synthetic simulation of NORMAL condition,synthetic
2026-09-16 05:42:54.281487+00:00,SYNTH_NORM_006,dev_001,Kitchen,879,26.06,53.2,118,122,90,NORMAL,0,Synthetic simulation of NORMAL condition,synthetic
2026-09-16 05:42:55.281487+00:00,SYNTH_NORM_006,dev_001,Kitchen,888,25.98,53.17,114,121,90,NORMAL,0,Synthetic simulation of NORMAL condition,synthetic
2026-09-16 05:42:56.281487+00:00,SYNTH_NORM_006,dev_001,Kitchen,872,25.94,52.76,120,120,90,NORMAL,0,Synthetic simulation of NORMAL condition,synthetic
2026-09-16 05:42:57.281487+00:00,SYNTH_NORM_006,dev_001,Kitchen,877,26.21,52.9,117,119,90,NORMAL,0,Synthetic simulation of NORMAL condition,synthetic
2026-09-16 05:42:58.281487+00:00,SYNTH_NORM_006,dev_001,Kitchen,879,26.19,53.47,119,119,90,NORMAL,0,Synthetic simulation of NORMAL condition,synthetic
2026-09-16 05:42:59.281487+00:00,SYNTH_NORM_006,dev_001,Kitchen,880,25.8,51.63,113,123,90,NORMAL,0,Synthetic simulation of NORMAL condition,synthetic
2026-09-16 05:43:00.281487+00:00,SYNTH_NORM_006,dev_001,Kitchen,876,26.05,52.96,122,121,90,NORMAL,0,Synthetic simulation of NORMAL condition,synthetic
2026-09-16 05:43:01.281487+00:00,SYNTH_NORM_006,dev_001,Kitchen,879,26.53,53.1,123,120,90,NORMAL,0,Synthetic simulation of NORMAL condition,synthetic
2026-09-16 05:43:02.281487+00:00,SYNTH_NORM_006,dev_001,Kitchen,887,26.14,52.68,118,120,90,NORMAL,0,Synthetic simulation of NORMAL condition,synthetic
2026-09-16 05:43:03.281487+00:00,SYNTH_NORM_006,dev_001,Kitchen,873,26.22,53.13,121,127,90,NORMAL,0,Synthetic simulation of NORMAL condition,synthetic
2026-09-16 05:43:04.281487+00:00,SYNTH_NORM_006,dev_001,Kitchen,884,26.1,53.26,120,123,90,NORMAL,0,Synthetic simulation of NORMAL condition,synthetic
2026-09-16 05:43:05.281487+00:00,SYNTH_NORM_006,dev_001,Kitchen,875,26.14,52.35,126,121,90,NORMAL,0,Synthetic simulation of NORMAL condition,synthetic
2026-09-16 05:43:06.281487+00:00,SYNTH_NORM_006,dev_001,Kitchen,880,26.02,53.11,121,124,90,NORMAL,0,Synthetic simulation of NORMAL condition,synthetic
2026-09-16 05:43:07.281487+00:00,SYNTH_NORM_006,dev_001,Kitchen,876,26.32,53.13,125,121,90,NORMAL,0,Synthetic simulation of NORMAL condition,synthetic
2026-09-16 05:43:08.281487+00:00,SYNTH_NORM_006,dev_001,Kitchen,879,26.26,52.83,125,124,90,NORMAL,0,Synthetic simulation of NORMAL condition,synthetic
2026-09-16 05:43:09.281487+00:00,SYNTH_NORM_006,dev_001,Kitchen,881,26.07,52.88,122,120,90,NORMAL,0,Synthetic simulation of NORMAL condition,synthetic
2026-09-16 05:43:10.281487+00:00,SYNTH_NORM_006,dev_001,Kitchen,875,26.0,53.14,120,117,90,NORMAL,0,Synthetic simulation of NORMAL condition,synthetic
2026-09-16 05:43:11.281487+00:00,SYNTH_NORM_006,dev_001,Kitchen,884,26.17,53.56,119,122,90,NORMAL,0,Synthetic simulation of NORMAL condition,synthetic
2026-09-16 05:43:12.281487+00:00,SYNTH_NORM_006,dev_001,Kitchen,887,25.81,53.04,116,123,90,NORMAL,0,Synthetic simulation of NORMAL condition,synthetic
2026-09-16 05:43:13.281487+00:00,SYNTH_NORM_006,dev_001,Kitchen,873,26.17,53.09,115,117,90,NORMAL,0,Synthetic simulation of NORMAL condition,synthetic
2026-09-16 05:43:14.281487+00:00,SYNTH_NORM_006,dev_001,Kitchen,884,26.23,52.58,121,126,90,NORMAL,0,Synthetic simulation of NORMAL condition,synthetic
2026-09-16 05:43:15.281487+00:00,SYNTH_NORM_006,dev_001,Kitchen,875,26.22,52.68,122,122,90,NORMAL,0,Synthetic simulation of NORMAL condition,synthetic
2026-09-16 05:43:16.281487+00:00,SYNTH_NORM_006,dev_001,Kitchen,874,26.23,53.03,118,125,90,NORMAL,0,Synthetic simulation of NORMAL condition,synthetic
2026-09-16 05:43:17.281487+00:00,SYNTH_NORM_006,dev_001,Kitchen,877,26.16,53.12,123,118,90,NORMAL,0,Synthetic simulation of NORMAL condition,synthetic
2026-09-16 05:43:18.281487+00:00,SYNTH_NORM_006,dev_001,Kitchen,882,26.18,52.97,123,120,90,NORMAL,0,Synthetic simulation of NORMAL condition,synthetic
2026-09-16 05:43:19.281487+00:00,SYNTH_NORM_006,dev_001,Kitchen,876,26.29,53.02,121,121,90,NORMAL,0,Synthetic simulation of NORMAL condition,synthetic
2026-09-16 05:43:20.281487+00:00,SYNTH_NORM_006,dev_001,Kitchen,882,26.17,52.9,122,123,90,NORMAL,0,Synthetic simulation of NORMAL condition,synthetic
2026-09-16 05:43:21.281487+00:00,SYNTH_NORM_006,dev_001,Kitchen,877,26.06,52.65,122,122,90,NORMAL,0,Synthetic simulation of NORMAL condition,synthetic
2026-09-16 05:43:22.281487+00:00,SYNTH_NORM_006,dev_001,Kitchen,884,26.22,52.99,124,120,90,NORMAL,0,Synthetic simulation of NORMAL condition,synthetic
2026-09-16 05:43:23.281487+00:00,SYNTH_NORM_006,dev_001,Kitchen,877,25.9,52.77,120,117,90,NORMAL,0,Synthetic simulation of NORMAL condition,synthetic
2026-09-16 05:43:24.281487+00:00,SYNTH_NORM_006,dev_001,Kitchen,884,26.22,53.13,119,120,90,NORMAL,0,Synthetic simulation of NORMAL condition,synthetic
2026-09-16 05:43:25.281487+00:00,SYNTH_NORM_006,dev_001,Kitchen,882,26.52,52.96,122,118,90,NORMAL,0,Synthetic simulation of NORMAL condition,synthetic
2026-09-16 05:43:26.281487+00:00,SYNTH_NORM_006,dev_001,Kitchen,881,26.17,52.63,122,121,90,NORMAL,0,Synthetic simulation of NORMAL condition,synthetic
2026-09-16 05:43:27.281487+00:00,SYNTH_NORM_006,dev_001,Kitchen,878,26.36,52.94,119,118,90,NORMAL,0,Synthetic simulation of NORMAL condition,synthetic
2026-09-16 05:43:28.281487+00:00,SYNTH_NORM_006,dev_001,Kitchen,879,26.1,52.77,126,122,90,NORMAL,0,Synthetic simulation of NORMAL condition,synthetic
2026-09-16 05:43:29.281487+00:00,SYNTH_NORM_006,dev_001,Kitchen,885,26.37,52.77,123,122,90,NORMAL,0,Synthetic simulation of NORMAL condition,synthetic
2026-09-16 05:43:30.281487+00:00,SYNTH_NORM_006,dev_001,Kitchen,885,26.0,52.99,119,119,90,NORMAL,0,Synthetic simulation of NORMAL condition,synthetic
2026-09-16 05:43:31.281487+00:00,SYNTH_NORM_006,dev_001,Kitchen,879,26.17,52.82,117,122,90,NORMAL,0,Synthetic simulation of NORMAL condition,synthetic
2026-09-16 05:43:32.281487+00:00,SYNTH_NORM_006,dev_001,Kitchen,883,25.87,52.79,119,121,90,NORMAL,0,Synthetic simulation of NORMAL condition,synthetic
2026-09-16 05:43:33.281487+00:00,SYNTH_NORM_006,dev_001,Kitchen,882,25.73,53.09,125,123,90,NORMAL,0,Synthetic simulation of NORMAL condition,synthetic
2026-09-16 05:43:34.281487+00:00,SYNTH_NORM_006,dev_001,Kitchen,880,26.17,52.62,121,119,90,NORMAL,0,Synthetic simulation of NORMAL condition,synthetic
2026-09-16 05:43:35.281487+00:00,SYNTH_NORM_006,dev_001,Kitchen,884,26.05,52.98,120,122,90,NORMAL,0,Synthetic simulation of NORMAL condition,synthetic
2026-09-16 05:43:36.281487+00:00,SYNTH_NORM_006,dev_001,Kitchen,881,26.13,53.22,121,120,90,NORMAL,0,Synthetic simulation of NORMAL condition,synthetic
2026-09-16 05:43:37.281487+00:00,SYNTH_NORM_006,dev_001,Kitchen,887,26.25,52.97,122,118,90,NORMAL,0,Synthetic simulation of NORMAL condition,synthetic
2026-09-16 05:43:38.281487+00:00,SYNTH_NORM_006,dev_001,Kitchen,881,26.14,52.85,116,119,90,NORMAL,0,Synthetic simulation of NORMAL condition,synthetic
2026-09-16 05:43:39.281487+00:00,SYNTH_NORM_006,dev_001,Kitchen,876,26.43,53.21,115,123,90,NORMAL,0,Synthetic simulation of NORMAL condition,synthetic
2026-09-16 05:43:40.281487+00:00,SYNTH_NORM_006,dev_001,Kitchen,879,26.19,52.55,119,122,90,NORMAL,0,Synthetic simulation of NORMAL condition,synthetic
2026-09-16 05:43:41.281487+00:00,SYNTH_NORM_006,dev_001,Kitchen,880,26.04,52.76,124,120,90,NORMAL,0,Synthetic simulation of NORMAL condition,synthetic
2026-09-16 05:43:42.281487+00:00,SYNTH_NORM_006,dev_001,Kitchen,877,26.17,53.08,125,117,90,NORMAL,0,Synthetic simulation of NORMAL condition,synthetic
2026-09-16 05:43:43.281487+00:00,SYNTH_NORM_006,dev_001,Kitchen,886,26.37,53.15,123,121,90,NORMAL,0,Synthetic simulation of NORMAL condition,synthetic
2026-09-16 05:43:44.281487+00:00,SYNTH_NORM_006,dev_001,Kitchen,877,26.1,52.99,119,121,90,NORMAL,0,Synthetic simulation of NORMAL condition,synthetic
2026-09-16 05:43:45.281487+00:00,SYNTH_NORM_006,dev_001,Kitchen,883,26.14,52.91,123,123,90,NORMAL,0,Synthetic simulation of NORMAL condition,synthetic
2026-09-16 05:43:46.281487+00:00,SYNTH_NORM_006,dev_001,Kitchen,881,26.04,53.05,124,118,90,NORMAL,0,Synthetic simulation of NORMAL condition,synthetic
2026-09-16 05:43:47.281487+00:00,SYNTH_NORM_006,dev_001,Kitchen,881,26.02,52.75,120,122,90,NORMAL,0,Synthetic simulation of NORMAL condition,synthetic
2026-09-16 05:43:48.281487+00:00,SYNTH_NORM_006,dev_001,Kitchen,878,26.12,52.93,121,122,90,NORMAL,0,Synthetic simulation of NORMAL condition,synthetic
2026-09-16 05:43:49.281487+00:00,SYNTH_NORM_006,dev_001,Kitchen,874,26.13,52.68,125,122,90,NORMAL,0,Synthetic simulation of NORMAL condition,synthetic
2026-09-16 05:43:50.281487+00:00,SYNTH_NORM_006,dev_001,Kitchen,885,25.93,52.93,121,125,90,NORMAL,0,Synthetic simulation of NORMAL condition,synthetic
2026-09-16 05:43:51.281487+00:00,SYNTH_NORM_006,dev_001,Kitchen,882,26.01,52.24,121,122,90,NORMAL,0,Synthetic simulation of NORMAL condition,synthetic
2026-09-16 05:43:52.281487+00:00,SYNTH_NORM_006,dev_001,Kitchen,883,26.09,52.73,120,127,90,NORMAL,0,Synthetic simulation of NORMAL condition,synthetic
2026-09-16 05:43:53.281487+00:00,SYNTH_NORM_006,dev_001,Kitchen,879,26.14,52.89,125,124,90,NORMAL,0,Synthetic simulation of NORMAL condition,synthetic
2026-09-16 05:43:54.281487+00:00,SYNTH_NORM_006,dev_001,Kitchen,872,26.32,52.65,122,123,90,NORMAL,0,Synthetic simulation of NORMAL condition,synthetic
2026-09-16 05:43:55.281487+00:00,SYNTH_NORM_006,dev_001,Kitchen,874,26.27,52.96,127,123,90,NORMAL,0,Synthetic simulation of NORMAL condition,synthetic
2026-09-16 05:43:56.281487+00:00,SYNTH_NORM_006,dev_001,Kitchen,883,26.17,52.7,117,123,90,NORMAL,0,Synthetic simulation of NORMAL condition,synthetic
2026-09-16 05:43:57.281487+00:00,SYNTH_NORM_006,dev_001,Kitchen,877,26.29,52.61,121,124,90,NORMAL,0,Synthetic simulation of NORMAL condition,synthetic
2026-09-16 05:43:58.281487+00:00,SYNTH_NORM_006,dev_001,Kitchen,880,26.13,52.48,121,121,90,NORMAL,0,Synthetic simulation of NORMAL condition,synthetic
2026-09-16 05:43:59.281487+00:00,SYNTH_NORM_006,dev_001,Kitchen,879,26.27,52.9,123,119,90,NORMAL,0,Synthetic simulation of NORMAL condition,synthetic
2026-09-16 05:44:00.281487+00:00,SYNTH_NORM_006,dev_001,Kitchen,880,26.11,52.82,122,120,90,NORMAL,0,Synthetic simulation of NORMAL condition,synthetic
2026-09-16 05:44:01.281487+00:00,SYNTH_NORM_006,dev_001,Kitchen,878,26.27,52.8,119,120,90,NORMAL,0,Synthetic simulation of NORMAL condition,synthetic
2026-09-16 05:44:02.281487+00:00,SYNTH_NORM_006,dev_001,Kitchen,884,26.54,52.84,129,122,90,NORMAL,0,Synthetic simulation of NORMAL condition,synthetic
2026-09-16 05:44:03.281487+00:00,SYNTH_NORM_006,dev_001,Kitchen,877,26.06,52.73,122,119,90,NORMAL,0,Synthetic simulation of NORMAL condition,synthetic
2026-09-16 05:44:04.281487+00:00,SYNTH_NORM_006,dev_001,Kitchen,877,26.27,52.83,125,122,90,NORMAL,0,Synthetic simulation of NORMAL condition,synthetic
2026-09-16 05:44:05.281487+00:00,SYNTH_NORM_006,dev_001,Kitchen,883,26.34,52.72,119,122,90,NORMAL,0,Synthetic simulation of NORMAL condition,synthetic
2026-09-16 05:44:06.281487+00:00,SYNTH_NORM_006,dev_001,Kitchen,881,26.4,52.5,122,124,90,NORMAL,0,Synthetic simulation of NORMAL condition,synthetic
2026-09-16 05:44:07.281487+00:00,SYNTH_NORM_006,dev_001,Kitchen,875,26.13,53.01,124,120,90,NORMAL,0,Synthetic simulation of NORMAL condition,synthetic
2026-09-16 05:44:08.281487+00:00,SYNTH_NORM_006,dev_001,Kitchen,879,26.26,53.17,123,123,90,NORMAL,0,Synthetic simulation of NORMAL condition,synthetic
2026-09-16 05:44:09.281487+00:00,SYNTH_NORM_006,dev_001,Kitchen,879,25.87,52.99,118,121,90,NORMAL,0,Synthetic simulation of NORMAL condition,synthetic
2026-09-16 05:44:10.281487+00:00,SYNTH_NORM_006,dev_001,Kitchen,887,26.17,52.56,117,121,90,NORMAL,0,Synthetic simulation of NORMAL condition,synthetic
2026-09-16 05:44:11.281487+00:00,SYNTH_NORM_006,dev_001,Kitchen,884,26.18,52.84,120,121,90,NORMAL,0,Synthetic simulation of NORMAL condition,synthetic
2026-09-16 05:44:12.281487+00:00,SYNTH_NORM_006,dev_001,Kitchen,878,26.07,53.1,121,124,90,NORMAL,0,Synthetic simulation of NORMAL condition,synthetic
2026-09-16 05:44:13.281487+00:00,SYNTH_NORM_006,dev_001,Kitchen,879,26.09,52.61,122,123,90,NORMAL,0,Synthetic simulation of NORMAL condition,synthetic
2026-09-16 05:44:14.281487+00:00,SYNTH_NORM_006,dev_001,Kitchen,874,26.18,52.87,124,120,90,NORMAL,0,Synthetic simulation of NORMAL condition,synthetic
2026-09-16 05:44:15.281487+00:00,SYNTH_NORM_006,dev_001,Kitchen,878,25.96,52.62,122,117,90,NORMAL,0,Synthetic simulation of NORMAL condition,synthetic
2026-09-16 05:44:16.281487+00:00,SYNTH_NORM_006,dev_001,Kitchen,874,26.06,52.61,120,122,90,NORMAL,0,Synthetic simulation of NORMAL condition,synthetic
2026-09-16 05:44:17.281487+00:00,SYNTH_NORM_006,dev_001,Kitchen,879,26.18,52.98,120,120,90,NORMAL,0,Synthetic simulation of NORMAL condition,synthetic
2026-09-16 05:44:18.281487+00:00,SYNTH_NORM_006,dev_001,Kitchen,882,26.25,53.21,118,123,90,NORMAL,0,Synthetic simulation of NORMAL condition,synthetic
2026-09-16 05:44:19.281487+00:00,SYNTH_NORM_006,dev_001,Kitchen,881,26.19,52.97,124,119,90,NORMAL,0,Synthetic simulation of NORMAL condition,synthetic
2026-09-16 05:44:20.281487+00:00,SYNTH_NORM_006,dev_001,Kitchen,883,26.12,52.98,126,121,90,NORMAL,0,Synthetic simulation of NORMAL condition,synthetic
2026-09-16 05:44:21.281487+00:00,SYNTH_NORM_006,dev_001,Kitchen,883,26.07,53.16,126,119,90,NORMAL,0,Synthetic simulation of NORMAL condition,synthetic
2026-09-16 05:44:22.281487+00:00,SYNTH_NORM_006,dev_001,Kitchen,880,26.17,52.97,124,119,90,NORMAL,0,Synthetic simulation of NORMAL condition,synthetic
2026-09-16 05:44:23.281487+00:00,SYNTH_NORM_006,dev_001,Kitchen,872,26.1,52.78,119,122,90,NORMAL,0,Synthetic simulation of NORMAL condition,synthetic
2026-09-16 05:44:24.281487+00:00,SYNTH_NORM_006,dev_001,Kitchen,884,26.01,52.51,121,124,90,NORMAL,0,Synthetic simulation of NORMAL condition,synthetic
2026-09-16 05:44:25.281487+00:00,SYNTH_NORM_006,dev_001,Kitchen,877,26.4,52.75,124,120,90,NORMAL,0,Synthetic simulation of NORMAL condition,synthetic
2026-09-16 05:44:26.281487+00:00,SYNTH_NORM_006,dev_001,Kitchen,880,26.22,53.02,123,115,90,NORMAL,0,Synthetic simulation of NORMAL condition,synthetic
2026-09-16 05:44:27.281487+00:00,SYNTH_NORM_006,dev_001,Kitchen,877,25.96,52.73,120,122,90,NORMAL,0,Synthetic simulation of NORMAL condition,synthetic
2026-09-16 05:44:28.281487+00:00,SYNTH_NORM_006,dev_001,Kitchen,874,26.18,52.81,122,121,90,NORMAL,0,Synthetic simulation of NORMAL condition,synthetic
2026-09-16 05:44:29.281487+00:00,SYNTH_NORM_006,dev_001,Kitchen,885,26.38,53.05,121,126,90,NORMAL,0,Synthetic simulation of NORMAL condition,synthetic
2026-09-16 05:44:30.281487+00:00,SYNTH_NORM_006,dev_001,Kitchen,878,25.91,52.47,119,119,90,NORMAL,0,Synthetic simulation of NORMAL condition,synthetic
2026-09-16 05:44:31.281487+00:00,SYNTH_NORM_006,dev_001,Kitchen,879,26.27,52.77,122,117,90,NORMAL,0,Synthetic simulation of NORMAL condition,synthetic
2026-09-16 05:44:32.281487+00:00,SYNTH_NORM_006,dev_001,Kitchen,872,26.32,52.77,123,119,90,NORMAL,0,Synthetic simulation of NORMAL condition,synthetic
2026-09-16 05:44:33.281487+00:00,SYNTH_NORM_006,dev_001,Kitchen,886,26.16,53.4,119,120,90,NORMAL,0,Synthetic simulation of NORMAL condition,synthetic
2026-09-16 05:44:34.281487+00:00,SYNTH_NORM_006,dev_001,Kitchen,886,26.28,53.02,122,124,90,NORMAL,0,Synthetic simulation of NORMAL condition,synthetic
2026-09-16 05:44:35.281487+00:00,SYNTH_NORM_006,dev_001,Kitchen,882,25.89,52.8,122,120,90,NORMAL,0,Synthetic simulation of NORMAL condition,synthetic
2026-09-16 05:44:36.281487+00:00,SYNTH_NORM_006,dev_001,Kitchen,883,26.08,53.05,121,120,90,NORMAL,0,Synthetic simulation of NORMAL condition,synthetic
2026-09-16 05:44:37.281487+00:00,SYNTH_NORM_006,dev_001,Kitchen,884,26.48,52.98,123,123,90,NORMAL,0,Synthetic simulation of NORMAL condition,synthetic
2026-09-16 05:44:38.281487+00:00,SYNTH_NORM_006,dev_001,Kitchen,874,26.27,52.75,119,122,90,NORMAL,0,Synthetic simulation of NORMAL condition,synthetic
2026-09-16 05:44:39.281487+00:00,SYNTH_NORM_006,dev_001,Kitchen,880,25.77,52.96,120,123,90,NORMAL,0,Synthetic simulation of NORMAL condition,synthetic
2026-09-16 05:44:40.281487+00:00,SYNTH_NORM_006,dev_001,Kitchen,882,26.31,52.61,117,124,90,NORMAL,0,Synthetic simulation of NORMAL condition,synthetic
2026-09-16 05:44:41.281487+00:00,SYNTH_NORM_006,dev_001,Kitchen,881,26.12,52.63,118,120,90,NORMAL,0,Synthetic simulation of NORMAL condition,synthetic
2026-09-16 05:44:42.281487+00:00,SYNTH_NORM_006,dev_001,Kitchen,879,26.14,52.94,127,116,90,NORMAL,0,Synthetic simulation of NORMAL condition,synthetic
2026-09-16 05:44:43.281487+00:00,SYNTH_NORM_006,dev_001,Kitchen,882,26.06,52.91,125,119,90,NORMAL,0,Synthetic simulation of NORMAL condition,synthetic
2026-09-16 05:44:44.281487+00:00,SYNTH_NORM_006,dev_001,Kitchen,888,26.29,53.1,123,124,90,NORMAL,0,Synthetic simulation of NORMAL condition,synthetic
2026-09-16 05:44:45.281487+00:00,SYNTH_NORM_006,dev_001,Kitchen,877,26.24,53.21,123,117,90,NORMAL,0,Synthetic simulation of NORMAL condition,synthetic
2026-09-16 05:44:46.281487+00:00,SYNTH_NORM_006,dev_001,Kitchen,886,26.16,52.63,125,122,90,NORMAL,0,Synthetic simulation of NORMAL condition,synthetic
2026-09-16 05:44:47.281487+00:00,SYNTH_NORM_006,dev_001,Kitchen,884,26.17,52.9,121,126,90,NORMAL,0,Synthetic simulation of NORMAL condition,synthetic
2026-09-16 05:44:48.281487+00:00,SYNTH_NORM_006,dev_001,Kitchen,887,25.84,53.1,121,123,90,NORMAL,0,Synthetic simulation of NORMAL condition,synthetic
2026-09-16 05:44:49.281487+00:00,SYNTH_NORM_006,dev_001,Kitchen,872,26.25,52.65,128,117,90,NORMAL,0,Synthetic simulation of NORMAL condition,synthetic
2026-09-16 05:44:50.281487+00:00,SYNTH_NORM_006,dev_001,Kitchen,884,26.02,52.9,118,123,90,NORMAL,0,Synthetic simulation of NORMAL condition,synthetic
2026-09-16 05:44:51.281487+00:00,SYNTH_NORM_006,dev_001,Kitchen,881,26.32,52.55,121,121,90,NORMAL,0,Synthetic simulation of NORMAL condition,synthetic
2026-09-16 05:44:52.281487+00:00,SYNTH_NORM_006,dev_001,Kitchen,882,26.13,53.38,122,123,90,NORMAL,0,Synthetic simulation of NORMAL condition,synthetic
2026-09-16 05:42:53.283485+00:00,SYNTH_NORM_007,dev_001,Kitchen,901,24.05,59.48,145,118,90,NORMAL,0,Synthetic simulation of NORMAL condition,synthetic
2026-09-16 05:42:54.283485+00:00,SYNTH_NORM_007,dev_001,Kitchen,903,24.13,59.68,146,116,90,NORMAL,0,Synthetic simulation of NORMAL condition,synthetic
2026-09-16 05:42:55.283485+00:00,SYNTH_NORM_007,dev_001,Kitchen,897,24.09,59.55,147,120,90,NORMAL,0,Synthetic simulation of NORMAL condition,synthetic
2026-09-16 05:42:56.283485+00:00,SYNTH_NORM_007,dev_001,Kitchen,892,24.29,59.19,146,118,90,NORMAL,0,Synthetic simulation of NORMAL condition,synthetic
2026-09-16 05:42:57.283485+00:00,SYNTH_NORM_007,dev_001,Kitchen,896,24.15,59.64,146,120,90,NORMAL,0,Synthetic simulation of NORMAL condition,synthetic
2026-09-16 05:42:58.283485+00:00,SYNTH_NORM_007,dev_001,Kitchen,897,24.19,59.54,147,119,90,NORMAL,0,Synthetic simulation of NORMAL condition,synthetic
2026-09-16 05:42:59.283485+00:00,SYNTH_NORM_007,dev_001,Kitchen,883,24.21,59.51,147,121,90,NORMAL,0,Synthetic simulation of NORMAL condition,synthetic
2026-09-16 05:43:00.283485+00:00,SYNTH_NORM_007,dev_001,Kitchen,894,24.36,59.28,147,117,90,NORMAL,0,Synthetic simulation of NORMAL condition,synthetic
2026-09-16 05:43:01.283485+00:00,SYNTH_NORM_007,dev_001,Kitchen,896,24.1,59.17,142,122,90,NORMAL,0,Synthetic simulation of NORMAL condition,synthetic
2026-09-16 05:43:02.283485+00:00,SYNTH_NORM_007,dev_001,Kitchen,896,24.12,59.1,143,117,90,NORMAL,0,Synthetic simulation of NORMAL condition,synthetic
2026-09-16 05:43:03.283485+00:00,SYNTH_NORM_007,dev_001,Kitchen,894,24.28,59.57,145,114,90,NORMAL,0,Synthetic simulation of NORMAL condition,synthetic
2026-09-16 05:43:04.283485+00:00,SYNTH_NORM_007,dev_001,Kitchen,893,24.12,59.55,151,119,90,NORMAL,0,Synthetic simulation of NORMAL condition,synthetic
2026-09-16 05:43:05.283485+00:00,SYNTH_NORM_007,dev_001,Kitchen,899,24.18,59.47,144,117,90,NORMAL,0,Synthetic simulation of NORMAL condition,synthetic
2026-09-16 05:43:06.283485+00:00,SYNTH_NORM_007,dev_001,Kitchen,890,24.12,59.33,147,120,90,NORMAL,0,Synthetic simulation of NORMAL condition,synthetic
2026-09-16 05:43:07.283485+00:00,SYNTH_NORM_007,dev_001,Kitchen,896,24.09,58.86,143,118,90,NORMAL,0,Synthetic simulation of NORMAL condition,synthetic
2026-09-16 05:43:08.283485+00:00,SYNTH_NORM_007,dev_001,Kitchen,895,24.48,59.46,145,114,90,NORMAL,0,Synthetic simulation of NORMAL condition,synthetic
2026-09-16 05:43:09.283485+00:00,SYNTH_NORM_007,dev_001,Kitchen,888,24.07,59.13,144,119,90,NORMAL,0,Synthetic simulation of NORMAL condition,synthetic
2026-09-16 05:43:10.283485+00:00,SYNTH_NORM_007,dev_001,Kitchen,899,24.41,59.31,144,117,90,NORMAL,0,Synthetic simulation of NORMAL condition,synthetic
2026-09-16 05:43:11.283485+00:00,SYNTH_NORM_007,dev_001,Kitchen,898,24.41,59.61,142,116,90,NORMAL,0,Synthetic simulation of NORMAL condition,synthetic
2026-09-16 05:43:12.283485+00:00,SYNTH_NORM_007,dev_001,Kitchen,894,24.35,59.49,143,116,90,NORMAL,0,Synthetic simulation of NORMAL condition,synthetic
2026-09-16 05:43:13.283485+00:00,SYNTH_NORM_007,dev_001,Kitchen,891,24.21,59.51,145,112,90,NORMAL,0,Synthetic simulation of NORMAL condition,synthetic
2026-09-16 05:43:14.283485+00:00,SYNTH_NORM_007,dev_001,Kitchen,890,24.39,59.33,143,116,90,NORMAL,0,Synthetic simulation of NORMAL condition,synthetic
2026-09-16 05:43:15.283485+00:00,SYNTH_NORM_007,dev_001,Kitchen,894,24.33,59.21,143,115,90,NORMAL,0,Synthetic simulation of NORMAL condition,synthetic
2026-09-16 05:43:16.283485+00:00,SYNTH_NORM_007,dev_001,Kitchen,894,24.26,58.9,151,112,90,NORMAL,0,Synthetic simulation of NORMAL condition,synthetic
2026-09-16 05:43:17.283485+00:00,SYNTH_NORM_007,dev_001,Kitchen,895,24.46,59.28,141,117,90,NORMAL,0,Synthetic simulation of NORMAL condition,synthetic
2026-09-16 05:43:18.283485+00:00,SYNTH_NORM_007,dev_001,Kitchen,897,24.31,59.78,148,118,90,NORMAL,0,Synthetic simulation of NORMAL condition,synthetic
2026-09-16 05:43:19.283485+00:00,SYNTH_NORM_007,dev_001,Kitchen,900,24.42,59.21,140,115,90,NORMAL,0,Synthetic simulation of NORMAL condition,synthetic
2026-09-16 05:43:20.283485+00:00,SYNTH_NORM_007,dev_001,Kitchen,887,23.89,59.5,147,118,90,NORMAL,0,Synthetic simulation of NORMAL condition,synthetic
2026-09-16 05:43:21.283485+00:00,SYNTH_NORM_007,dev_001,Kitchen,893,24.22,59.17,140,119,90,NORMAL,0,Synthetic simulation of NORMAL condition,synthetic
2026-09-16 05:43:22.283485+00:00,SYNTH_NORM_007,dev_001,Kitchen,885,24.17,59.16,144,118,90,NORMAL,0,Synthetic simulation of NORMAL condition,synthetic
2026-09-16 05:43:23.283485+00:00,SYNTH_NORM_007,dev_001,Kitchen,890,24.02,58.85,146,120,90,NORMAL,0,Synthetic simulation of NORMAL condition,synthetic
2026-09-16 05:43:24.283485+00:00,SYNTH_NORM_007,dev_001,Kitchen,893,24.26,59.17,149,116,90,NORMAL,0,Synthetic simulation of NORMAL condition,synthetic
2026-09-16 05:43:25.283485+00:00,SYNTH_NORM_007,dev_001,Kitchen,895,24.15,59.59,143,117,90,NORMAL,0,Synthetic simulation of NORMAL condition,synthetic
2026-09-16 05:43:26.283485+00:00,SYNTH_NORM_007,dev_001,Kitchen,898,24.31,59.52,144,117,90,NORMAL,0,Synthetic simulation of NORMAL condition,synthetic
2026-09-16 05:43:27.283485+00:00,SYNTH_NORM_007,dev_001,Kitchen,896,24.34,59.54,141,115,90,NORMAL,0,Synthetic simulation of NORMAL condition,synthetic
2026-09-16 05:43:28.283485+00:00,SYNTH_NORM_007,dev_001,Kitchen,900,24.1,59.46,145,120,90,NORMAL,0,Synthetic simulation of NORMAL condition,synthetic
2026-09-16 05:43:29.283485+00:00,SYNTH_NORM_007,dev_001,Kitchen,892,24.24,59.16,152,118,90,NORMAL,0,Synthetic simulation of NORMAL condition,synthetic
2026-09-16 05:43:30.283485+00:00,SYNTH_NORM_007,dev_001,Kitchen,899,24.41,59.37,140,117,90,NORMAL,0,Synthetic simulation of NORMAL condition,synthetic
2026-09-16 05:43:31.283485+00:00,SYNTH_NORM_007,dev_001,Kitchen,897,24.22,59.0,148,118,90,NORMAL,0,Synthetic simulation of NORMAL condition,synthetic
2026-09-16 05:43:32.283485+00:00,SYNTH_NORM_007,dev_001,Kitchen,889,24.31,59.36,142,114,90,NORMAL,0,Synthetic simulation of NORMAL condition,synthetic
2026-09-16 05:43:33.283485+00:00,SYNTH_NORM_007,dev_001,Kitchen,891,24.24,59.27,145,112,90,NORMAL,0,Synthetic simulation of NORMAL condition,synthetic
2026-09-16 05:43:34.283485+00:00,SYNTH_NORM_007,dev_001,Kitchen,896,24.23,59.47,145,117,90,NORMAL,0,Synthetic simulation of NORMAL condition,synthetic
2026-09-16 05:43:35.283485+00:00,SYNTH_NORM_007,dev_001,Kitchen,895,24.16,59.18,146,120,90,NORMAL,0,Synthetic simulation of NORMAL condition,synthetic
2026-09-16 05:43:36.283485+00:00,SYNTH_NORM_007,dev_001,Kitchen,897,24.2,59.48,144,112,90,NORMAL,0,Synthetic simulation of NORMAL condition,synthetic
2026-09-16 05:43:37.283485+00:00,SYNTH_NORM_007,dev_001,Kitchen,897,24.41,58.96,146,118,90,NORMAL,0,Synthetic simulation of NORMAL condition,synthetic
2026-09-16 05:43:38.283485+00:00,SYNTH_NORM_007,dev_001,Kitchen,905,23.96,59.29,150,117,90,NORMAL,0,Synthetic simulation of NORMAL condition,synthetic
2026-09-16 05:43:39.283485+00:00,SYNTH_NORM_007,dev_001,Kitchen,898,24.29,59.49,144,120,90,NORMAL,0,Synthetic simulation of NORMAL condition,synthetic
2026-09-16 05:43:40.283485+00:00,SYNTH_NORM_007,dev_001,Kitchen,900,24.38,59.41,143,118,90,NORMAL,0,Synthetic simulation of NORMAL condition,synthetic
2026-09-16 05:43:41.283485+00:00,SYNTH_NORM_007,dev_001,Kitchen,896,24.24,59.21,141,116,90,NORMAL,0,Synthetic simulation of NORMAL condition,synthetic
2026-09-16 05:43:42.283485+00:00,SYNTH_NORM_007,dev_001,Kitchen,895,24.19,59.54,139,118,90,NORMAL,0,Synthetic simulation of NORMAL condition,synthetic
2026-09-16 05:43:43.283485+00:00,SYNTH_NORM_007,dev_001,Kitchen,901,23.97,59.31,147,117,90,NORMAL,0,Synthetic simulation of NORMAL condition,synthetic
2026-09-16 05:43:44.283485+00:00,SYNTH_NORM_007,dev_001,Kitchen,899,24.3,59.51,143,122,90,NORMAL,0,Synthetic simulation of NORMAL condition,synthetic
2026-09-16 05:43:45.283485+00:00,SYNTH_NORM_007,dev_001,Kitchen,896,24.39,59.55,147,117,90,NORMAL,0,Synthetic simulation of NORMAL condition,synthetic
2026-09-16 05:43:46.283485+00:00,SYNTH_NORM_007,dev_001,Kitchen,897,24.14,59.16,149,118,90,NORMAL,0,Synthetic simulation of NORMAL condition,synthetic
2026-09-16 05:43:47.283485+00:00,SYNTH_NORM_007,dev_001,Kitchen,895,24.14,59.16,141,116,90,NORMAL,0,Synthetic simulation of NORMAL condition,synthetic
2026-09-16 05:43:48.283485+00:00,SYNTH_NORM_007,dev_001,Kitchen,898,24.24,59.64,143,118,90,NORMAL,0,Synthetic simulation of NORMAL condition,synthetic
2026-09-16 05:43:49.283485+00:00,SYNTH_NORM_007,dev_001,Kitchen,898,23.95,59.1,150,117,90,NORMAL,0,Synthetic simulation of NORMAL condition,synthetic
2026-09-16 05:43:50.283485+00:00,SYNTH_NORM_007,dev_001,Kitchen,895,24.03,59.05,148,114,90,NORMAL,0,Synthetic simulation of NORMAL condition,synthetic
2026-09-16 05:43:51.283485+00:00,SYNTH_NORM_007,dev_001,Kitchen,893,24.13,59.15,139,120,90,NORMAL,0,Synthetic simulation of NORMAL condition,synthetic
2026-09-16 05:43:52.283485+00:00,SYNTH_NORM_007,dev_001,Kitchen,892,24.27,59.21,142,119,90,NORMAL,0,Synthetic simulation of NORMAL condition,synthetic
2026-09-16 05:43:53.283485+00:00,SYNTH_NORM_007,dev_001,Kitchen,894,24.47,59.5,146,119,90,NORMAL,0,Synthetic simulation of NORMAL condition,synthetic
2026-09-16 05:43:54.283485+00:00,SYNTH_NORM_007,dev_001,Kitchen,895,24.37,59.06,142,114,90,NORMAL,0,Synthetic simulation of NORMAL condition,synthetic
2026-09-16 05:43:55.283485+00:00,SYNTH_NORM_007,dev_001,Kitchen,890,24.31,58.84,143,117,90,NORMAL,0,Synthetic simulation of NORMAL condition,synthetic
2026-09-16 05:43:56.283485+00:00,SYNTH_NORM_007,dev_001,Kitchen,898,24.14,59.05,142,113,90,NORMAL,0,Synthetic simulation of NORMAL condition,synthetic
2026-09-16 05:43:57.283485+00:00,SYNTH_NORM_007,dev_001,Kitchen,897,24.27,58.99,140,114,90,NORMAL,0,Synthetic simulation of NORMAL condition,synthetic
2026-09-16 05:43:58.283485+00:00,SYNTH_NORM_007,dev_001,Kitchen,882,24.01,59.27,143,120,90,NORMAL,0,Synthetic simulation of NORMAL condition,synthetic
2026-09-16 05:43:59.283485+00:00,SYNTH_NORM_007,dev_001,Kitchen,895,24.28,59.39,143,116,90,NORMAL,0,Synthetic simulation of NORMAL condition,synthetic
2026-09-16 05:44:00.283485+00:00,SYNTH_NORM_007,dev_001,Kitchen,897,24.24,59.14,141,118,90,NORMAL,0,Synthetic simulation of NORMAL condition,synthetic
2026-09-16 05:44:01.283485+00:00,SYNTH_NORM_007,dev_001,Kitchen,896,24.28,59.37,142,113,90,NORMAL,0,Synthetic simulation of NORMAL condition,synthetic
2026-09-16 05:44:02.283485+00:00,SYNTH_NORM_007,dev_001,Kitchen,897,24.25,59.29,148,117,90,NORMAL,0,Synthetic simulation of NORMAL condition,synthetic
2026-09-16 05:44:03.283485+00:00,SYNTH_NORM_007,dev_001,Kitchen,904,24.3,59.53,143,119,90,NORMAL,0,Synthetic simulation of NORMAL condition,synthetic
2026-09-16 05:44:04.283485+00:00,SYNTH_NORM_007,dev_001,Kitchen,894,23.96,59.39,148,119,90,NORMAL,0,Synthetic simulation of NORMAL condition,synthetic
2026-09-16 05:44:05.283485+00:00,SYNTH_NORM_007,dev_001,Kitchen,900,24.5,59.33,144,116,90,NORMAL,0,Synthetic simulation of NORMAL condition,synthetic
2026-09-16 05:44:06.283485+00:00,SYNTH_NORM_007,dev_001,Kitchen,891,23.98,59.18,145,113,90,NORMAL,0,Synthetic simulation of NORMAL condition,synthetic
2026-09-16 05:44:07.283485+00:00,SYNTH_NORM_007,dev_001,Kitchen,893,24.07,59.52,143,119,90,NORMAL,0,Synthetic simulation of NORMAL condition,synthetic
2026-09-16 05:44:08.283485+00:00,SYNTH_NORM_007,dev_001,Kitchen,899,24.32,59.45,141,116,90,NORMAL,0,Synthetic simulation of NORMAL condition,synthetic
2026-09-16 05:44:09.283485+00:00,SYNTH_NORM_007,dev_001,Kitchen,898,24.19,59.55,148,118,90,NORMAL,0,Synthetic simulation of NORMAL condition,synthetic
2026-09-16 05:44:10.283485+00:00,SYNTH_NORM_007,dev_001,Kitchen,893,24.28,59.06,145,119,90,NORMAL,0,Synthetic simulation of NORMAL condition,synthetic
2026-09-16 05:44:11.283485+00:00,SYNTH_NORM_007,dev_001,Kitchen,896,24.22,59.29,142,117,90,NORMAL,0,Synthetic simulation of NORMAL condition,synthetic
2026-09-16 05:44:12.283485+00:00,SYNTH_NORM_007,dev_001,Kitchen,897,24.28,59.2,146,117,90,NORMAL,0,Synthetic simulation of NORMAL condition,synthetic
2026-09-16 05:44:13.283485+00:00,SYNTH_NORM_007,dev_001,Kitchen,898,24.64,59.39,148,114,90,NORMAL,0,Synthetic simulation of NORMAL condition,synthetic
2026-09-16 05:44:14.283485+00:00,SYNTH_NORM_007,dev_001,Kitchen,893,24.23,59.09,148,112,90,NORMAL,0,Synthetic simulation of NORMAL condition,synthetic
2026-09-16 05:44:15.283485+00:00,SYNTH_NORM_007,dev_001,Kitchen,898,24.17,58.93,143,117,90,NORMAL,0,Synthetic simulation of NORMAL condition,synthetic
2026-09-16 05:44:16.283485+00:00,SYNTH_NORM_007,dev_001,Kitchen,895,24.26,58.99,149,119,90,NORMAL,0,Synthetic simulation of NORMAL condition,synthetic
2026-09-16 05:44:17.283485+00:00,SYNTH_NORM_007,dev_001,Kitchen,887,24.37,59.37,142,117,90,NORMAL,0,Synthetic simulation of NORMAL condition,synthetic
2026-09-16 05:44:18.283485+00:00,SYNTH_NORM_007,dev_001,Kitchen,888,24.34,59.11,144,116,90,NORMAL,0,Synthetic simulation of NORMAL condition,synthetic
2026-09-16 05:44:19.283485+00:00,SYNTH_NORM_007,dev_001,Kitchen,898,24.38,59.16,142,113,90,NORMAL,0,Synthetic simulation of NORMAL condition,synthetic
2026-09-16 05:44:20.283485+00:00,SYNTH_NORM_007,dev_001,Kitchen,892,24.41,59.37,142,116,90,NORMAL,0,Synthetic simulation of NORMAL condition,synthetic
2026-09-16 05:44:21.283485+00:00,SYNTH_NORM_007,dev_001,Kitchen,895,24.11,59.02,146,114,90,NORMAL,0,Synthetic simulation of NORMAL condition,synthetic
2026-09-16 05:44:22.283485+00:00,SYNTH_NORM_007,dev_001,Kitchen,892,24.33,58.9,151,118,90,NORMAL,0,Synthetic simulation of NORMAL condition,synthetic
2026-09-16 05:44:23.283485+00:00,SYNTH_NORM_007,dev_001,Kitchen,889,24.24,59.23,147,120,90,NORMAL,0,Synthetic simulation of NORMAL condition,synthetic
2026-09-16 05:44:24.283485+00:00,SYNTH_NORM_007,dev_001,Kitchen,890,24.13,59.53,143,120,90,NORMAL,0,Synthetic simulation of NORMAL condition,synthetic
2026-09-16 05:44:25.283485+00:00,SYNTH_NORM_007,dev_001,Kitchen,884,24.23,59.52,148,119,90,NORMAL,0,Synthetic simulation of NORMAL condition,synthetic
2026-09-16 05:44:26.283485+00:00,SYNTH_NORM_007,dev_001,Kitchen,897,24.01,59.27,141,117,90,NORMAL,0,Synthetic simulation of NORMAL condition,synthetic
2026-09-16 05:44:27.283485+00:00,SYNTH_NORM_007,dev_001,Kitchen,893,24.51,59.24,145,118,90,NORMAL,0,Synthetic simulation of NORMAL condition,synthetic
2026-09-16 05:44:28.283485+00:00,SYNTH_NORM_007,dev_001,Kitchen,893,24.2,58.99,140,114,90,NORMAL,0,Synthetic simulation of NORMAL condition,synthetic
2026-09-16 05:44:29.283485+00:00,SYNTH_NORM_007,dev_001,Kitchen,895,24.42,59.48,146,118,90,NORMAL,0,Synthetic simulation of NORMAL condition,synthetic
2026-09-16 05:44:30.283485+00:00,SYNTH_NORM_007,dev_001,Kitchen,895,24.11,59.25,139,118,90,NORMAL,0,Synthetic simulation of NORMAL condition,synthetic
2026-09-16 05:44:31.283485+00:00,SYNTH_NORM_007,dev_001,Kitchen,899,24.11,59.28,144,115,90,NORMAL,0,Synthetic simulation of NORMAL condition,synthetic
2026-09-16 05:44:32.283485+00:00,SYNTH_NORM_007,dev_001,Kitchen,896,24.31,59.36,148,119,90,NORMAL,0,Synthetic simulation of NORMAL condition,synthetic
2026-09-16 05:44:33.283485+00:00,SYNTH_NORM_007,dev_001,Kitchen,896,24.6,59.2,143,118,90,NORMAL,0,Synthetic simulation of NORMAL condition,synthetic
2026-09-16 05:44:34.283485+00:00,SYNTH_NORM_007,dev_001,Kitchen,899,24.17,59.42,146,121,90,NORMAL,0,Synthetic simulation of NORMAL condition,synthetic
2026-09-16 05:44:35.283485+00:00,SYNTH_NORM_007,dev_001,Kitchen,887,24.39,58.84,147,119,90,NORMAL,0,Synthetic simulation of NORMAL condition,synthetic
2026-09-16 05:44:36.283485+00:00,SYNTH_NORM_007,dev_001,Kitchen,898,23.95,59.55,146,118,90,NORMAL,0,Synthetic simulation of NORMAL condition,synthetic
2026-09-16 05:44:37.283485+00:00,SYNTH_NORM_007,dev_001,Kitchen,895,24.31,58.98,148,118,90,NORMAL,0,Synthetic simulation of NORMAL condition,synthetic
2026-09-16 05:44:38.283485+00:00,SYNTH_NORM_007,dev_001,Kitchen,894,24.28,60.01,143,116,90,NORMAL,0,Synthetic simulation of NORMAL condition,synthetic
2026-09-16 05:44:39.283485+00:00,SYNTH_NORM_007,dev_001,Kitchen,890,24.22,59.05,147,117,90,NORMAL,0,Synthetic simulation of NORMAL condition,synthetic
2026-09-16 05:44:40.283485+00:00,SYNTH_NORM_007,dev_001,Kitchen,894,24.0,58.85,147,115,90,NORMAL,0,Synthetic simulation of NORMAL condition,synthetic
2026-09-16 05:44:41.283485+00:00,SYNTH_NORM_007,dev_001,Kitchen,889,24.44,59.28,143,117,90,NORMAL,0,Synthetic simulation of NORMAL condition,synthetic
2026-09-16 05:44:42.283485+00:00,SYNTH_NORM_007,dev_001,Kitchen,899,24.54,59.57,153,117,90,NORMAL,0,Synthetic simulation of NORMAL condition,synthetic
2026-09-16 05:44:43.283485+00:00,SYNTH_NORM_007,dev_001,Kitchen,886,24.14,59.45,140,118,90,NORMAL,0,Synthetic simulation of NORMAL condition,synthetic
2026-09-16 05:44:44.283485+00:00,SYNTH_NORM_007,dev_001,Kitchen,898,24.11,59.48,148,113,90,NORMAL,0,Synthetic simulation of NORMAL condition,synthetic
2026-09-16 05:44:45.283485+00:00,SYNTH_NORM_007,dev_001,Kitchen,895,24.05,59.36,146,122,90,NORMAL,0,Synthetic simulation of NORMAL condition,synthetic
2026-09-16 05:44:46.283485+00:00,SYNTH_NORM_007,dev_001,Kitchen,888,24.21,58.75,144,117,90,NORMAL,0,Synthetic simulation of NORMAL condition,synthetic
2026-09-16 05:44:47.283485+00:00,SYNTH_NORM_007,dev_001,Kitchen,891,23.85,59.54,147,118,90,NORMAL,0,Synthetic simulation of NORMAL condition,synthetic
2026-09-16 05:44:48.283485+00:00,SYNTH_NORM_007,dev_001,Kitchen,895,24.24,59.2,152,115,90,NORMAL,0,Synthetic simulation of NORMAL condition,synthetic
2026-09-16 05:44:49.283485+00:00,SYNTH_NORM_007,dev_001,Kitchen,901,24.51,58.77,145,115,90,NORMAL,0,Synthetic simulation of NORMAL condition,synthetic
2026-09-16 05:44:50.283485+00:00,SYNTH_NORM_007,dev_001,Kitchen,900,24.18,59.3,144,113,90,NORMAL,0,Synthetic simulation of NORMAL condition,synthetic
2026-09-16 05:44:51.283485+00:00,SYNTH_NORM_007,dev_001,Kitchen,893,24.38,59.1,142,117,90,NORMAL,0,Synthetic simulation of NORMAL condition,synthetic
2026-09-16 05:44:52.283485+00:00,SYNTH_NORM_007,dev_001,Kitchen,889,24.16,59.04,147,117,90,NORMAL,0,Synthetic simulation of NORMAL condition,synthetic
2026-09-16 05:42:53.285487+00:00,SYNTH_NORM_008,dev_001,Kitchen,907,24.22,52.76,125,104,90,NORMAL,0,Synthetic simulation of NORMAL condition,synthetic
2026-09-16 05:42:54.285487+00:00,SYNTH_NORM_008,dev_001,Kitchen,907,24.02,52.51,128,106,90,NORMAL,0,Synthetic simulation of NORMAL condition,synthetic
2026-09-16 05:42:55.285487+00:00,SYNTH_NORM_008,dev_001,Kitchen,900,23.95,52.4,124,106,90,NORMAL,0,Synthetic simulation of NORMAL condition,synthetic
2026-09-16 05:42:56.285487+00:00,SYNTH_NORM_008,dev_001,Kitchen,899,24.21,52.45,128,102,90,NORMAL,0,Synthetic simulation of NORMAL condition,synthetic
2026-09-16 05:42:57.285487+00:00,SYNTH_NORM_008,dev_001,Kitchen,900,23.79,52.64,123,103,90,NORMAL,0,Synthetic simulation of NORMAL condition,synthetic
2026-09-16 05:42:58.285487+00:00,SYNTH_NORM_008,dev_001,Kitchen,903,23.93,52.5,126,106,90,NORMAL,0,Synthetic simulation of NORMAL condition,synthetic
2026-09-16 05:42:59.285487+00:00,SYNTH_NORM_008,dev_001,Kitchen,897,24.04,52.31,125,106,90,NORMAL,0,Synthetic simulation of NORMAL condition,synthetic
2026-09-16 05:43:00.285487+00:00,SYNTH_NORM_008,dev_001,Kitchen,907,24.31,52.44,125,104,90,NORMAL,0,Synthetic simulation of NORMAL condition,synthetic
2026-09-16 05:43:01.285487+00:00,SYNTH_NORM_008,dev_001,Kitchen,906,24.36,52.7,130,103,90,NORMAL,0,Synthetic simulation of NORMAL condition,synthetic
2026-09-16 05:43:02.285487+00:00,SYNTH_NORM_008,dev_001,Kitchen,907,24.4,52.12,131,107,90,NORMAL,0,Synthetic simulation of NORMAL condition,synthetic
2026-09-16 05:43:03.285487+00:00,SYNTH_NORM_008,dev_001,Kitchen,905,24.2,53.06,125,107,90,NORMAL,0,Synthetic simulation of NORMAL condition,synthetic
2026-09-16 05:43:04.285487+00:00,SYNTH_NORM_008,dev_001,Kitchen,894,24.16,52.26,128,106,90,NORMAL,0,Synthetic simulation of NORMAL condition,synthetic
2026-09-16 05:43:05.285487+00:00,SYNTH_NORM_008,dev_001,Kitchen,907,24.28,53.01,128,107,90,NORMAL,0,Synthetic simulation of NORMAL condition,synthetic
2026-09-16 05:43:06.285487+00:00,SYNTH_NORM_008,dev_001,Kitchen,904,23.88,52.66,123,102,90,NORMAL,0,Synthetic simulation of NORMAL condition,synthetic
2026-09-16 05:43:07.285487+00:00,SYNTH_NORM_008,dev_001,Kitchen,912,24.07,52.62,127,106,90,NORMAL,0,Synthetic simulation of NORMAL condition,synthetic
2026-09-16 05:43:08.285487+00:00,SYNTH_NORM_008,dev_001,Kitchen,907,24.27,52.61,128,107,90,NORMAL,0,Synthetic simulation of NORMAL condition,synthetic
2026-09-16 05:43:09.285487+00:00,SYNTH_NORM_008,dev_001,Kitchen,904,24.1,52.72,125,105,90,NORMAL,0,Synthetic simulation of NORMAL condition,synthetic
2026-09-16 05:43:10.285487+00:00,SYNTH_NORM_008,dev_001,Kitchen,903,24.13,52.44,126,108,90,NORMAL,0,Synthetic simulation of NORMAL condition,synthetic
2026-09-16 05:43:11.285487+00:00,SYNTH_NORM_008,dev_001,Kitchen,908,24.2,52.32,123,108,90,NORMAL,0,Synthetic simulation of NORMAL condition,synthetic
2026-09-16 05:43:12.285487+00:00,SYNTH_NORM_008,dev_001,Kitchen,908,24.16,52.32,122,102,90,NORMAL,0,Synthetic simulation of NORMAL condition,synthetic
2026-09-16 05:43:13.285487+00:00,SYNTH_NORM_008,dev_001,Kitchen,907,24.16,52.54,127,102,90,NORMAL,0,Synthetic simulation of NORMAL condition,synthetic
2026-09-16 05:43:14.285487+00:00,SYNTH_NORM_008,dev_001,Kitchen,904,23.97,52.77,124,108,90,NORMAL,0,Synthetic simulation of NORMAL condition,synthetic
2026-09-16 05:43:15.285487+00:00,SYNTH_NORM_008,dev_001,Kitchen,911,24.15,52.15,121,104,90,NORMAL,0,Synthetic simulation of NORMAL condition,synthetic
2026-09-16 05:43:16.285487+00:00,SYNTH_NORM_008,dev_001,Kitchen,901,24.09,52.8,121,110,90,NORMAL,0,Synthetic simulation of NORMAL condition,synthetic
2026-09-16 05:43:17.285487+00:00,SYNTH_NORM_008,dev_001,Kitchen,909,24.14,52.41,127,104,90,NORMAL,0,Synthetic simulation of NORMAL condition,synthetic
2026-09-16 05:43:18.285487+00:00,SYNTH_NORM_008,dev_001,Kitchen,911,24.33,52.84,125,110,90,NORMAL,0,Synthetic simulation of NORMAL condition,synthetic
2026-09-16 05:43:19.285487+00:00,SYNTH_NORM_008,dev_001,Kitchen,907,24.03,52.69,122,105,90,NORMAL,0,Synthetic simulation of NORMAL condition,synthetic
2026-09-16 05:43:20.285487+00:00,SYNTH_NORM_008,dev_001,Kitchen,900,24.18,52.42,126,105,90,NORMAL,0,Synthetic simulation of NORMAL condition,synthetic
2026-09-16 05:43:21.285487+00:00,SYNTH_NORM_008,dev_001,Kitchen,905,24.12,52.74,127,111,90,NORMAL,0,Synthetic simulation of NORMAL condition,synthetic
2026-09-16 05:43:22.285487+00:00,SYNTH_NORM_008,dev_001,Kitchen,905,24.43,52.34,117,108,90,NORMAL,0,Synthetic simulation of NORMAL condition,synthetic
2026-09-16 05:43:23.285487+00:00,SYNTH_NORM_008,dev_001,Kitchen,907,24.36,52.36,132,107,90,NORMAL,0,Synthetic simulation of NORMAL condition,synthetic
2026-09-16 05:43:24.285487+00:00,SYNTH_NORM_008,dev_001,Kitchen,904,24.06,52.3,122,101,90,NORMAL,0,Synthetic simulation of NORMAL condition,synthetic
2026-09-16 05:43:25.285487+00:00,SYNTH_NORM_008,dev_001,Kitchen,907,24.17,52.61,126,107,90,NORMAL,0,Synthetic simulation of NORMAL condition,synthetic
2026-09-16 05:43:26.285487+00:00,SYNTH_NORM_008,dev_001,Kitchen,908,23.93,52.26,125,103,90,NORMAL,0,Synthetic simulation of NORMAL condition,synthetic
2026-09-16 05:43:27.285487+00:00,SYNTH_NORM_008,dev_001,Kitchen,898,23.89,52.21,126,107,90,NORMAL,0,Synthetic simulation of NORMAL condition,synthetic
2026-09-16 05:43:28.285487+00:00,SYNTH_NORM_008,dev_001,Kitchen,901,24.32,52.28,126,103,90,NORMAL,0,Synthetic simulation of NORMAL condition,synthetic
2026-09-16 05:43:29.285487+00:00,SYNTH_NORM_008,dev_001,Kitchen,902,23.96,52.45,121,107,90,NORMAL,0,Synthetic simulation of NORMAL condition,synthetic
2026-09-16 05:43:30.285487+00:00,SYNTH_NORM_008,dev_001,Kitchen,913,23.98,52.74,128,105,90,NORMAL,0,Synthetic simulation of NORMAL condition,synthetic
2026-09-16 05:43:31.285487+00:00,SYNTH_NORM_008,dev_001,Kitchen,907,24.05,52.37,131,109,90,NORMAL,0,Synthetic simulation of NORMAL condition,synthetic
2026-09-16 05:43:32.285487+00:00,SYNTH_NORM_008,dev_001,Kitchen,902,24.11,52.56,124,106,90,NORMAL,0,Synthetic simulation of NORMAL condition,synthetic
2026-09-16 05:43:33.285487+00:00,SYNTH_NORM_008,dev_001,Kitchen,902,24.19,52.58,127,106,90,NORMAL,0,Synthetic simulation of NORMAL condition,synthetic
2026-09-16 05:43:34.285487+00:00,SYNTH_NORM_008,dev_001,Kitchen,902,24.26,52.41,121,111,90,NORMAL,0,Synthetic simulation of NORMAL condition,synthetic
2026-09-16 05:43:35.285487+00:00,SYNTH_NORM_008,dev_001,Kitchen,903,24.17,52.39,122,104,90,NORMAL,0,Synthetic simulation of NORMAL condition,synthetic
2026-09-16 05:43:36.285487+00:00,SYNTH_NORM_008,dev_001,Kitchen,913,23.94,52.28,121,98,90,NORMAL,0,Synthetic simulation of NORMAL condition,synthetic
2026-09-16 05:43:37.285487+00:00,SYNTH_NORM_008,dev_001,Kitchen,904,24.19,52.39,130,104,90,NORMAL,0,Synthetic simulation of NORMAL condition,synthetic
2026-09-16 05:43:38.285487+00:00,SYNTH_NORM_008,dev_001,Kitchen,900,24.58,52.3,125,107,90,NORMAL,0,Synthetic simulation of NORMAL condition,synthetic
2026-09-16 05:43:39.285487+00:00,SYNTH_NORM_008,dev_001,Kitchen,907,23.95,52.74,125,100,90,NORMAL,0,Synthetic simulation of NORMAL condition,synthetic
2026-09-16 05:43:40.285487+00:00,SYNTH_NORM_008,dev_001,Kitchen,904,24.12,52.97,124,105,90,NORMAL,0,Synthetic simulation of NORMAL condition,synthetic
2026-09-16 05:43:41.285487+00:00,SYNTH_NORM_008,dev_001,Kitchen,907,24.21,52.57,124,103,90,NORMAL,0,Synthetic simulation of NORMAL condition,synthetic
2026-09-16 05:43:42.285487+00:00,SYNTH_NORM_008,dev_001,Kitchen,914,24.11,52.86,122,102,90,NORMAL,0,Synthetic simulation of NORMAL condition,synthetic
2026-09-16 05:43:43.285487+00:00,SYNTH_NORM_008,dev_001,Kitchen,908,24.07,52.65,129,103,90,NORMAL,0,Synthetic simulation of NORMAL condition,synthetic
2026-09-16 05:43:44.285487+00:00,SYNTH_NORM_008,dev_001,Kitchen,900,24.09,52.72,124,100,90,NORMAL,0,Synthetic simulation of NORMAL condition,synthetic
2026-09-16 05:43:45.285487+00:00,SYNTH_NORM_008,dev_001,Kitchen,908,23.83,52.7,123,105,90,NORMAL,0,Synthetic simulation of NORMAL condition,synthetic
2026-09-16 05:43:46.285487+00:00,SYNTH_NORM_008,dev_001,Kitchen,907,24.22,52.36,127,107,90,NORMAL,0,Synthetic simulation of NORMAL condition,synthetic
2026-09-16 05:43:47.285487+00:00,SYNTH_NORM_008,dev_001,Kitchen,897,24.18,52.37,126,107,90,NORMAL,0,Synthetic simulation of NORMAL condition,synthetic
2026-09-16 05:43:48.285487+00:00,SYNTH_NORM_008,dev_001,Kitchen,910,23.83,53.06,125,109,90,NORMAL,0,Synthetic simulation of NORMAL condition,synthetic
2026-09-16 05:43:49.285487+00:00,SYNTH_NORM_008,dev_001,Kitchen,906,24.38,52.89,128,107,90,NORMAL,0,Synthetic simulation of NORMAL condition,synthetic
2026-09-16 05:43:50.285487+00:00,SYNTH_NORM_008,dev_001,Kitchen,907,24.23,52.26,131,108,90,NORMAL,0,Synthetic simulation of NORMAL condition,synthetic
2026-09-16 05:43:51.285487+00:00,SYNTH_NORM_008,dev_001,Kitchen,903,24.17,52.36,127,108,90,NORMAL,0,Synthetic simulation of NORMAL condition,synthetic
2026-09-16 05:43:52.285487+00:00,SYNTH_NORM_008,dev_001,Kitchen,909,24.33,52.24,124,103,90,NORMAL,0,Synthetic simulation of NORMAL condition,synthetic
2026-09-16 05:43:53.285487+00:00,SYNTH_NORM_008,dev_001,Kitchen,906,24.23,52.94,125,109,90,NORMAL,0,Synthetic simulation of NORMAL condition,synthetic
2026-09-16 05:43:54.285487+00:00,SYNTH_NORM_008,dev_001,Kitchen,911,24.11,52.35,122,106,90,NORMAL,0,Synthetic simulation of NORMAL condition,synthetic
2026-09-16 05:43:55.285487+00:00,SYNTH_NORM_008,dev_001,Kitchen,898,24.47,52.76,120,103,90,NORMAL,0,Synthetic simulation of NORMAL condition,synthetic
2026-09-16 05:43:56.285487+00:00,SYNTH_NORM_008,dev_001,Kitchen,908,24.17,52.56,122,100,90,NORMAL,0,Synthetic simulation of NORMAL condition,synthetic
2026-09-16 05:43:57.285487+00:00,SYNTH_NORM_008,dev_001,Kitchen,899,24.01,52.5,125,102,90,NORMAL,0,Synthetic simulation of NORMAL condition,synthetic
2026-09-16 05:43:58.285487+00:00,SYNTH_NORM_008,dev_001,Kitchen,912,24.1,52.71,127,104,90,NORMAL,0,Synthetic simulation of NORMAL condition,synthetic
2026-09-16 05:43:59.285487+00:00,SYNTH_NORM_008,dev_001,Kitchen,900,24.27,52.7,125,108,90,NORMAL,0,Synthetic simulation of NORMAL condition,synthetic
2026-09-16 05:44:00.285487+00:00,SYNTH_NORM_008,dev_001,Kitchen,916,23.88,52.58,126,104,90,NORMAL,0,Synthetic simulation of NORMAL condition,synthetic
2026-09-16 05:44:01.285487+00:00,SYNTH_NORM_008,dev_001,Kitchen,908,24.29,52.87,125,104,90,NORMAL,0,Synthetic simulation of NORMAL condition,synthetic
2026-09-16 05:44:02.285487+00:00,SYNTH_NORM_008,dev_001,Kitchen,904,24.25,52.64,124,111,90,NORMAL,0,Synthetic simulation of NORMAL condition,synthetic
2026-09-16 05:44:03.285487+00:00,SYNTH_NORM_008,dev_001,Kitchen,895,24.29,52.58,124,101,90,NORMAL,0,Synthetic simulation of NORMAL condition,synthetic
2026-09-16 05:44:04.285487+00:00,SYNTH_NORM_008,dev_001,Kitchen,900,24.09,52.27,122,107,90,NORMAL,0,Synthetic simulation of NORMAL condition,synthetic
2026-09-16 05:44:05.285487+00:00,SYNTH_NORM_008,dev_001,Kitchen,901,24.07,52.81,133,100,90,NORMAL,0,Synthetic simulation of NORMAL condition,synthetic
2026-09-16 05:44:06.285487+00:00,SYNTH_NORM_008,dev_001,Kitchen,904,24.28,52.82,120,104,90,NORMAL,0,Synthetic simulation of NORMAL condition,synthetic
2026-09-16 05:44:07.285487+00:00,SYNTH_NORM_008,dev_001,Kitchen,905,24.13,52.48,127,104,90,NORMAL,0,Synthetic simulation of NORMAL condition,synthetic
2026-09-16 05:44:08.285487+00:00,SYNTH_NORM_008,dev_001,Kitchen,904,24.03,52.68,124,103,90,NORMAL,0,Synthetic simulation of NORMAL condition,synthetic
2026-09-16 05:44:09.285487+00:00,SYNTH_NORM_008,dev_001,Kitchen,902,24.06,52.5,123,103,90,NORMAL,0,Synthetic simulation of NORMAL condition,synthetic
2026-09-16 05:44:10.285487+00:00,SYNTH_NORM_008,dev_001,Kitchen,902,24.14,52.69,121,107,90,NORMAL,0,Synthetic simulation of NORMAL condition,synthetic
2026-09-16 05:44:11.285487+00:00,SYNTH_NORM_008,dev_001,Kitchen,897,24.26,52.42,124,106,90,NORMAL,0,Synthetic simulation of NORMAL condition,synthetic
2026-09-16 05:44:12.285487+00:00,SYNTH_NORM_008,dev_001,Kitchen,910,24.03,52.17,124,105,90,NORMAL,0,Synthetic simulation of NORMAL condition,synthetic
2026-09-16 05:44:13.285487+00:00,SYNTH_NORM_008,dev_001,Kitchen,904,24.22,52.43,123,102,90,NORMAL,0,Synthetic simulation of NORMAL condition,synthetic
2026-09-16 05:44:14.285487+00:00,SYNTH_NORM_008,dev_001,Kitchen,913,24.14,52.65,126,105,90,NORMAL,0,Synthetic simulation of NORMAL condition,synthetic
2026-09-16 05:44:15.285487+00:00,SYNTH_NORM_008,dev_001,Kitchen,903,24.55,52.81,130,105,90,NORMAL,0,Synthetic simulation of NORMAL condition,synthetic
2026-09-16 05:44:16.285487+00:00,SYNTH_NORM_008,dev_001,Kitchen,902,24.15,52.61,123,106,90,NORMAL,0,Synthetic simulation of NORMAL condition,synthetic
2026-09-16 05:44:17.285487+00:00,SYNTH_NORM_008,dev_001,Kitchen,903,24.15,52.54,125,103,90,NORMAL,0,Synthetic simulation of NORMAL condition,synthetic
2026-09-16 05:44:18.285487+00:00,SYNTH_NORM_008,dev_001,Kitchen,906,24.31,52.55,128,103,90,NORMAL,0,Synthetic simulation of NORMAL condition,synthetic
2026-09-16 05:44:19.285487+00:00,SYNTH_NORM_008,dev_001,Kitchen,905,24.14,52.09,127,101,90,NORMAL,0,Synthetic simulation of NORMAL condition,synthetic
2026-09-16 05:44:20.285487+00:00,SYNTH_NORM_008,dev_001,Kitchen,908,24.08,52.41,119,108,90,NORMAL,0,Synthetic simulation of NORMAL condition,synthetic
2026-09-16 05:44:21.285487+00:00,SYNTH_NORM_008,dev_001,Kitchen,903,24.19,52.17,127,105,90,NORMAL,0,Synthetic simulation of NORMAL condition,synthetic
2026-09-16 05:44:22.285487+00:00,SYNTH_NORM_008,dev_001,Kitchen,903,24.14,52.44,126,105,90,NORMAL,0,Synthetic simulation of NORMAL condition,synthetic
2026-09-16 05:44:23.285487+00:00,SYNTH_NORM_008,dev_001,Kitchen,902,24.44,52.5,126,108,90,NORMAL,0,Synthetic simulation of NORMAL condition,synthetic
2026-09-16 05:44:24.285487+00:00,SYNTH_NORM_008,dev_001,Kitchen,898,24.3,52.47,127,103,90,NORMAL,0,Synthetic simulation of NORMAL condition,synthetic
2026-09-16 05:44:25.285487+00:00,SYNTH_NORM_008,dev_001,Kitchen,909,24.01,52.74,127,104,90,NORMAL,0,Synthetic simulation of NORMAL condition,synthetic
2026-09-16 05:44:26.285487+00:00,SYNTH_NORM_008,dev_001,Kitchen,904,24.29,52.07,122,102,90,NORMAL,0,Synthetic simulation of NORMAL condition,synthetic
2026-09-16 05:44:27.285487+00:00,SYNTH_NORM_008,dev_001,Kitchen,901,23.99,52.45,122,102,90,NORMAL,0,Synthetic simulation of NORMAL condition,synthetic
2026-09-16 05:44:28.285487+00:00,SYNTH_NORM_008,dev_001,Kitchen,902,24.24,52.94,123,103,90,NORMAL,0,Synthetic simulation of NORMAL condition,synthetic
2026-09-16 05:44:29.285487+00:00,SYNTH_NORM_008,dev_001,Kitchen,908,24.38,52.33,122,104,90,NORMAL,0,Synthetic simulation of NORMAL condition,synthetic
2026-09-16 05:44:30.285487+00:00,SYNTH_NORM_008,dev_001,Kitchen,904,24.38,52.5,123,105,90,NORMAL,0,Synthetic simulation of NORMAL condition,synthetic
2026-09-16 05:44:31.285487+00:00,SYNTH_NORM_008,dev_001,Kitchen,898,24.38,52.16,127,103,90,NORMAL,0,Synthetic simulation of NORMAL condition,synthetic
2026-09-16 05:44:32.285487+00:00,SYNTH_NORM_008,dev_001,Kitchen,911,24.29,52.74,123,105,90,NORMAL,0,Synthetic simulation of NORMAL condition,synthetic
2026-09-16 05:44:33.285487+00:00,SYNTH_NORM_008,dev_001,Kitchen,898,24.33,52.28,127,110,90,NORMAL,0,Synthetic simulation of NORMAL condition,synthetic
2026-09-16 05:44:34.285487+00:00,SYNTH_NORM_008,dev_001,Kitchen,901,24.24,52.6,131,108,90,NORMAL,0,Synthetic simulation of NORMAL condition,synthetic
2026-09-16 05:44:35.285487+00:00,SYNTH_NORM_008,dev_001,Kitchen,901,23.97,52.73,125,103,90,NORMAL,0,Synthetic simulation of NORMAL condition,synthetic
2026-09-16 05:44:36.285487+00:00,SYNTH_NORM_008,dev_001,Kitchen,897,24.33,52.28,131,103,90,NORMAL,0,Synthetic simulation of NORMAL condition,synthetic
2026-09-16 05:44:37.285487+00:00,SYNTH_NORM_008,dev_001,Kitchen,909,24.01,52.39,130,106,90,NORMAL,0,Synthetic simulation of NORMAL condition,synthetic
2026-09-16 05:44:38.285487+00:00,SYNTH_NORM_008,dev_001,Kitchen,906,24.14,52.72,128,105,90,NORMAL,0,Synthetic simulation of NORMAL condition,synthetic
2026-09-16 05:44:39.285487+00:00,SYNTH_NORM_008,dev_001,Kitchen,901,24.14,52.95,130,103,90,NORMAL,0,Synthetic simulation of NORMAL condition,synthetic
2026-09-16 05:44:40.285487+00:00,SYNTH_NORM_008,dev_001,Kitchen,907,24.38,52.22,127,104,90,NORMAL,0,Synthetic simulation of NORMAL condition,synthetic
2026-09-16 05:44:41.285487+00:00,SYNTH_NORM_008,dev_001,Kitchen,903,24.38,52.53,125,103,90,NORMAL,0,Synthetic simulation of NORMAL condition,synthetic
2026-09-16 05:44:42.285487+00:00,SYNTH_NORM_008,dev_001,Kitchen,906,23.89,52.38,124,106,90,NORMAL,0,Synthetic simulation of NORMAL condition,synthetic
2026-09-16 05:44:43.285487+00:00,SYNTH_NORM_008,dev_001,Kitchen,905,24.01,52.85,125,107,90,NORMAL,0,Synthetic simulation of NORMAL condition,synthetic
2026-09-16 05:44:44.285487+00:00,SYNTH_NORM_008,dev_001,Kitchen,903,24.08,52.8,125,104,90,NORMAL,0,Synthetic simulation of NORMAL condition,synthetic
2026-09-16 05:44:45.285487+00:00,SYNTH_NORM_008,dev_001,Kitchen,905,24.3,52.75,123,106,90,NORMAL,0,Synthetic simulation of NORMAL condition,synthetic
2026-09-16 05:44:46.285487+00:00,SYNTH_NORM_008,dev_001,Kitchen,906,24.25,52.99,122,108,90,NORMAL,0,Synthetic simulation of NORMAL condition,synthetic
2026-09-16 05:44:47.285487+00:00,SYNTH_NORM_008,dev_001,Kitchen,902,23.98,52.53,129,103,90,NORMAL,0,Synthetic simulation of NORMAL condition,synthetic
2026-09-16 05:44:48.285487+00:00,SYNTH_NORM_008,dev_001,Kitchen,900,24.11,52.44,124,105,90,NORMAL,0,Synthetic simulation of NORMAL condition,synthetic
2026-09-16 05:44:49.285487+00:00,SYNTH_NORM_008,dev_001,Kitchen,904,24.37,52.96,124,104,90,NORMAL,0,Synthetic simulation of NORMAL condition,synthetic
2026-09-16 05:44:50.285487+00:00,SYNTH_NORM_008,dev_001,Kitchen,897,24.16,52.85,125,109,90,NORMAL,0,Synthetic simulation of NORMAL condition,synthetic
2026-09-16 05:44:51.285487+00:00,SYNTH_NORM_008,dev_001,Kitchen,906,24.06,52.54,124,104,90,NORMAL,0,Synthetic simulation of NORMAL condition,synthetic
2026-09-16 05:44:52.285487+00:00,SYNTH_NORM_008,dev_001,Kitchen,902,24.22,52.39,126,100,90,NORMAL,0,Synthetic simulation of NORMAL condition,synthetic
2026-09-16 05:42:53.286487+00:00,SYNTH_NORM_009,dev_001,Kitchen,919,23.5,53.3,131,101,90,NORMAL,0,Synthetic simulation of NORMAL condition,synthetic
2026-09-16 05:42:54.286487+00:00,SYNTH_NORM_009,dev_001,Kitchen,906,23.67,53.51,130,98,90,NORMAL,0,Synthetic simulation of NORMAL condition,synthetic
2026-09-16 05:42:55.286487+00:00,SYNTH_NORM_009,dev_001,Kitchen,908,23.95,53.45,135,100,90,NORMAL,0,Synthetic simulation of NORMAL condition,synthetic
2026-09-16 05:42:56.286487+00:00,SYNTH_NORM_009,dev_001,Kitchen,913,23.69,53.39,134,94,90,NORMAL,0,Synthetic simulation of NORMAL condition,synthetic
2026-09-16 05:42:57.286487+00:00,SYNTH_NORM_009,dev_001,Kitchen,916,23.09,53.79,132,96,90,NORMAL,0,Synthetic simulation of NORMAL condition,synthetic
2026-09-16 05:42:58.286487+00:00,SYNTH_NORM_009,dev_001,Kitchen,909,23.83,53.38,134,104,90,NORMAL,0,Synthetic simulation of NORMAL condition,synthetic
2026-09-16 05:42:59.286487+00:00,SYNTH_NORM_009,dev_001,Kitchen,911,23.77,53.31,136,103,90,NORMAL,0,Synthetic simulation of NORMAL condition,synthetic
2026-09-16 05:43:00.286487+00:00,SYNTH_NORM_009,dev_001,Kitchen,907,23.64,53.67,139,102,90,NORMAL,0,Synthetic simulation of NORMAL condition,synthetic
2026-09-16 05:43:01.286487+00:00,SYNTH_NORM_009,dev_001,Kitchen,913,23.65,53.3,136,101,90,NORMAL,0,Synthetic simulation of NORMAL condition,synthetic
2026-09-16 05:43:02.286487+00:00,SYNTH_NORM_009,dev_001,Kitchen,912,23.64,53.25,135,101,90,NORMAL,0,Synthetic simulation of NORMAL condition,synthetic
2026-09-16 05:43:03.286487+00:00,SYNTH_NORM_009,dev_001,Kitchen,911,23.64,52.78,129,103,90,NORMAL,0,Synthetic simulation of NORMAL condition,synthetic
2026-09-16 05:43:04.286487+00:00,SYNTH_NORM_009,dev_001,Kitchen,906,23.72,52.93,141,99,90,NORMAL,0,Synthetic simulation of NORMAL condition,synthetic
2026-09-16 05:43:05.286487+00:00,SYNTH_NORM_009,dev_001,Kitchen,915,23.6,53.3,131,100,90,NORMAL,0,Synthetic simulation of NORMAL condition,synthetic
2026-09-16 05:43:06.286487+00:00,SYNTH_NORM_009,dev_001,Kitchen,920,23.47,53.03,138,103,90,NORMAL,0,Synthetic simulation of NORMAL condition,synthetic
2026-09-16 05:43:07.286487+00:00,SYNTH_NORM_009,dev_001,Kitchen,916,23.8,53.35,134,103,90,NORMAL,0,Synthetic simulation of NORMAL condition,synthetic
2026-09-16 05:43:08.286487+00:00,SYNTH_NORM_009,dev_001,Kitchen,920,23.65,53.17,136,99,90,NORMAL,0,Synthetic simulation of NORMAL condition,synthetic
2026-09-16 05:43:09.286487+00:00,SYNTH_NORM_009,dev_001,Kitchen,918,23.54,53.56,129,100,90,NORMAL,0,Synthetic simulation of NORMAL condition,synthetic
2026-09-16 05:43:10.286487+00:00,SYNTH_NORM_009,dev_001,Kitchen,916,23.61,53.38,135,100,90,NORMAL,0,Synthetic simulation of NORMAL condition,synthetic
2026-09-16 05:43:11.286487+00:00,SYNTH_NORM_009,dev_001,Kitchen,912,23.61,53.1,135,102,90,NORMAL,0,Synthetic simulation of NORMAL condition,synthetic
2026-09-16 05:43:12.286487+00:00,SYNTH_NORM_009,dev_001,Kitchen,917,23.83,53.44,133,104,90,NORMAL,0,Synthetic simulation of NORMAL condition,synthetic
2026-09-16 05:43:13.286487+00:00,SYNTH_NORM_009,dev_001,Kitchen,917,23.81,53.58,142,101,90,NORMAL,0,Synthetic simulation of NORMAL condition,synthetic
2026-09-16 05:43:14.286487+00:00,SYNTH_NORM_009,dev_001,Kitchen,907,23.78,53.55,134,102,90,NORMAL,0,Synthetic simulation of NORMAL condition,synthetic
2026-09-16 05:43:15.286487+00:00,SYNTH_NORM_009,dev_001,Kitchen,917,23.87,53.57,133,100,90,NORMAL,0,Synthetic simulation of NORMAL condition,synthetic
2026-09-16 05:43:16.286487+00:00,SYNTH_NORM_009,dev_001,Kitchen,912,23.89,53.14,140,107,90,NORMAL,0,Synthetic simulation of NORMAL condition,synthetic
2026-09-16 05:43:17.286487+00:00,SYNTH_NORM_009,dev_001,Kitchen,911,23.7,53.62,135,101,90,NORMAL,0,Synthetic simulation of NORMAL condition,synthetic
2026-09-16 05:43:18.286487+00:00,SYNTH_NORM_009,dev_001,Kitchen,920,23.83,53.95,135,102,90,NORMAL,0,Synthetic simulation of NORMAL condition,synthetic
2026-09-16 05:43:19.286487+00:00,SYNTH_NORM_009,dev_001,Kitchen,908,23.8,53.55,136,96,90,NORMAL,0,Synthetic simulation of NORMAL condition,synthetic
2026-09-16 05:43:20.286487+00:00,SYNTH_NORM_009,dev_001,Kitchen,913,23.58,53.15,137,100,90,NORMAL,0,Synthetic simulation of NORMAL condition,synthetic
2026-09-16 05:43:21.286487+00:00,SYNTH_NORM_009,dev_001,Kitchen,916,23.54,53.29,135,105,90,NORMAL,0,Synthetic simulation of NORMAL condition,synthetic
2026-09-16 05:43:22.286487+00:00,SYNTH_NORM_009,dev_001,Kitchen,915,23.53,53.27,139,101,90,NORMAL,0,Synthetic simulation of NORMAL condition,synthetic
2026-09-16 05:43:23.286487+00:00,SYNTH_NORM_009,dev_001,Kitchen,911,23.66,53.39,133,101,90,NORMAL,0,Synthetic simulation of NORMAL condition,synthetic
2026-09-16 05:43:24.286487+00:00,SYNTH_NORM_009,dev_001,Kitchen,910,23.6,53.35,135,100,90,NORMAL,0,Synthetic simulation of NORMAL condition,synthetic
2026-09-16 05:43:25.286487+00:00,SYNTH_NORM_009,dev_001,Kitchen,914,23.6,53.47,136,101,90,NORMAL,0,Synthetic simulation of NORMAL condition,synthetic
2026-09-16 05:43:26.286487+00:00,SYNTH_NORM_009,dev_001,Kitchen,916,23.97,53.23,135,101,90,NORMAL,0,Synthetic simulation of NORMAL condition,synthetic
2026-09-16 05:43:27.286487+00:00,SYNTH_NORM_009,dev_001,Kitchen,910,23.7,53.39,135,103,90,NORMAL,0,Synthetic simulation of NORMAL condition,synthetic
2026-09-16 05:43:28.286487+00:00,SYNTH_NORM_009,dev_001,Kitchen,906,23.82,53.54,136,101,90,NORMAL,0,Synthetic simulation of NORMAL condition,synthetic
2026-09-16 05:43:29.286487+00:00,SYNTH_NORM_009,dev_001,Kitchen,912,23.58,52.85,133,99,90,NORMAL,0,Synthetic simulation of NORMAL condition,synthetic
2026-09-16 05:43:30.286487+00:00,SYNTH_NORM_009,dev_001,Kitchen,911,23.8,53.41,141,97,90,NORMAL,0,Synthetic simulation of NORMAL condition,synthetic
2026-09-16 05:43:31.286487+00:00,SYNTH_NORM_009,dev_001,Kitchen,915,23.88,53.23,134,101,90,NORMAL,0,Synthetic simulation of NORMAL condition,synthetic
2026-09-16 05:43:32.286487+00:00,SYNTH_NORM_009,dev_001,Kitchen,912,23.88,53.55,138,103,90,NORMAL,0,Synthetic simulation of NORMAL condition,synthetic
2026-09-16 05:43:33.286487+00:00,SYNTH_NORM_009,dev_001,Kitchen,911,23.55,53.53,133,101,90,NORMAL,0,Synthetic simulation of NORMAL condition,synthetic
2026-09-16 05:43:34.286487+00:00,SYNTH_NORM_009,dev_001,Kitchen,915,23.85,53.87,135,97,90,NORMAL,0,Synthetic simulation of NORMAL condition,synthetic
2026-09-16 05:43:35.286487+00:00,SYNTH_NORM_009,dev_001,Kitchen,917,23.29,53.67,142,108,90,NORMAL,0,Synthetic simulation of NORMAL condition,synthetic
2026-09-16 05:43:36.286487+00:00,SYNTH_NORM_009,dev_001,Kitchen,906,23.88,53.33,143,106,90,NORMAL,0,Synthetic simulation of NORMAL condition,synthetic
2026-09-16 05:43:37.286487+00:00,SYNTH_NORM_009,dev_001,Kitchen,909,23.62,53.64,133,99,90,NORMAL,0,Synthetic simulation of NORMAL condition,synthetic
2026-09-16 05:43:38.286487+00:00,SYNTH_NORM_009,dev_001,Kitchen,917,23.67,53.59,137,101,90,NORMAL,0,Synthetic simulation of NORMAL condition,synthetic
2026-09-16 05:43:39.286487+00:00,SYNTH_NORM_009,dev_001,Kitchen,912,23.55,53.5,138,97,90,NORMAL,0,Synthetic simulation of NORMAL condition,synthetic
2026-09-16 05:43:40.286487+00:00,SYNTH_NORM_009,dev_001,Kitchen,913,23.52,53.21,133,100,90,NORMAL,0,Synthetic simulation of NORMAL condition,synthetic
2026-09-16 05:43:41.286487+00:00,SYNTH_NORM_009,dev_001,Kitchen,913,23.47,53.08,129,103,90,NORMAL,0,Synthetic simulation of NORMAL condition,synthetic
2026-09-16 05:43:42.286487+00:00,SYNTH_NORM_009,dev_001,Kitchen,912,23.52,53.05,136,103,90,NORMAL,0,Synthetic simulation of NORMAL condition,synthetic
2026-09-16 05:43:43.286487+00:00,SYNTH_NORM_009,dev_001,Kitchen,919,23.69,53.36,133,100,90,NORMAL,0,Synthetic simulation of NORMAL condition,synthetic
2026-09-16 05:43:44.286487+00:00,SYNTH_NORM_009,dev_001,Kitchen,913,23.45,53.01,132,101,90,NORMAL,0,Synthetic simulation of NORMAL condition,synthetic
2026-09-16 05:43:45.286487+00:00,SYNTH_NORM_009,dev_001,Kitchen,916,23.64,53.4,135,104,90,NORMAL,0,Synthetic simulation of NORMAL condition,synthetic
2026-09-16 05:43:46.286487+00:00,SYNTH_NORM_009,dev_001,Kitchen,914,23.77,53.66,139,101,90,NORMAL,0,Synthetic simulation of NORMAL condition,synthetic
2026-09-16 05:43:47.286487+00:00,SYNTH_NORM_009,dev_001,Kitchen,916,23.54,53.51,134,102,90,NORMAL,0,Synthetic simulation of NORMAL condition,synthetic
2026-09-16 05:43:48.286487+00:00,SYNTH_NORM_009,dev_001,Kitchen,922,23.48,53.74,135,99,90,NORMAL,0,Synthetic simulation of NORMAL condition,synthetic
2026-09-16 05:43:49.286487+00:00,SYNTH_NORM_009,dev_001,Kitchen,910,23.69,53.57,138,103,90,NORMAL,0,Synthetic simulation of NORMAL condition,synthetic
2026-09-16 05:43:50.286487+00:00,SYNTH_NORM_009,dev_001,Kitchen,912,23.87,53.44,140,96,90,NORMAL,0,Synthetic simulation of NORMAL condition,synthetic
2026-09-16 05:43:51.286487+00:00,SYNTH_NORM_009,dev_001,Kitchen,913,23.72,53.33,134,100,90,NORMAL,0,Synthetic simulation of NORMAL condition,synthetic
2026-09-16 05:43:52.286487+00:00,SYNTH_NORM_009,dev_001,Kitchen,922,23.55,53.18,134,103,90,NORMAL,0,Synthetic simulation of NORMAL condition,synthetic
2026-09-16 05:43:53.286487+00:00,SYNTH_NORM_009,dev_001,Kitchen,923,23.81,53.32,141,102,90,NORMAL,0,Synthetic simulation of NORMAL condition,synthetic
2026-09-16 05:43:54.286487+00:00,SYNTH_NORM_009,dev_001,Kitchen,912,23.51,53.38,136,98,90,NORMAL,0,Synthetic simulation of NORMAL condition,synthetic
2026-09-16 05:43:55.286487+00:00,SYNTH_NORM_009,dev_001,Kitchen,917,23.75,53.05,133,98,90,NORMAL,0,Synthetic simulation of NORMAL condition,synthetic
2026-09-16 05:43:56.286487+00:00,SYNTH_NORM_009,dev_001,Kitchen,913,23.66,53.43,135,98,90,NORMAL,0,Synthetic simulation of NORMAL condition,synthetic
2026-09-16 05:43:57.286487+00:00,SYNTH_NORM_009,dev_001,Kitchen,912,23.36,53.48,134,100,90,NORMAL,0,Synthetic simulation of NORMAL condition,synthetic
2026-09-16 05:43:58.286487+00:00,SYNTH_NORM_009,dev_001,Kitchen,912,23.81,53.48,136,98,90,NORMAL,0,Synthetic simulation of NORMAL condition,synthetic
2026-09-16 05:43:59.286487+00:00,SYNTH_NORM_009,dev_001,Kitchen,915,23.37,53.43,139,101,90,NORMAL,0,Synthetic simulation of NORMAL condition,synthetic
2026-09-16 05:44:00.286487+00:00,SYNTH_NORM_009,dev_001,Kitchen,921,23.89,53.41,134,102,90,NORMAL,0,Synthetic simulation of NORMAL condition,synthetic
2026-09-16 05:44:01.286487+00:00,SYNTH_NORM_009,dev_001,Kitchen,915,23.47,53.42,130,102,90,NORMAL,0,Synthetic simulation of NORMAL condition,synthetic
2026-09-16 05:44:02.286487+00:00,SYNTH_NORM_009,dev_001,Kitchen,910,23.62,53.58,135,101,90,NORMAL,0,Synthetic simulation of NORMAL condition,synthetic
2026-09-16 05:44:03.286487+00:00,SYNTH_NORM_009,dev_001,Kitchen,909,23.58,53.5,139,98,90,NORMAL,0,Synthetic simulation of NORMAL condition,synthetic
2026-09-16 05:44:04.286487+00:00,SYNTH_NORM_009,dev_001,Kitchen,916,23.83,53.7,132,103,90,NORMAL,0,Synthetic simulation of NORMAL condition,synthetic
2026-09-16 05:44:05.286487+00:00,SYNTH_NORM_009,dev_001,Kitchen,920,23.75,53.37,137,100,90,NORMAL,0,Synthetic simulation of NORMAL condition,synthetic
2026-09-16 05:44:06.286487+00:00,SYNTH_NORM_009,dev_001,Kitchen,907,23.49,53.43,133,99,90,NORMAL,0,Synthetic simulation of NORMAL condition,synthetic
2026-09-16 05:44:07.286487+00:00,SYNTH_NORM_009,dev_001,Kitchen,921,23.96,53.74,130,101,90,NORMAL,0,Synthetic simulation of NORMAL condition,synthetic
2026-09-16 05:44:08.286487+00:00,SYNTH_NORM_009,dev_001,Kitchen,914,23.58,53.57,135,100,90,NORMAL,0,Synthetic simulation of NORMAL condition,synthetic
2026-09-16 05:44:09.286487+00:00,SYNTH_NORM_009,dev_001,Kitchen,912,23.48,53.57,132,97,90,NORMAL,0,Synthetic simulation of NORMAL condition,synthetic
2026-09-16 05:44:10.286487+00:00,SYNTH_NORM_009,dev_001,Kitchen,908,23.73,52.99,131,107,90,NORMAL,0,Synthetic simulation of NORMAL condition,synthetic
2026-09-16 05:44:11.286487+00:00,SYNTH_NORM_009,dev_001,Kitchen,914,23.54,53.21,137,102,90,NORMAL,0,Synthetic simulation of NORMAL condition,synthetic
2026-09-16 05:44:12.286487+00:00,SYNTH_NORM_009,dev_001,Kitchen,914,23.27,53.33,137,100,90,NORMAL,0,Synthetic simulation of NORMAL condition,synthetic
2026-09-16 05:44:13.286487+00:00,SYNTH_NORM_009,dev_001,Kitchen,914,23.79,53.02,132,102,90,NORMAL,0,Synthetic simulation of NORMAL condition,synthetic
2026-09-16 05:44:14.286487+00:00,SYNTH_NORM_009,dev_001,Kitchen,914,23.36,53.55,135,97,90,NORMAL,0,Synthetic simulation of NORMAL condition,synthetic
2026-09-16 05:44:15.286487+00:00,SYNTH_NORM_009,dev_001,Kitchen,909,23.67,53.47,134,104,90,NORMAL,0,Synthetic simulation of NORMAL condition,synthetic
2026-09-16 05:44:16.286487+00:00,SYNTH_NORM_009,dev_001,Kitchen,909,23.34,53.35,130,103,90,NORMAL,0,Synthetic simulation of NORMAL condition,synthetic
2026-09-16 05:44:17.286487+00:00,SYNTH_NORM_009,dev_001,Kitchen,920,23.74,53.51,137,109,90,NORMAL,0,Synthetic simulation of NORMAL condition,synthetic
2026-09-16 05:44:18.286487+00:00,SYNTH_NORM_009,dev_001,Kitchen,919,23.33,53.6,133,103,90,NORMAL,0,Synthetic simulation of NORMAL condition,synthetic
2026-09-16 05:44:19.286487+00:00,SYNTH_NORM_009,dev_001,Kitchen,911,23.61,53.41,134,104,90,NORMAL,0,Synthetic simulation of NORMAL condition,synthetic
2026-09-16 05:44:20.286487+00:00,SYNTH_NORM_009,dev_001,Kitchen,916,23.57,53.7,134,104,90,NORMAL,0,Synthetic simulation of NORMAL condition,synthetic
2026-09-16 05:44:21.286487+00:00,SYNTH_NORM_009,dev_001,Kitchen,917,23.69,53.72,136,100,90,NORMAL,0,Synthetic simulation of NORMAL condition,synthetic
2026-09-16 05:44:22.286487+00:00,SYNTH_NORM_009,dev_001,Kitchen,913,23.52,53.43,134,105,90,NORMAL,0,Synthetic simulation of NORMAL condition,synthetic
2026-09-16 05:44:23.286487+00:00,SYNTH_NORM_009,dev_001,Kitchen,916,23.72,53.2,140,102,90,NORMAL,0,Synthetic simulation of NORMAL condition,synthetic
2026-09-16 05:44:24.286487+00:00,SYNTH_NORM_009,dev_001,Kitchen,908,23.59,53.5,138,103,90,NORMAL,0,Synthetic simulation of NORMAL condition,synthetic
2026-09-16 05:44:25.286487+00:00,SYNTH_NORM_009,dev_001,Kitchen,912,23.67,53.58,142,102,90,NORMAL,0,Synthetic simulation of NORMAL condition,synthetic
2026-09-16 05:44:26.286487+00:00,SYNTH_NORM_009,dev_001,Kitchen,909,23.73,53.29,135,96,90,NORMAL,0,Synthetic simulation of NORMAL condition,synthetic
2026-09-16 05:44:27.286487+00:00,SYNTH_NORM_009,dev_001,Kitchen,913,23.65,53.32,131,99,90,NORMAL,0,Synthetic simulation of NORMAL condition,synthetic
2026-09-16 05:44:28.286487+00:00,SYNTH_NORM_009,dev_001,Kitchen,909,23.63,53.9,137,101,90,NORMAL,0,Synthetic simulation of NORMAL condition,synthetic
2026-09-16 05:44:29.286487+00:00,SYNTH_NORM_009,dev_001,Kitchen,915,23.53,53.37,133,103,90,NORMAL,0,Synthetic simulation of NORMAL condition,synthetic
2026-09-16 05:44:30.286487+00:00,SYNTH_NORM_009,dev_001,Kitchen,913,23.57,53.29,141,100,90,NORMAL,0,Synthetic simulation of NORMAL condition,synthetic
2026-09-16 05:44:31.286487+00:00,SYNTH_NORM_009,dev_001,Kitchen,913,23.52,53.9,136,98,90,NORMAL,0,Synthetic simulation of NORMAL condition,synthetic
2026-09-16 05:44:32.286487+00:00,SYNTH_NORM_009,dev_001,Kitchen,913,23.5,53.0,138,104,90,NORMAL,0,Synthetic simulation of NORMAL condition,synthetic
2026-09-16 05:44:33.286487+00:00,SYNTH_NORM_009,dev_001,Kitchen,912,23.53,53.5,136,104,90,NORMAL,0,Synthetic simulation of NORMAL condition,synthetic
2026-09-16 05:44:34.286487+00:00,SYNTH_NORM_009,dev_001,Kitchen,920,23.32,53.75,136,98,90,NORMAL,0,Synthetic simulation of NORMAL condition,synthetic
2026-09-16 05:44:35.286487+00:00,SYNTH_NORM_009,dev_001,Kitchen,907,23.62,53.36,130,100,90,NORMAL,0,Synthetic simulation of NORMAL condition,synthetic
2026-09-16 05:44:36.286487+00:00,SYNTH_NORM_009,dev_001,Kitchen,919,23.38,53.55,137,100,90,NORMAL,0,Synthetic simulation of NORMAL condition,synthetic
2026-09-16 05:44:37.286487+00:00,SYNTH_NORM_009,dev_001,Kitchen,918,23.5,53.54,134,102,90,NORMAL,0,Synthetic simulation of NORMAL condition,synthetic
2026-09-16 05:44:38.286487+00:00,SYNTH_NORM_009,dev_001,Kitchen,912,23.54,53.62,136,102,90,NORMAL,0,Synthetic simulation of NORMAL condition,synthetic
2026-09-16 05:44:39.286487+00:00,SYNTH_NORM_009,dev_001,Kitchen,913,23.51,53.93,133,99,90,NORMAL,0,Synthetic simulation of NORMAL condition,synthetic
2026-09-16 05:44:40.286487+00:00,SYNTH_NORM_009,dev_001,Kitchen,912,23.67,53.21,137,103,90,NORMAL,0,Synthetic simulation of NORMAL condition,synthetic
2026-09-16 05:44:41.286487+00:00,SYNTH_NORM_009,dev_001,Kitchen,910,23.78,53.15,136,104,90,NORMAL,0,Synthetic simulation of NORMAL condition,synthetic
2026-09-16 05:44:42.286487+00:00,SYNTH_NORM_009,dev_001,Kitchen,906,23.68,53.58,133,104,90,NORMAL,0,Synthetic simulation of NORMAL condition,synthetic
2026-09-16 05:44:43.286487+00:00,SYNTH_NORM_009,dev_001,Kitchen,923,23.8,53.5,137,101,90,NORMAL,0,Synthetic simulation of NORMAL condition,synthetic
2026-09-16 05:44:44.286487+00:00,SYNTH_NORM_009,dev_001,Kitchen,922,23.69,53.35,135,99,90,NORMAL,0,Synthetic simulation of NORMAL condition,synthetic
2026-09-16 05:44:45.286487+00:00,SYNTH_NORM_009,dev_001,Kitchen,915,23.61,53.3,135,101,90,NORMAL,0,Synthetic simulation of NORMAL condition,synthetic
2026-09-16 05:44:46.286487+00:00,SYNTH_NORM_009,dev_001,Kitchen,913,23.46,52.94,132,100,90,NORMAL,0,Synthetic simulation of NORMAL condition,synthetic
2026-09-16 05:44:47.286487+00:00,SYNTH_NORM_009,dev_001,Kitchen,915,23.59,53.31,138,104,90,NORMAL,0,Synthetic simulation of NORMAL condition,synthetic
2026-09-16 05:44:48.286487+00:00,SYNTH_NORM_009,dev_001,Kitchen,916,23.65,53.49,132,103,90,NORMAL,0,Synthetic simulation of NORMAL condition,synthetic
2026-09-16 05:44:49.286487+00:00,SYNTH_NORM_009,dev_001,Kitchen,908,23.61,53.53,134,98,90,NORMAL,0,Synthetic simulation of NORMAL condition,synthetic
2026-09-16 05:44:50.286487+00:00,SYNTH_NORM_009,dev_001,Kitchen,918,23.6,53.73,135,105,90,NORMAL,0,Synthetic simulation of NORMAL condition,synthetic
2026-09-16 05:44:51.286487+00:00,SYNTH_NORM_009,dev_001,Kitchen,911,23.48,53.39,142,102,90,NORMAL,0,Synthetic simulation of NORMAL condition,synthetic
2026-09-16 05:44:52.286487+00:00,SYNTH_NORM_009,dev_001,Kitchen,914,23.66,53.79,131,94,90,NORMAL,0,Synthetic simulation of NORMAL condition,synthetic
2026-09-16 05:42:53.289313+00:00,SYNTH_NORM_010,dev_001,Kitchen,918,23.67,52.09,136,96,90,NORMAL,0,Synthetic simulation of NORMAL condition,synthetic
2026-09-16 05:42:54.289313+00:00,SYNTH_NORM_010,dev_001,Kitchen,921,23.47,52.16,135,95,90,NORMAL,0,Synthetic simulation of NORMAL condition,synthetic
2026-09-16 05:42:55.289313+00:00,SYNTH_NORM_010,dev_001,Kitchen,930,23.61,51.74,136,99,90,NORMAL,0,Synthetic simulation of NORMAL condition,synthetic
2026-09-16 05:42:56.289313+00:00,SYNTH_NORM_010,dev_001,Kitchen,922,23.54,52.13,132,91,90,NORMAL,0,Synthetic simulation of NORMAL condition,synthetic
2026-09-16 05:42:57.289313+00:00,SYNTH_NORM_010,dev_001,Kitchen,924,23.71,52.09,134,93,90,NORMAL,0,Synthetic simulation of NORMAL condition,synthetic
2026-09-16 05:42:58.289313+00:00,SYNTH_NORM_010,dev_001,Kitchen,924,23.53,52.21,132,93,90,NORMAL,0,Synthetic simulation of NORMAL condition,synthetic
2026-09-16 05:42:59.289313+00:00,SYNTH_NORM_010,dev_001,Kitchen,926,23.47,51.66,137,97,90,NORMAL,0,Synthetic simulation of NORMAL condition,synthetic
2026-09-16 05:43:00.289313+00:00,SYNTH_NORM_010,dev_001,Kitchen,919,23.6,52.25,136,99,90,NORMAL,0,Synthetic simulation of NORMAL condition,synthetic
2026-09-16 05:43:01.289313+00:00,SYNTH_NORM_010,dev_001,Kitchen,924,23.96,52.45,137,95,90,NORMAL,0,Synthetic simulation of NORMAL condition,synthetic
2026-09-16 05:43:02.289313+00:00,SYNTH_NORM_010,dev_001,Kitchen,920,23.23,51.94,133,92,90,NORMAL,0,Synthetic simulation of NORMAL condition,synthetic
2026-09-16 05:43:03.289313+00:00,SYNTH_NORM_010,dev_001,Kitchen,916,23.4,52.38,135,96,90,NORMAL,0,Synthetic simulation of NORMAL condition,synthetic
2026-09-16 05:43:04.289313+00:00,SYNTH_NORM_010,dev_001,Kitchen,926,23.55,52.21,133,96,90,NORMAL,0,Synthetic simulation of NORMAL condition,synthetic
2026-09-16 05:43:05.289313+00:00,SYNTH_NORM_010,dev_001,Kitchen,919,23.69,52.2,136,94,90,NORMAL,0,Synthetic simulation of NORMAL condition,synthetic
2026-09-16 05:43:06.289313+00:00,SYNTH_NORM_010,dev_001,Kitchen,925,23.59,52.24,134,91,90,NORMAL,0,Synthetic simulation of NORMAL condition,synthetic
2026-09-16 05:43:07.289313+00:00,SYNTH_NORM_010,dev_001,Kitchen,920,23.38,52.45,136,89,90,NORMAL,0,Synthetic simulation of NORMAL condition,synthetic
2026-09-16 05:43:08.289313+00:00,SYNTH_NORM_010,dev_001,Kitchen,918,23.83,51.94,136,96,90,NORMAL,0,Synthetic simulation of NORMAL condition,synthetic
2026-09-16 05:43:09.289313+00:00,SYNTH_NORM_010,dev_001,Kitchen,927,23.71,52.43,128,94,90,NORMAL,0,Synthetic simulation of NORMAL condition,synthetic
2026-09-16 05:43:10.289313+00:00,SYNTH_NORM_010,dev_001,Kitchen,918,23.54,51.71,135,94,90,NORMAL,0,Synthetic simulation of NORMAL condition,synthetic
2026-09-16 05:43:11.289313+00:00,SYNTH_NORM_010,dev_001,Kitchen,916,23.74,52.11,138,96,90,NORMAL,0,Synthetic simulation of NORMAL condition,synthetic
2026-09-16 05:43:12.289313+00:00,SYNTH_NORM_010,dev_001,Kitchen,923,23.64,52.18,136,95,90,NORMAL,0,Synthetic simulation of NORMAL condition,synthetic
2026-09-16 05:43:13.289313+00:00,SYNTH_NORM_010,dev_001,Kitchen,923,23.53,52.24,136,94,90,NORMAL,0,Synthetic simulation of NORMAL condition,synthetic
2026-09-16 05:43:14.289313+00:00,SYNTH_NORM_010,dev_001,Kitchen,923,23.75,51.99,132,92,90,NORMAL,0,Synthetic simulation of NORMAL condition,synthetic
2026-09-16 05:43:15.289313+00:00,SYNTH_NORM_010,dev_001,Kitchen,922,23.05,52.55,131,90,90,NORMAL,0,Synthetic simulation of NORMAL condition,synthetic
2026-09-16 05:43:16.289313+00:00,SYNTH_NORM_010,dev_001,Kitchen,911,23.53,51.89,138,91,90,NORMAL,0,Synthetic simulation of NORMAL condition,synthetic
2026-09-16 05:43:17.289313+00:00,SYNTH_NORM_010,dev_001,Kitchen,920,23.59,52.46,136,92,90,NORMAL,0,Synthetic simulation of NORMAL condition,synthetic
2026-09-16 05:43:18.289313+00:00,SYNTH_NORM_010,dev_001,Kitchen,926,23.55,52.42,133,94,90,NORMAL,0,Synthetic simulation of NORMAL condition,synthetic
2026-09-16 05:43:19.289313+00:00,SYNTH_NORM_010,dev_001,Kitchen,920,23.57,52.11,135,97,90,NORMAL,0,Synthetic simulation of NORMAL condition,synthetic
2026-09-16 05:43:20.289313+00:00,SYNTH_NORM_010,dev_001,Kitchen,921,23.48,52.48,134,95,90,NORMAL,0,Synthetic simulation of NORMAL condition,synthetic
2026-09-16 05:43:21.289313+00:00,SYNTH_NORM_010,dev_001,Kitchen,909,23.45,52.29,128,93,90,NORMAL,0,Synthetic simulation of NORMAL condition,synthetic
2026-09-16 05:43:22.289313+00:00,SYNTH_NORM_010,dev_001,Kitchen,919,23.59,52.0,133,96,90,NORMAL,0,Synthetic simulation of NORMAL condition,synthetic
2026-09-16 05:43:23.289313+00:00,SYNTH_NORM_010,dev_001,Kitchen,923,23.54,52.03,132,94,90,NORMAL,0,Synthetic simulation of NORMAL condition,synthetic
2026-09-16 05:43:24.289313+00:00,SYNTH_NORM_010,dev_001,Kitchen,919,23.66,52.15,135,89,90,NORMAL,0,Synthetic simulation of NORMAL condition,synthetic
2026-09-16 05:43:25.289313+00:00,SYNTH_NORM_010,dev_001,Kitchen,921,23.49,52.14,135,97,90,NORMAL,0,Synthetic simulation of NORMAL condition,synthetic
2026-09-16 05:43:26.289313+00:00,SYNTH_NORM_010,dev_001,Kitchen,919,23.52,51.8,139,94,90,NORMAL,0,Synthetic simulation of NORMAL condition,synthetic
2026-09-16 05:43:27.289313+00:00,SYNTH_NORM_010,dev_001,Kitchen,921,23.55,52.15,134,91,90,NORMAL,0,Synthetic simulation of NORMAL condition,synthetic
2026-09-16 05:43:28.289313+00:00,SYNTH_NORM_010,dev_001,Kitchen,918,23.62,52.2,134,95,90,NORMAL,0,Synthetic simulation of NORMAL condition,synthetic
2026-09-16 05:43:29.289313+00:00,SYNTH_NORM_010,dev_001,Kitchen,919,23.58,52.06,137,91,90,NORMAL,0,Synthetic simulation of NORMAL condition,synthetic
2026-09-16 05:43:30.289313+00:00,SYNTH_NORM_010,dev_001,Kitchen,924,23.5,52.08,136,91,90,NORMAL,0,Synthetic simulation of NORMAL condition,synthetic
2026-09-16 05:43:31.289313+00:00,SYNTH_NORM_010,dev_001,Kitchen,922,23.55,52.24,134,93,90,NORMAL,0,Synthetic simulation of NORMAL condition,synthetic
2026-09-16 05:43:32.289313+00:00,SYNTH_NORM_010,dev_001,Kitchen,919,23.61,51.49,132,92,90,NORMAL,0,Synthetic simulation of NORMAL condition,synthetic
2026-09-16 05:43:33.289313+00:00,SYNTH_NORM_010,dev_001,Kitchen,926,23.62,52.1,136,95,90,NORMAL,0,Synthetic simulation of NORMAL condition,synthetic
2026-09-16 05:43:34.289313+00:00,SYNTH_NORM_010,dev_001,Kitchen,924,23.8,52.08,136,95,90,NORMAL,0,Synthetic simulation of NORMAL condition,synthetic
2026-09-16 05:43:35.289313+00:00,SYNTH_NORM_010,dev_001,Kitchen,914,23.83,52.03,135,93,90,NORMAL,0,Synthetic simulation of NORMAL condition,synthetic
2026-09-16 05:43:36.289313+00:00,SYNTH_NORM_010,dev_001,Kitchen,931,23.25,52.21,134,93,90,NORMAL,0,Synthetic simulation of NORMAL condition,synthetic
2026-09-16 05:43:37.289313+00:00,SYNTH_NORM_010,dev_001,Kitchen,920,23.48,52.4,132,96,90,NORMAL,0,Synthetic simulation of NORMAL condition,synthetic
2026-09-16 05:43:38.289313+00:00,SYNTH_NORM_010,dev_001,Kitchen,924,23.63,52.08,135,93,90,NORMAL,0,Synthetic simulation of NORMAL condition,synthetic
2026-09-16 05:43:39.289313+00:00,SYNTH_NORM_010,dev_001,Kitchen,928,23.4,52.43,141,91,90,NORMAL,0,Synthetic simulation of NORMAL condition,synthetic
2026-09-16 05:43:40.289313+00:00,SYNTH_NORM_010,dev_001,Kitchen,922,23.84,52.51,137,93,90,NORMAL,0,Synthetic simulation of NORMAL condition,synthetic
2026-09-16 05:43:41.289313+00:00,SYNTH_NORM_010,dev_001,Kitchen,928,23.64,51.97,139,93,90,NORMAL,0,Synthetic simulation of NORMAL condition,synthetic
2026-09-16 05:43:42.289313+00:00,SYNTH_NORM_010,dev_001,Kitchen,917,23.51,52.49,132,94,90,NORMAL,0,Synthetic simulation of NORMAL condition,synthetic
2026-09-16 05:43:43.289313+00:00,SYNTH_NORM_010,dev_001,Kitchen,916,23.88,52.03,139,91,90,NORMAL,0,Synthetic simulation of NORMAL condition,synthetic
2026-09-16 05:43:44.289313+00:00,SYNTH_NORM_010,dev_001,Kitchen,930,23.74,52.16,135,97,90,NORMAL,0,Synthetic simulation of NORMAL condition,synthetic
2026-09-16 05:43:45.289313+00:00,SYNTH_NORM_010,dev_001,Kitchen,921,23.69,52.74,131,90,90,NORMAL,0,Synthetic simulation of NORMAL condition,synthetic
2026-09-16 05:43:46.289313+00:00,SYNTH_NORM_010,dev_001,Kitchen,922,23.58,52.27,140,98,90,NORMAL,0,Synthetic simulation of NORMAL condition,synthetic
2026-09-16 05:43:47.289313+00:00,SYNTH_NORM_010,dev_001,Kitchen,925,23.65,52.09,136,98,90,NORMAL,0,Synthetic simulation of NORMAL condition,synthetic
2026-09-16 05:43:48.289313+00:00,SYNTH_NORM_010,dev_001,Kitchen,916,23.65,51.91,140,92,90,NORMAL,0,Synthetic simulation of NORMAL condition,synthetic
2026-09-16 05:43:49.289313+00:00,SYNTH_NORM_010,dev_001,Kitchen,924,23.87,52.34,134,88,90,NORMAL,0,Synthetic simulation of NORMAL condition,synthetic
2026-09-16 05:43:50.289313+00:00,SYNTH_NORM_010,dev_001,Kitchen,924,23.46,52.38,136,93,90,NORMAL,0,Synthetic simulation of NORMAL condition,synthetic
2026-09-16 05:43:51.289313+00:00,SYNTH_NORM_010,dev_001,Kitchen,920,23.33,51.74,132,95,90,NORMAL,0,Synthetic simulation of NORMAL condition,synthetic
2026-09-16 05:43:52.289313+00:00,SYNTH_NORM_010,dev_001,Kitchen,915,23.75,52.34,133,90,90,NORMAL,0,Synthetic simulation of NORMAL condition,synthetic
2026-09-16 05:43:53.289313+00:00,SYNTH_NORM_010,dev_001,Kitchen,920,23.57,52.26,137,100,90,NORMAL,0,Synthetic simulation of NORMAL condition,synthetic
2026-09-16 05:43:54.289313+00:00,SYNTH_NORM_010,dev_001,Kitchen,922,23.7,52.38,135,95,90,NORMAL,0,Synthetic simulation of NORMAL condition,synthetic
2026-09-16 05:43:55.289313+00:00,SYNTH_NORM_010,dev_001,Kitchen,916,23.72,52.0,135,86,90,NORMAL,0,Synthetic simulation of NORMAL condition,synthetic
2026-09-16 05:43:56.289313+00:00,SYNTH_NORM_010,dev_001,Kitchen,911,23.56,52.4,132,94,90,NORMAL,0,Synthetic simulation of NORMAL condition,synthetic
2026-09-16 05:43:57.289313+00:00,SYNTH_NORM_010,dev_001,Kitchen,931,23.61,51.94,127,91,90,NORMAL,0,Synthetic simulation of NORMAL condition,synthetic
2026-09-16 05:43:58.289313+00:00,SYNTH_NORM_010,dev_001,Kitchen,914,23.56,52.18,135,95,90,NORMAL,0,Synthetic simulation of NORMAL condition,synthetic
2026-09-16 05:43:59.289313+00:00,SYNTH_NORM_010,dev_001,Kitchen,923,23.72,51.69,135,91,90,NORMAL,0,Synthetic simulation of NORMAL condition,synthetic
2026-09-16 05:44:00.289313+00:00,SYNTH_NORM_010,dev_001,Kitchen,923,23.79,52.13,136,93,90,NORMAL,0,Synthetic simulation of NORMAL condition,synthetic
2026-09-16 05:44:01.289313+00:00,SYNTH_NORM_010,dev_001,Kitchen,919,23.4,51.94,135,93,90,NORMAL,0,Synthetic simulation of NORMAL condition,synthetic
2026-09-16 05:44:02.289313+00:00,SYNTH_NORM_010,dev_001,Kitchen,917,23.52,51.88,133,94,90,NORMAL,0,Synthetic simulation of NORMAL condition,synthetic
2026-09-16 05:44:03.289313+00:00,SYNTH_NORM_010,dev_001,Kitchen,917,23.69,51.75,134,97,90,NORMAL,0,Synthetic simulation of NORMAL condition,synthetic
2026-09-16 05:44:04.289313+00:00,SYNTH_NORM_010,dev_001,Kitchen,923,23.54,51.8,133,89,90,NORMAL,0,Synthetic simulation of NORMAL condition,synthetic
2026-09-16 05:44:05.289313+00:00,SYNTH_NORM_010,dev_001,Kitchen,923,23.6,51.85,132,95,90,NORMAL,0,Synthetic simulation of NORMAL condition,synthetic
2026-09-16 05:44:06.289313+00:00,SYNTH_NORM_010,dev_001,Kitchen,920,23.44,52.55,135,92,90,NORMAL,0,Synthetic simulation of NORMAL condition,synthetic
2026-09-16 05:44:07.289313+00:00,SYNTH_NORM_010,dev_001,Kitchen,932,23.67,52.19,136,89,90,NORMAL,0,Synthetic simulation of NORMAL condition,synthetic
2026-09-16 05:44:08.289313+00:00,SYNTH_NORM_010,dev_001,Kitchen,930,23.54,51.91,137,95,90,NORMAL,0,Synthetic simulation of NORMAL condition,synthetic
2026-09-16 05:44:09.289313+00:00,SYNTH_NORM_010,dev_001,Kitchen,919,23.65,52.36,139,92,90,NORMAL,0,Synthetic simulation of NORMAL condition,synthetic
2026-09-16 05:44:10.289313+00:00,SYNTH_NORM_010,dev_001,Kitchen,925,23.69,51.98,133,97,90,NORMAL,0,Synthetic simulation of NORMAL condition,synthetic
2026-09-16 05:44:11.289313+00:00,SYNTH_NORM_010,dev_001,Kitchen,919,23.49,52.43,133,89,90,NORMAL,0,Synthetic simulation of NORMAL condition,synthetic
2026-09-16 05:44:12.289313+00:00,SYNTH_NORM_010,dev_001,Kitchen,919,23.82,52.4,138,95,90,NORMAL,0,Synthetic simulation of NORMAL condition,synthetic
2026-09-16 05:44:13.289313+00:00,SYNTH_NORM_010,dev_001,Kitchen,920,23.8,51.7,133,95,90,NORMAL,0,Synthetic simulation of NORMAL condition,synthetic
2026-09-16 05:44:14.289313+00:00,SYNTH_NORM_010,dev_001,Kitchen,920,23.75,51.7,133,93,90,NORMAL,0,Synthetic simulation of NORMAL condition,synthetic
2026-09-16 05:44:15.289313+00:00,SYNTH_NORM_010,dev_001,Kitchen,919,23.73,52.19,136,94,90,NORMAL,0,Synthetic simulation of NORMAL condition,synthetic
2026-09-16 05:44:16.289313+00:00,SYNTH_NORM_010,dev_001,Kitchen,922,23.64,52.02,138,93,90,NORMAL,0,Synthetic simulation of NORMAL condition,synthetic
2026-09-16 05:44:17.289313+00:00,SYNTH_NORM_010,dev_001,Kitchen,915,23.65,52.5,135,97,90,NORMAL,0,Synthetic simulation of NORMAL condition,synthetic
2026-09-16 05:44:18.289313+00:00,SYNTH_NORM_010,dev_001,Kitchen,919,23.63,51.58,129,90,90,NORMAL,0,Synthetic simulation of NORMAL condition,synthetic
2026-09-16 05:44:19.289313+00:00,SYNTH_NORM_010,dev_001,Kitchen,921,23.42,52.09,135,92,90,NORMAL,0,Synthetic simulation of NORMAL condition,synthetic
2026-09-16 05:44:20.289313+00:00,SYNTH_NORM_010,dev_001,Kitchen,924,23.63,52.41,140,86,90,NORMAL,0,Synthetic simulation of NORMAL condition,synthetic
2026-09-16 05:44:21.289313+00:00,SYNTH_NORM_010,dev_001,Kitchen,926,23.55,52.04,136,92,90,NORMAL,0,Synthetic simulation of NORMAL condition,synthetic
2026-09-16 05:44:22.289313+00:00,SYNTH_NORM_010,dev_001,Kitchen,928,23.56,52.01,134,92,90,NORMAL,0,Synthetic simulation of NORMAL condition,synthetic
2026-09-16 05:44:23.289313+00:00,SYNTH_NORM_010,dev_001,Kitchen,916,23.72,52.1,134,92,90,NORMAL,0,Synthetic simulation of NORMAL condition,synthetic
2026-09-16 05:44:24.289313+00:00,SYNTH_NORM_010,dev_001,Kitchen,921,23.83,52.47,134,94,90,NORMAL,0,Synthetic simulation of NORMAL condition,synthetic
2026-09-16 05:44:25.289313+00:00,SYNTH_NORM_010,dev_001,Kitchen,923,23.26,52.23,136,93,90,NORMAL,0,Synthetic simulation of NORMAL condition,synthetic
2026-09-16 05:44:26.289313+00:00,SYNTH_NORM_010,dev_001,Kitchen,923,23.37,52.37,137,96,90,NORMAL,0,Synthetic simulation of NORMAL condition,synthetic
2026-09-16 05:44:27.289313+00:00,SYNTH_NORM_010,dev_001,Kitchen,917,23.55,52.19,143,95,90,NORMAL,0,Synthetic simulation of NORMAL condition,synthetic
2026-09-16 05:44:28.289313+00:00,SYNTH_NORM_010,dev_001,Kitchen,922,23.52,52.19,137,96,90,NORMAL,0,Synthetic simulation of NORMAL condition,synthetic
2026-09-16 05:44:29.289313+00:00,SYNTH_NORM_010,dev_001,Kitchen,914,23.38,52.2,129,90,90,NORMAL,0,Synthetic simulation of NORMAL condition,synthetic
2026-09-16 05:44:30.289313+00:00,SYNTH_NORM_010,dev_001,Kitchen,923,23.42,52.34,130,96,90,NORMAL,0,Synthetic simulation of NORMAL condition,synthetic
2026-09-16 05:44:31.289313+00:00,SYNTH_NORM_010,dev_001,Kitchen,923,23.38,52.12,134,98,90,NORMAL,0,Synthetic simulation of NORMAL condition,synthetic
2026-09-16 05:44:32.289313+00:00,SYNTH_NORM_010,dev_001,Kitchen,915,23.51,51.99,131,96,90,NORMAL,0,Synthetic simulation of NORMAL condition,synthetic
2026-09-16 05:44:33.289313+00:00,SYNTH_NORM_010,dev_001,Kitchen,915,23.45,51.91,136,93,90,NORMAL,0,Synthetic simulation of NORMAL condition,synthetic
2026-09-16 05:44:34.289313+00:00,SYNTH_NORM_010,dev_001,Kitchen,926,23.73,52.15,135,89,90,NORMAL,0,Synthetic simulation of NORMAL condition,synthetic
2026-09-16 05:44:35.289313+00:00,SYNTH_NORM_010,dev_001,Kitchen,913,23.41,52.41,131,97,90,NORMAL,0,Synthetic simulation of NORMAL condition,synthetic
2026-09-16 05:44:36.289313+00:00,SYNTH_NORM_010,dev_001,Kitchen,916,23.71,51.78,135,93,90,NORMAL,0,Synthetic simulation of NORMAL condition,synthetic
2026-09-16 05:44:37.289313+00:00,SYNTH_NORM_010,dev_001,Kitchen,926,23.37,52.18,133,91,90,NORMAL,0,Synthetic simulation of NORMAL condition,synthetic
2026-09-16 05:44:38.289313+00:00,SYNTH_NORM_010,dev_001,Kitchen,920,23.51,51.61,138,96,90,NORMAL,0,Synthetic simulation of NORMAL condition,synthetic
2026-09-16 05:44:39.289313+00:00,SYNTH_NORM_010,dev_001,Kitchen,917,23.6,52.17,137,95,90,NORMAL,0,Synthetic simulation of NORMAL condition,synthetic
2026-09-16 05:44:40.289313+00:00,SYNTH_NORM_010,dev_001,Kitchen,919,23.47,52.09,137,92,90,NORMAL,0,Synthetic simulation of NORMAL condition,synthetic
2026-09-16 05:44:41.289313+00:00,SYNTH_NORM_010,dev_001,Kitchen,922,23.77,52.11,139,93,90,NORMAL,0,Synthetic simulation of NORMAL condition,synthetic
2026-09-16 05:44:42.289313+00:00,SYNTH_NORM_010,dev_001,Kitchen,920,23.78,52.47,135,94,90,NORMAL,0,Synthetic simulation of NORMAL condition,synthetic
2026-09-16 05:44:43.289313+00:00,SYNTH_NORM_010,dev_001,Kitchen,919,23.43,52.33,134,96,90,NORMAL,0,Synthetic simulation of NORMAL condition,synthetic
2026-09-16 05:44:44.289313+00:00,SYNTH_NORM_010,dev_001,Kitchen,915,23.64,52.08,133,95,90,NORMAL,0,Synthetic simulation of NORMAL condition,synthetic
2026-09-16 05:44:45.289313+00:00,SYNTH_NORM_010,dev_001,Kitchen,921,23.43,51.67,138,97,90,NORMAL,0,Synthetic simulation of NORMAL condition,synthetic
2026-09-16 05:44:46.289313+00:00,SYNTH_NORM_010,dev_001,Kitchen,922,23.4,52.33,133,92,90,NORMAL,0,Synthetic simulation of NORMAL condition,synthetic
2026-09-16 05:44:47.289313+00:00,SYNTH_NORM_010,dev_001,Kitchen,927,23.75,52.06,134,92,90,NORMAL,0,Synthetic simulation of NORMAL condition,synthetic
2026-09-16 05:44:48.289313+00:00,SYNTH_NORM_010,dev_001,Kitchen,917,23.6,52.4,134,95,90,NORMAL,0,Synthetic simulation of NORMAL condition,synthetic
2026-09-16 05:44:49.289313+00:00,SYNTH_NORM_010,dev_001,Kitchen,917,23.41,52.29,133,96,90,NORMAL,0,Synthetic simulation of NORMAL condition,synthetic
2026-09-16 05:44:50.289313+00:00,SYNTH_NORM_010,dev_001,Kitchen,923,23.59,52.31,135,95,90,NORMAL,0,Synthetic simulation of NORMAL condition,synthetic
2026-09-16 05:44:51.289313+00:00,SYNTH_NORM_010,dev_001,Kitchen,924,23.77,52.4,137,94,90,NORMAL,0,Synthetic simulation of NORMAL condition,synthetic
2026-09-16 05:44:52.289313+00:00,SYNTH_NORM_010,dev_001,Kitchen,918,23.74,52.36,138,92,90,NORMAL,0,Synthetic simulation of NORMAL condition,synthetic
2026-09-16 05:42:53.291339+00:00,SYNTH_NORM_011,dev_001,Kitchen,927,25.15,54.56,123,114,90,NORMAL,0,Synthetic simulation of NORMAL condition,synthetic
2026-09-16 05:42:54.291339+00:00,SYNTH_NORM_011,dev_001,Kitchen,922,25.51,54.69,118,111,90,NORMAL,0,Synthetic simulation of NORMAL condition,synthetic
2026-09-16 05:42:55.291339+00:00,SYNTH_NORM_011,dev_001,Kitchen,921,25.17,54.18,125,109,90,NORMAL,0,Synthetic simulation of NORMAL condition,synthetic
2026-09-16 05:42:56.291339+00:00,SYNTH_NORM_011,dev_001,Kitchen,915,24.94,54.41,119,112,90,NORMAL,0,Synthetic simulation of NORMAL condition,synthetic
2026-09-16 05:42:57.291339+00:00,SYNTH_NORM_011,dev_001,Kitchen,918,25.1,54.78,127,112,90,NORMAL,0,Synthetic simulation of NORMAL condition,synthetic
2026-09-16 05:42:58.291339+00:00,SYNTH_NORM_011,dev_001,Kitchen,920,25.23,54.42,121,116,90,NORMAL,0,Synthetic simulation of NORMAL condition,synthetic
2026-09-16 05:42:59.291339+00:00,SYNTH_NORM_011,dev_001,Kitchen,915,25.07,54.52,121,113,90,NORMAL,0,Synthetic simulation of NORMAL condition,synthetic
2026-09-16 05:43:00.291339+00:00,SYNTH_NORM_011,dev_001,Kitchen,916,25.08,54.65,125,110,90,NORMAL,0,Synthetic simulation of NORMAL condition,synthetic
2026-09-16 05:43:01.291339+00:00,SYNTH_NORM_011,dev_001,Kitchen,926,25.04,54.69,125,108,90,NORMAL,0,Synthetic simulation of NORMAL condition,synthetic
2026-09-16 05:43:02.291339+00:00,SYNTH_NORM_011,dev_001,Kitchen,922,25.21,54.48,125,110,90,NORMAL,0,Synthetic simulation of NORMAL condition,synthetic
2026-09-16 05:43:03.291339+00:00,SYNTH_NORM_011,dev_001,Kitchen,921,25.06,53.93,120,109,90,NORMAL,0,Synthetic simulation of NORMAL condition,synthetic
2026-09-16 05:43:04.291339+00:00,SYNTH_NORM_011,dev_001,Kitchen,917,25.22,54.57,118,112,90,NORMAL,0,Synthetic simulation of NORMAL condition,synthetic
2026-09-16 05:43:05.291339+00:00,SYNTH_NORM_011,dev_001,Kitchen,925,25.22,54.71,121,111,90,NORMAL,0,Synthetic simulation of NORMAL condition,synthetic
2026-09-16 05:43:06.291339+00:00,SYNTH_NORM_011,dev_001,Kitchen,929,25.07,54.47,132,117,90,NORMAL,0,Synthetic simulation of NORMAL condition,synthetic
2026-09-16 05:43:07.291339+00:00,SYNTH_NORM_011,dev_001,Kitchen,926,25.2,54.37,126,112,90,NORMAL,0,Synthetic simulation of NORMAL condition,synthetic
2026-09-16 05:43:08.291339+00:00,SYNTH_NORM_011,dev_001,Kitchen,932,25.36,54.71,121,115,90,NORMAL,0,Synthetic simulation of NORMAL condition,synthetic
2026-09-16 05:43:09.291339+00:00,SYNTH_NORM_011,dev_001,Kitchen,918,25.15,54.47,121,115,90,NORMAL,0,Synthetic simulation of NORMAL condition,synthetic
2026-09-16 05:43:10.291339+00:00,SYNTH_NORM_011,dev_001,Kitchen,923,25.09,54.22,124,114,90,NORMAL,0,Synthetic simulation of NORMAL condition,synthetic
2026-09-16 05:43:11.291339+00:00,SYNTH_NORM_011,dev_001,Kitchen,921,25.13,54.78,122,115,90,NORMAL,0,Synthetic simulation of NORMAL condition,synthetic
2026-09-16 05:43:12.291339+00:00,SYNTH_NORM_011,dev_001,Kitchen,917,24.96,54.82,125,113,90,NORMAL,0,Synthetic simulation of NORMAL condition,synthetic
2026-09-16 05:43:13.291339+00:00,SYNTH_NORM_011,dev_001,Kitchen,921,25.23,54.72,118,111,90,NORMAL,0,Synthetic simulation of NORMAL condition,synthetic
2026-09-16 05:43:14.291339+00:00,SYNTH_NORM_011,dev_001,Kitchen,916,25.31,55.13,119,113,90,NORMAL,0,Synthetic simulation of NORMAL condition,synthetic
2026-09-16 05:43:15.291339+00:00,SYNTH_NORM_011,dev_001,Kitchen,912,25.07,54.98,121,115,90,NORMAL,0,Synthetic simulation of NORMAL condition,synthetic
2026-09-16 05:43:16.291339+00:00,SYNTH_NORM_011,dev_001,Kitchen,918,24.91,55.07,130,113,90,NORMAL,0,Synthetic simulation of NORMAL condition,synthetic
2026-09-16 05:43:17.291339+00:00,SYNTH_NORM_011,dev_001,Kitchen,918,25.22,54.29,126,117,90,NORMAL,0,Synthetic simulation of NORMAL condition,synthetic
2026-09-16 05:43:18.291339+00:00,SYNTH_NORM_011,dev_001,Kitchen,926,25.11,54.57,124,113,90,NORMAL,0,Synthetic simulation of NORMAL condition,synthetic
2026-09-16 05:43:19.291339+00:00,SYNTH_NORM_011,dev_001,Kitchen,919,25.15,54.85,126,110,90,NORMAL,0,Synthetic simulation of NORMAL condition,synthetic
2026-09-16 05:43:20.291339+00:00,SYNTH_NORM_011,dev_001,Kitchen,925,25.09,55.11,122,113,90,NORMAL,0,Synthetic simulation of NORMAL condition,synthetic
2026-09-16 05:43:21.291339+00:00,SYNTH_NORM_011,dev_001,Kitchen,918,25.14,54.57,124,116,90,NORMAL,0,Synthetic simulation of NORMAL condition,synthetic
2026-09-16 05:43:22.291339+00:00,SYNTH_NORM_011,dev_001,Kitchen,926,25.32,54.41,125,111,90,NORMAL,0,Synthetic simulation of NORMAL condition,synthetic
2026-09-16 05:43:23.291339+00:00,SYNTH_NORM_011,dev_001,Kitchen,920,25.09,54.65,125,115,90,NORMAL,0,Synthetic simulation of NORMAL condition,synthetic
2026-09-16 05:43:24.291339+00:00,SYNTH_NORM_011,dev_001,Kitchen,924,25.44,54.3,120,115,90,NORMAL,0,Synthetic simulation of NORMAL condition,synthetic
2026-09-16 05:43:25.291339+00:00,SYNTH_NORM_011,dev_001,Kitchen,929,24.96,54.77,126,116,90,NORMAL,0,Synthetic simulation of NORMAL condition,synthetic
2026-09-16 05:43:26.291339+00:00,SYNTH_NORM_011,dev_001,Kitchen,922,25.24,54.83,119,116,90,NORMAL,0,Synthetic simulation of NORMAL condition,synthetic
2026-09-16 05:43:27.291339+00:00,SYNTH_NORM_011,dev_001,Kitchen,917,25.17,54.36,121,112,90,NORMAL,0,Synthetic simulation of NORMAL condition,synthetic
2026-09-16 05:43:28.291339+00:00,SYNTH_NORM_011,dev_001,Kitchen,919,25.14,54.61,126,112,90,NORMAL,0,Synthetic simulation of NORMAL condition,synthetic
2026-09-16 05:43:29.291339+00:00,SYNTH_NORM_011,dev_001,Kitchen,924,25.31,54.65,119,112,90,NORMAL,0,Synthetic simulation of NORMAL condition,synthetic
2026-09-16 05:43:30.291339+00:00,SYNTH_NORM_011,dev_001,Kitchen,924,25.27,54.51,125,114,90,NORMAL,0,Synthetic simulation of NORMAL condition,synthetic
2026-09-16 05:43:31.291339+00:00,SYNTH_NORM_011,dev_001,Kitchen,920,25.21,54.65,118,107,90,NORMAL,0,Synthetic simulation of NORMAL condition,synthetic
2026-09-16 05:43:32.291339+00:00,SYNTH_NORM_011,dev_001,Kitchen,922,25.34,55.0,125,115,90,NORMAL,0,Synthetic simulation of NORMAL condition,synthetic
2026-09-16 05:43:33.291339+00:00,SYNTH_NORM_011,dev_001,Kitchen,925,25.07,54.43,118,116,90,NORMAL,0,Synthetic simulation of NORMAL condition,synthetic
2026-09-16 05:43:34.291339+00:00,SYNTH_NORM_011,dev_001,Kitchen,913,25.43,54.37,127,114,90,NORMAL,0,Synthetic simulation of NORMAL condition,synthetic
2026-09-16 05:43:35.291339+00:00,SYNTH_NORM_011,dev_001,Kitchen,920,25.2,54.7,124,111,90,NORMAL,0,Synthetic simulation of NORMAL condition,synthetic
2026-09-16 05:43:36.291339+00:00,SYNTH_NORM_011,dev_001,Kitchen,918,25.21,54.4,124,110,90,NORMAL,0,Synthetic simulation of NORMAL condition,synthetic
2026-09-16 05:43:37.291339+00:00,SYNTH_NORM_011,dev_001,Kitchen,922,25.13,54.51,118,111,90,NORMAL,0,Synthetic simulation of NORMAL condition,synthetic
2026-09-16 05:43:38.291339+00:00,SYNTH_NORM_011,dev_001,Kitchen,920,25.29,54.59,126,115,90,NORMAL,0,Synthetic simulation of NORMAL condition,synthetic
2026-09-16 05:43:39.291339+00:00,SYNTH_NORM_011,dev_001,Kitchen,926,25.0,54.68,123,110,90,NORMAL,0,Synthetic simulation of NORMAL condition,synthetic
2026-09-16 05:43:40.291339+00:00,SYNTH_NORM_011,dev_001,Kitchen,926,25.14,54.71,117,111,90,NORMAL,0,Synthetic simulation of NORMAL condition,synthetic
2026-09-16 05:43:41.291339+00:00,SYNTH_NORM_011,dev_001,Kitchen,924,25.04,54.12,121,118,90,NORMAL,0,Synthetic simulation of NORMAL condition,synthetic
2026-09-16 05:43:42.291339+00:00,SYNTH_NORM_011,dev_001,Kitchen,925,25.21,54.37,127,111,90,NORMAL,0,Synthetic simulation of NORMAL condition,synthetic
2026-09-16 05:43:43.291339+00:00,SYNTH_NORM_011,dev_001,Kitchen,930,25.03,54.51,126,114,90,NORMAL,0,Synthetic simulation of NORMAL condition,synthetic
2026-09-16 05:43:44.291339+00:00,SYNTH_NORM_011,dev_001,Kitchen,925,25.34,54.39,122,115,90,NORMAL,0,Synthetic simulation of NORMAL condition,synthetic
2026-09-16 05:43:45.291339+00:00,SYNTH_NORM_011,dev_001,Kitchen,920,24.98,54.35,125,117,90,NORMAL,0,Synthetic simulation of NORMAL condition,synthetic
2026-09-16 05:43:46.291339+00:00,SYNTH_NORM_011,dev_001,Kitchen,923,25.35,53.88,123,109,90,NORMAL,0,Synthetic simulation of NORMAL condition,synthetic
2026-09-16 05:43:47.291339+00:00,SYNTH_NORM_011,dev_001,Kitchen,921,25.15,54.33,123,110,90,NORMAL,0,Synthetic simulation of NORMAL condition,synthetic
2026-09-16 05:43:48.291339+00:00,SYNTH_NORM_011,dev_001,Kitchen,930,25.16,54.61,124,114,90,NORMAL,0,Synthetic simulation of NORMAL condition,synthetic
2026-09-16 05:43:49.291339+00:00,SYNTH_NORM_011,dev_001,Kitchen,918,25.35,54.33,124,111,90,NORMAL,0,Synthetic simulation of NORMAL condition,synthetic
2026-09-16 05:43:50.291339+00:00,SYNTH_NORM_011,dev_001,Kitchen,925,25.22,54.42,121,114,90,NORMAL,0,Synthetic simulation of NORMAL condition,synthetic
2026-09-16 05:43:51.291339+00:00,SYNTH_NORM_011,dev_001,Kitchen,924,25.13,54.39,126,113,90,NORMAL,0,Synthetic simulation of NORMAL condition,synthetic
2026-09-16 05:43:52.291339+00:00,SYNTH_NORM_011,dev_001,Kitchen,923,25.44,54.86,121,113,90,NORMAL,0,Synthetic simulation of NORMAL condition,synthetic
2026-09-16 05:43:53.291339+00:00,SYNTH_NORM_011,dev_001,Kitchen,918,24.86,54.34,130,116,90,NORMAL,0,Synthetic simulation of NORMAL condition,synthetic
2026-09-16 05:43:54.291339+00:00,SYNTH_NORM_011,dev_001,Kitchen,924,25.08,54.62,127,111,90,NORMAL,0,Synthetic simulation of NORMAL condition,synthetic
2026-09-16 05:43:55.291339+00:00,SYNTH_NORM_011,dev_001,Kitchen,926,25.2,54.41,124,114,90,NORMAL,0,Synthetic simulation of NORMAL condition,synthetic
2026-09-16 05:43:56.291339+00:00,SYNTH_NORM_011,dev_001,Kitchen,922,25.16,54.37,122,112,90,NORMAL,0,Synthetic simulation of NORMAL condition,synthetic
2026-09-16 05:43:57.291339+00:00,SYNTH_NORM_011,dev_001,Kitchen,915,25.38,54.41,119,113,90,NORMAL,0,Synthetic simulation of NORMAL condition,synthetic
2026-09-16 05:43:58.291339+00:00,SYNTH_NORM_011,dev_001,Kitchen,925,25.25,54.14,128,114,90,NORMAL,0,Synthetic simulation of NORMAL condition,synthetic
2026-09-16 05:43:59.291339+00:00,SYNTH_NORM_011,dev_001,Kitchen,917,25.32,54.59,123,112,90,NORMAL,0,Synthetic simulation of NORMAL condition,synthetic
2026-09-16 05:44:00.291339+00:00,SYNTH_NORM_011,dev_001,Kitchen,923,25.3,54.37,127,114,90,NORMAL,0,Synthetic simulation of NORMAL condition,synthetic
2026-09-16 05:44:01.291339+00:00,SYNTH_NORM_011,dev_001,Kitchen,925,25.35,54.92,128,108,90,NORMAL,0,Synthetic simulation of NORMAL condition,synthetic
2026-09-16 05:44:02.291339+00:00,SYNTH_NORM_011,dev_001,Kitchen,923,25.23,54.42,130,113,90,NORMAL,0,Synthetic simulation of NORMAL condition,synthetic
2026-09-16 05:44:03.291339+00:00,SYNTH_NORM_011,dev_001,Kitchen,913,25.03,55.55,117,114,90,NORMAL,0,Synthetic simulation of NORMAL condition,synthetic
2026-09-16 05:44:04.291339+00:00,SYNTH_NORM_011,dev_001,Kitchen,921,25.12,54.41,120,115,90,NORMAL,0,Synthetic simulation of NORMAL condition,synthetic
2026-09-16 05:44:05.291339+00:00,SYNTH_NORM_011,dev_001,Kitchen,922,25.2,55.1,120,111,90,NORMAL,0,Synthetic simulation of NORMAL condition,synthetic
2026-09-16 05:44:06.291339+00:00,SYNTH_NORM_011,dev_001,Kitchen,922,25.32,54.69,122,111,90,NORMAL,0,Synthetic simulation of NORMAL condition,synthetic
2026-09-16 05:44:07.291339+00:00,SYNTH_NORM_011,dev_001,Kitchen,918,24.97,54.66,125,115,90,NORMAL,0,Synthetic simulation of NORMAL condition,synthetic
2026-09-16 05:44:08.291339+00:00,SYNTH_NORM_011,dev_001,Kitchen,918,25.4,54.34,124,111,90,NORMAL,0,Synthetic simulation of NORMAL condition,synthetic
2026-09-16 05:44:09.291339+00:00,SYNTH_NORM_011,dev_001,Kitchen,916,25.1,54.5,120,115,90,NORMAL,0,Synthetic simulation of NORMAL condition,synthetic
2026-09-16 05:44:10.291339+00:00,SYNTH_NORM_011,dev_001,Kitchen,924,25.19,54.04,121,111,90,NORMAL,0,Synthetic simulation of NORMAL condition,synthetic
2026-09-16 05:44:11.291339+00:00,SYNTH_NORM_011,dev_001,Kitchen,927,25.58,54.34,129,114,90,NORMAL,0,Synthetic simulation of NORMAL condition,synthetic
2026-09-16 05:44:12.291339+00:00,SYNTH_NORM_011,dev_001,Kitchen,931,24.99,54.98,119,121,90,NORMAL,0,Synthetic simulation of NORMAL condition,synthetic
2026-09-16 05:44:13.291339+00:00,SYNTH_NORM_011,dev_001,Kitchen,916,25.19,54.36,121,111,90,NORMAL,0,Synthetic simulation of NORMAL condition,synthetic
2026-09-16 05:44:14.291339+00:00,SYNTH_NORM_011,dev_001,Kitchen,919,24.9,54.12,124,112,90,NORMAL,0,Synthetic simulation of NORMAL condition,synthetic
2026-09-16 05:44:15.291339+00:00,SYNTH_NORM_011,dev_001,Kitchen,921,25.26,54.27,117,110,90,NORMAL,0,Synthetic simulation of NORMAL condition,synthetic
2026-09-16 05:44:16.291339+00:00,SYNTH_NORM_011,dev_001,Kitchen,925,25.03,54.17,117,115,90,NORMAL,0,Synthetic simulation of NORMAL condition,synthetic
2026-09-16 05:44:17.291339+00:00,SYNTH_NORM_011,dev_001,Kitchen,931,25.18,54.6,123,112,90,NORMAL,0,Synthetic simulation of NORMAL condition,synthetic
2026-09-16 05:44:18.291339+00:00,SYNTH_NORM_011,dev_001,Kitchen,927,25.28,54.62,119,114,90,NORMAL,0,Synthetic simulation of NORMAL condition,synthetic
2026-09-16 05:44:19.291339+00:00,SYNTH_NORM_011,dev_001,Kitchen,918,24.93,54.36,121,113,90,NORMAL,0,Synthetic simulation of NORMAL condition,synthetic
2026-09-16 05:44:20.291339+00:00,SYNTH_NORM_011,dev_001,Kitchen,923,25.07,54.86,124,110,90,NORMAL,0,Synthetic simulation of NORMAL condition,synthetic
2026-09-16 05:44:21.291339+00:00,SYNTH_NORM_011,dev_001,Kitchen,923,25.0,54.27,128,111,90,NORMAL,0,Synthetic simulation of NORMAL condition,synthetic
2026-09-16 05:44:22.291339+00:00,SYNTH_NORM_011,dev_001,Kitchen,925,25.14,54.66,125,114,90,NORMAL,0,Synthetic simulation of NORMAL condition,synthetic
2026-09-16 05:44:23.291339+00:00,SYNTH_NORM_011,dev_001,Kitchen,919,24.97,54.65,119,112,90,NORMAL,0,Synthetic simulation of NORMAL condition,synthetic
2026-09-16 05:44:24.291339+00:00,SYNTH_NORM_011,dev_001,Kitchen,923,25.05,54.18,119,113,90,NORMAL,0,Synthetic simulation of NORMAL condition,synthetic
2026-09-16 05:44:25.291339+00:00,SYNTH_NORM_011,dev_001,Kitchen,926,25.04,54.39,125,110,90,NORMAL,0,Synthetic simulation of NORMAL condition,synthetic
2026-09-16 05:44:26.291339+00:00,SYNTH_NORM_011,dev_001,Kitchen,915,25.17,54.43,122,114,90,NORMAL,0,Synthetic simulation of NORMAL condition,synthetic
2026-09-16 05:44:27.291339+00:00,SYNTH_NORM_011,dev_001,Kitchen,922,25.2,54.72,121,113,90,NORMAL,0,Synthetic simulation of NORMAL condition,synthetic
2026-09-16 05:44:28.291339+00:00,SYNTH_NORM_011,dev_001,Kitchen,919,25.12,54.62,121,114,90,NORMAL,0,Synthetic simulation of NORMAL condition,synthetic
2026-09-16 05:44:29.291339+00:00,SYNTH_NORM_011,dev_001,Kitchen,921,24.88,55.07,122,108,90,NORMAL,0,Synthetic simulation of NORMAL condition,synthetic
2026-09-16 05:44:30.291339+00:00,SYNTH_NORM_011,dev_001,Kitchen,927,25.02,54.71,126,111,90,NORMAL,0,Synthetic simulation of NORMAL condition,synthetic
2026-09-16 05:44:31.291339+00:00,SYNTH_NORM_011,dev_001,Kitchen,919,25.11,54.46,125,108,90,NORMAL,0,Synthetic simulation of NORMAL condition,synthetic
2026-09-16 05:44:32.291339+00:00,SYNTH_NORM_011,dev_001,Kitchen,914,24.79,54.34,118,109,90,NORMAL,0,Synthetic simulation of NORMAL condition,synthetic
2026-09-16 05:44:33.291339+00:00,SYNTH_NORM_011,dev_001,Kitchen,929,25.31,54.66,125,116,90,NORMAL,0,Synthetic simulation of NORMAL condition,synthetic
2026-09-16 05:44:34.291339+00:00,SYNTH_NORM_011,dev_001,Kitchen,926,25.43,54.66,113,116,90,NORMAL,0,Synthetic simulation of NORMAL condition,synthetic
2026-09-16 05:44:35.291339+00:00,SYNTH_NORM_011,dev_001,Kitchen,929,24.98,54.41,126,114,90,NORMAL,0,Synthetic simulation of NORMAL condition,synthetic
2026-09-16 05:44:36.291339+00:00,SYNTH_NORM_011,dev_001,Kitchen,927,25.35,54.36,122,109,90,NORMAL,0,Synthetic simulation of NORMAL condition,synthetic
2026-09-16 05:44:37.291339+00:00,SYNTH_NORM_011,dev_001,Kitchen,923,25.24,54.25,118,114,90,NORMAL,0,Synthetic simulation of NORMAL condition,synthetic
2026-09-16 05:44:38.291339+00:00,SYNTH_NORM_011,dev_001,Kitchen,930,25.11,54.75,126,110,90,NORMAL,0,Synthetic simulation of NORMAL condition,synthetic
2026-09-16 05:44:39.291339+00:00,SYNTH_NORM_011,dev_001,Kitchen,927,25.12,54.19,119,112,90,NORMAL,0,Synthetic simulation of NORMAL condition,synthetic
2026-09-16 05:44:40.291339+00:00,SYNTH_NORM_011,dev_001,Kitchen,925,25.11,54.41,123,117,90,NORMAL,0,Synthetic simulation of NORMAL condition,synthetic
2026-09-16 05:44:41.291339+00:00,SYNTH_NORM_011,dev_001,Kitchen,923,25.24,54.49,127,112,90,NORMAL,0,Synthetic simulation of NORMAL condition,synthetic
2026-09-16 05:44:42.291339+00:00,SYNTH_NORM_011,dev_001,Kitchen,926,25.47,55.0,131,107,90,NORMAL,0,Synthetic simulation of NORMAL condition,synthetic
2026-09-16 05:44:43.291339+00:00,SYNTH_NORM_011,dev_001,Kitchen,920,25.15,54.57,126,114,90,NORMAL,0,Synthetic simulation of NORMAL condition,synthetic
2026-09-16 05:44:44.291339+00:00,SYNTH_NORM_011,dev_001,Kitchen,910,25.22,54.77,124,115,90,NORMAL,0,Synthetic simulation of NORMAL condition,synthetic
2026-09-16 05:44:45.291339+00:00,SYNTH_NORM_011,dev_001,Kitchen,928,25.05,54.43,123,115,90,NORMAL,0,Synthetic simulation of NORMAL condition,synthetic
2026-09-16 05:44:46.291339+00:00,SYNTH_NORM_011,dev_001,Kitchen,919,24.93,54.24,119,111,90,NORMAL,0,Synthetic simulation of NORMAL condition,synthetic
2026-09-16 05:44:47.291339+00:00,SYNTH_NORM_011,dev_001,Kitchen,924,24.88,54.58,120,109,90,NORMAL,0,Synthetic simulation of NORMAL condition,synthetic
2026-09-16 05:44:48.291339+00:00,SYNTH_NORM_011,dev_001,Kitchen,921,25.24,54.7,131,114,90,NORMAL,0,Synthetic simulation of NORMAL condition,synthetic
2026-09-16 05:44:49.291339+00:00,SYNTH_NORM_011,dev_001,Kitchen,915,25.36,54.57,127,121,90,NORMAL,0,Synthetic simulation of NORMAL condition,synthetic
2026-09-16 05:44:50.291339+00:00,SYNTH_NORM_011,dev_001,Kitchen,925,25.12,54.49,124,112,90,NORMAL,0,Synthetic simulation of NORMAL condition,synthetic
2026-09-16 05:44:51.291339+00:00,SYNTH_NORM_011,dev_001,Kitchen,915,25.31,54.72,117,110,90,NORMAL,0,Synthetic simulation of NORMAL condition,synthetic
2026-09-16 05:44:52.291339+00:00,SYNTH_NORM_011,dev_001,Kitchen,921,25.1,54.44,121,112,90,NORMAL,0,Synthetic simulation of NORMAL condition,synthetic
2026-09-16 05:42:53.293326+00:00,SYNTH_NORM_012,dev_001,Kitchen,904,24.74,51.77,124,87,90,NORMAL,0,Synthetic simulation of NORMAL condition,synthetic
2026-09-16 05:42:54.293326+00:00,SYNTH_NORM_012,dev_001,Kitchen,905,24.68,51.55,121,91,90,NORMAL,0,Synthetic simulation of NORMAL condition,synthetic
2026-09-16 05:42:55.293326+00:00,SYNTH_NORM_012,dev_001,Kitchen,900,24.7,51.67,128,86,90,NORMAL,0,Synthetic simulation of NORMAL condition,synthetic
2026-09-16 05:42:56.293326+00:00,SYNTH_NORM_012,dev_001,Kitchen,899,24.49,51.98,130,90,90,NORMAL,0,Synthetic simulation of NORMAL condition,synthetic
2026-09-16 05:42:57.293326+00:00,SYNTH_NORM_012,dev_001,Kitchen,895,24.87,51.7,134,89,90,NORMAL,0,Synthetic simulation of NORMAL condition,synthetic
2026-09-16 05:42:58.293326+00:00,SYNTH_NORM_012,dev_001,Kitchen,899,24.87,51.92,127,86,90,NORMAL,0,Synthetic simulation of NORMAL condition,synthetic
2026-09-16 05:42:59.293326+00:00,SYNTH_NORM_012,dev_001,Kitchen,903,24.71,52.16,136,95,90,NORMAL,0,Synthetic simulation of NORMAL condition,synthetic
2026-09-16 05:43:00.293326+00:00,SYNTH_NORM_012,dev_001,Kitchen,906,24.55,51.49,126,91,90,NORMAL,0,Synthetic simulation of NORMAL condition,synthetic
2026-09-16 05:43:01.293326+00:00,SYNTH_NORM_012,dev_001,Kitchen,900,24.45,51.73,130,87,90,NORMAL,0,Synthetic simulation of NORMAL condition,synthetic
2026-09-16 05:43:02.293326+00:00,SYNTH_NORM_012,dev_001,Kitchen,903,24.54,51.68,129,88,90,NORMAL,0,Synthetic simulation of NORMAL condition,synthetic
2026-09-16 05:43:03.293326+00:00,SYNTH_NORM_012,dev_001,Kitchen,904,24.68,51.72,127,91,90,NORMAL,0,Synthetic simulation of NORMAL condition,synthetic
2026-09-16 05:43:04.293326+00:00,SYNTH_NORM_012,dev_001,Kitchen,897,24.4,51.73,133,90,90,NORMAL,0,Synthetic simulation of NORMAL condition,synthetic
2026-09-16 05:43:05.293326+00:00,SYNTH_NORM_012,dev_001,Kitchen,899,24.91,51.92,126,90,90,NORMAL,0,Synthetic simulation of NORMAL condition,synthetic
2026-09-16 05:43:06.293326+00:00,SYNTH_NORM_012,dev_001,Kitchen,899,24.55,52.06,134,93,90,NORMAL,0,Synthetic simulation of NORMAL condition,synthetic
2026-09-16 05:43:07.293326+00:00,SYNTH_NORM_012,dev_001,Kitchen,902,24.57,51.81,127,92,90,NORMAL,0,Synthetic simulation of NORMAL condition,synthetic
2026-09-16 05:43:08.293326+00:00,SYNTH_NORM_012,dev_001,Kitchen,896,24.3,52.23,128,90,90,NORMAL,0,Synthetic simulation of NORMAL condition,synthetic
2026-09-16 05:43:09.293326+00:00,SYNTH_NORM_012,dev_001,Kitchen,890,24.45,51.83,131,91,90,NORMAL,0,Synthetic simulation of NORMAL condition,synthetic
2026-09-16 05:43:10.293326+00:00,SYNTH_NORM_012,dev_001,Kitchen,894,24.69,51.59,129,90,90,NORMAL,0,Synthetic simulation of NORMAL condition,synthetic
2026-09-16 05:43:11.293326+00:00,SYNTH_NORM_012,dev_001,Kitchen,903,24.79,52.09,132,90,90,NORMAL,0,Synthetic simulation of NORMAL condition,synthetic
2026-09-16 05:43:12.293326+00:00,SYNTH_NORM_012,dev_001,Kitchen,899,24.48,52.12,124,89,90,NORMAL,0,Synthetic simulation of NORMAL condition,synthetic
2026-09-16 05:43:13.293326+00:00,SYNTH_NORM_012,dev_001,Kitchen,898,24.6,51.72,127,93,90,NORMAL,0,Synthetic simulation of NORMAL condition,synthetic
2026-09-16 05:43:14.293326+00:00,SYNTH_NORM_012,dev_001,Kitchen,900,24.86,51.81,130,85,90,NORMAL,0,Synthetic simulation of NORMAL condition,synthetic
2026-09-16 05:43:15.293326+00:00,SYNTH_NORM_012,dev_001,Kitchen,904,24.48,51.97,129,90,90,NORMAL,0,Synthetic simulation of NORMAL condition,synthetic
2026-09-16 05:43:16.293326+00:00,SYNTH_NORM_012,dev_001,Kitchen,903,24.61,51.98,129,89,90,NORMAL,0,Synthetic simulation of NORMAL condition,synthetic
2026-09-16 05:43:17.293326+00:00,SYNTH_NORM_012,dev_001,Kitchen,894,24.75,51.73,127,92,90,NORMAL,0,Synthetic simulation of NORMAL condition,synthetic
2026-09-16 05:43:18.293326+00:00,SYNTH_NORM_012,dev_001,Kitchen,900,24.83,51.47,134,89,90,NORMAL,0,Synthetic simulation of NORMAL condition,synthetic
2026-09-16 05:43:19.293326+00:00,SYNTH_NORM_012,dev_001,Kitchen,895,24.64,52.11,128,89,90,NORMAL,0,Synthetic simulation of NORMAL condition,synthetic
2026-09-16 05:43:20.293326+00:00,SYNTH_NORM_012,dev_001,Kitchen,899,24.24,52.0,126,89,90,NORMAL,0,Synthetic simulation of NORMAL condition,synthetic
2026-09-16 05:43:21.293326+00:00,SYNTH_NORM_012,dev_001,Kitchen,894,24.44,51.75,129,89,90,NORMAL,0,Synthetic simulation of NORMAL condition,synthetic
2026-09-16 05:43:22.293326+00:00,SYNTH_NORM_012,dev_001,Kitchen,900,24.55,51.69,130,85,90,NORMAL,0,Synthetic simulation of NORMAL condition,synthetic
2026-09-16 05:43:23.293326+00:00,SYNTH_NORM_012,dev_001,Kitchen,899,24.41,51.59,128,93,90,NORMAL,0,Synthetic simulation of NORMAL condition,synthetic
2026-09-16 05:43:24.293326+00:00,SYNTH_NORM_012,dev_001,Kitchen,898,24.59,51.24,135,90,90,NORMAL,0,Synthetic simulation of NORMAL condition,synthetic
2026-09-16 05:43:25.293326+00:00,SYNTH_NORM_012,dev_001,Kitchen,906,24.53,51.69,130,94,90,NORMAL,0,Synthetic simulation of NORMAL condition,synthetic
2026-09-16 05:43:26.293326+00:00,SYNTH_NORM_012,dev_001,Kitchen,904,24.39,51.89,128,90,90,NORMAL,0,Synthetic simulation of NORMAL condition,synthetic
2026-09-16 05:43:27.293326+00:00,SYNTH_NORM_012,dev_001,Kitchen,901,24.74,52.0,129,96,90,NORMAL,0,Synthetic simulation of NORMAL condition,synthetic
2026-09-16 05:43:28.293326+00:00,SYNTH_NORM_012,dev_001,Kitchen,900,24.82,51.55,130,91,90,NORMAL,0,Synthetic simulation of NORMAL condition,synthetic
2026-09-16 05:43:29.293326+00:00,SYNTH_NORM_012,dev_001,Kitchen,904,24.4,51.69,130,88,90,NORMAL,0,Synthetic simulation of NORMAL condition,synthetic
2026-09-16 05:43:30.293326+00:00,SYNTH_NORM_012,dev_001,Kitchen,902,24.58,51.52,132,84,90,NORMAL,0,Synthetic simulation of NORMAL condition,synthetic
2026-09-16 05:43:31.293326+00:00,SYNTH_NORM_012,dev_001,Kitchen,899,24.56,51.71,132,87,90,NORMAL,0,Synthetic simulation of NORMAL condition,synthetic
2026-09-16 05:43:32.293326+00:00,SYNTH_NORM_012,dev_001,Kitchen,901,24.37,51.72,126,94,90,NORMAL,0,Synthetic simulation of NORMAL condition,synthetic
2026-09-16 05:43:33.293326+00:00,SYNTH_NORM_012,dev_001,Kitchen,906,24.65,52.0,133,92,90,NORMAL,0,Synthetic simulation of NORMAL condition,synthetic
2026-09-16 05:43:34.293326+00:00,SYNTH_NORM_012,dev_001,Kitchen,904,24.51,51.63,133,88,90,NORMAL,0,Synthetic simulation of NORMAL condition,synthetic
2026-09-16 05:43:35.293326+00:00,SYNTH_NORM_012,dev_001,Kitchen,908,24.65,51.66,129,92,90,NORMAL,0,Synthetic simulation of NORMAL condition,synthetic
2026-09-16 05:43:36.293326+00:00,SYNTH_NORM_012,dev_001,Kitchen,898,24.49,51.85,135,87,90,NORMAL,0,Synthetic simulation of NORMAL condition,synthetic
2026-09-16 05:43:37.293326+00:00,SYNTH_NORM_012,dev_001,Kitchen,898,24.7,52.23,133,86,90,NORMAL,0,Synthetic simulation of NORMAL condition,synthetic
2026-09-16 05:43:38.293326+00:00,SYNTH_NORM_012,dev_001,Kitchen,903,24.64,51.58,134,94,90,NORMAL,0,Synthetic simulation of NORMAL condition,synthetic
2026-09-16 05:43:39.293326+00:00,SYNTH_NORM_012,dev_001,Kitchen,903,24.74,51.85,131,91,90,NORMAL,0,Synthetic simulation of NORMAL condition,synthetic
2026-09-16 05:43:40.293326+00:00,SYNTH_NORM_012,dev_001,Kitchen,903,24.75,51.7,131,87,90,NORMAL,0,Synthetic simulation of NORMAL condition,synthetic
2026-09-16 05:43:41.293326+00:00,SYNTH_NORM_012,dev_001,Kitchen,903,24.5,51.72,127,94,90,NORMAL,0,Synthetic simulation of NORMAL condition,synthetic
2026-09-16 05:43:42.293326+00:00,SYNTH_NORM_012,dev_001,Kitchen,903,24.73,51.71,132,86,90,NORMAL,0,Synthetic simulation of NORMAL condition,synthetic
2026-09-16 05:43:43.293326+00:00,SYNTH_NORM_012,dev_001,Kitchen,898,24.63,52.2,135,88,90,NORMAL,0,Synthetic simulation of NORMAL condition,synthetic
2026-09-16 05:43:44.293326+00:00,SYNTH_NORM_012,dev_001,Kitchen,906,24.7,51.61,132,91,90,NORMAL,0,Synthetic simulation of NORMAL condition,synthetic
2026-09-16 05:43:45.293326+00:00,SYNTH_NORM_012,dev_001,Kitchen,908,24.34,51.84,130,86,90,NORMAL,0,Synthetic simulation of NORMAL condition,synthetic
2026-09-16 05:43:46.293326+00:00,SYNTH_NORM_012,dev_001,Kitchen,897,24.73,51.98,127,97,90,NORMAL,0,Synthetic simulation of NORMAL condition,synthetic
2026-09-16 05:43:47.293326+00:00,SYNTH_NORM_012,dev_001,Kitchen,902,24.49,52.0,128,87,90,NORMAL,0,Synthetic simulation of NORMAL condition,synthetic
2026-09-16 05:43:48.293326+00:00,SYNTH_NORM_012,dev_001,Kitchen,896,24.89,51.55,133,89,90,NORMAL,0,Synthetic simulation of NORMAL condition,synthetic
2026-09-16 05:43:49.293326+00:00,SYNTH_NORM_012,dev_001,Kitchen,905,24.25,52.33,130,87,90,NORMAL,0,Synthetic simulation of NORMAL condition,synthetic
2026-09-16 05:43:50.293326+00:00,SYNTH_NORM_012,dev_001,Kitchen,899,24.53,51.98,124,91,90,NORMAL,0,Synthetic simulation of NORMAL condition,synthetic
2026-09-16 05:43:51.293326+00:00,SYNTH_NORM_012,dev_001,Kitchen,897,24.62,51.85,132,90,90,NORMAL,0,Synthetic simulation of NORMAL condition,synthetic
2026-09-16 05:43:52.293326+00:00,SYNTH_NORM_012,dev_001,Kitchen,891,24.37,52.0,137,92,90,NORMAL,0,Synthetic simulation of NORMAL condition,synthetic
2026-09-16 05:43:53.293326+00:00,SYNTH_NORM_012,dev_001,Kitchen,897,24.65,51.8,130,86,90,NORMAL,0,Synthetic simulation of NORMAL condition,synthetic
2026-09-16 05:43:54.293326+00:00,SYNTH_NORM_012,dev_001,Kitchen,898,24.44,51.66,123,90,90,NORMAL,0,Synthetic simulation of NORMAL condition,synthetic
2026-09-16 05:43:55.293326+00:00,SYNTH_NORM_012,dev_001,Kitchen,899,24.42,51.72,131,95,90,NORMAL,0,Synthetic simulation of NORMAL condition,synthetic
2026-09-16 05:43:56.293326+00:00,SYNTH_NORM_012,dev_001,Kitchen,899,24.21,51.88,128,90,90,NORMAL,0,Synthetic simulation of NORMAL condition,synthetic
2026-09-16 05:43:57.293326+00:00,SYNTH_NORM_012,dev_001,Kitchen,904,24.78,51.95,130,90,90,NORMAL,0,Synthetic simulation of NORMAL condition,synthetic
2026-09-16 05:43:58.293326+00:00,SYNTH_NORM_012,dev_001,Kitchen,907,24.43,51.8,124,87,90,NORMAL,0,Synthetic simulation of NORMAL condition,synthetic
2026-09-16 05:43:59.293326+00:00,SYNTH_NORM_012,dev_001,Kitchen,906,24.49,51.64,129,90,90,NORMAL,0,Synthetic simulation of NORMAL condition,synthetic
2026-09-16 05:44:00.293326+00:00,SYNTH_NORM_012,dev_001,Kitchen,899,24.49,51.88,125,94,90,NORMAL,0,Synthetic simulation of NORMAL condition,synthetic
2026-09-16 05:44:01.293326+00:00,SYNTH_NORM_012,dev_001,Kitchen,897,24.44,51.75,132,89,90,NORMAL,0,Synthetic simulation of NORMAL condition,synthetic
2026-09-16 05:44:02.293326+00:00,SYNTH_NORM_012,dev_001,Kitchen,904,24.52,52.22,133,87,90,NORMAL,0,Synthetic simulation of NORMAL condition,synthetic
2026-09-16 05:44:03.293326+00:00,SYNTH_NORM_012,dev_001,Kitchen,897,24.62,51.23,127,89,90,NORMAL,0,Synthetic simulation of NORMAL condition,synthetic
2026-09-16 05:44:04.293326+00:00,SYNTH_NORM_012,dev_001,Kitchen,897,24.56,51.81,134,90,90,NORMAL,0,Synthetic simulation of NORMAL condition,synthetic
2026-09-16 05:44:05.293326+00:00,SYNTH_NORM_012,dev_001,Kitchen,901,24.77,51.75,134,95,90,NORMAL,0,Synthetic simulation of NORMAL condition,synthetic
2026-09-16 05:44:06.293326+00:00,SYNTH_NORM_012,dev_001,Kitchen,896,24.29,51.85,130,87,90,NORMAL,0,Synthetic simulation of NORMAL condition,synthetic
2026-09-16 05:44:07.293326+00:00,SYNTH_NORM_012,dev_001,Kitchen,901,24.76,51.52,134,92,90,NORMAL,0,Synthetic simulation of NORMAL condition,synthetic
2026-09-16 05:44:08.293326+00:00,SYNTH_NORM_012,dev_001,Kitchen,903,24.39,52.07,128,92,90,NORMAL,0,Synthetic simulation of NORMAL condition,synthetic
2026-09-16 05:44:09.293326+00:00,SYNTH_NORM_012,dev_001,Kitchen,902,24.46,52.48,127,87,90,NORMAL,0,Synthetic simulation of NORMAL condition,synthetic
2026-09-16 05:44:10.293326+00:00,SYNTH_NORM_012,dev_001,Kitchen,898,24.51,51.58,134,90,90,NORMAL,0,Synthetic simulation of NORMAL condition,synthetic
2026-09-16 05:44:11.293326+00:00,SYNTH_NORM_012,dev_001,Kitchen,892,24.38,51.92,136,88,90,NORMAL,0,Synthetic simulation of NORMAL condition,synthetic
2026-09-16 05:44:12.293326+00:00,SYNTH_NORM_012,dev_001,Kitchen,901,24.99,51.53,128,88,90,NORMAL,0,Synthetic simulation of NORMAL condition,synthetic
2026-09-16 05:44:13.293326+00:00,SYNTH_NORM_012,dev_001,Kitchen,904,24.64,51.54,131,92,90,NORMAL,0,Synthetic simulation of NORMAL condition,synthetic
2026-09-16 05:44:14.293326+00:00,SYNTH_NORM_012,dev_001,Kitchen,902,24.48,51.66,132,94,90,NORMAL,0,Synthetic simulation of NORMAL condition,synthetic
2026-09-16 05:44:15.293326+00:00,SYNTH_NORM_012,dev_001,Kitchen,898,24.22,51.87,132,92,90,NORMAL,0,Synthetic simulation of NORMAL condition,synthetic
2026-09-16 05:44:16.293326+00:00,SYNTH_NORM_012,dev_001,Kitchen,903,24.49,51.18,124,87,90,NORMAL,0,Synthetic simulation of NORMAL condition,synthetic
2026-09-16 05:44:17.293326+00:00,SYNTH_NORM_012,dev_001,Kitchen,903,24.44,52.22,131,91,90,NORMAL,0,Synthetic simulation of NORMAL condition,synthetic
2026-09-16 05:44:18.293326+00:00,SYNTH_NORM_012,dev_001,Kitchen,895,24.49,52.4,131,90,90,NORMAL,0,Synthetic simulation of NORMAL condition,synthetic
2026-09-16 05:44:19.293326+00:00,SYNTH_NORM_012,dev_001,Kitchen,897,24.73,51.7,129,90,90,NORMAL,0,Synthetic simulation of NORMAL condition,synthetic
2026-09-16 05:44:20.293326+00:00,SYNTH_NORM_012,dev_001,Kitchen,902,24.38,51.98,128,88,90,NORMAL,0,Synthetic simulation of NORMAL condition,synthetic
2026-09-16 05:44:21.293326+00:00,SYNTH_NORM_012,dev_001,Kitchen,902,24.53,51.69,129,92,90,NORMAL,0,Synthetic simulation of NORMAL condition,synthetic
2026-09-16 05:44:22.293326+00:00,SYNTH_NORM_012,dev_001,Kitchen,904,24.61,52.32,133,90,90,NORMAL,0,Synthetic simulation of NORMAL condition,synthetic
2026-09-16 05:44:23.293326+00:00,SYNTH_NORM_012,dev_001,Kitchen,904,24.54,51.88,131,87,90,NORMAL,0,Synthetic simulation of NORMAL condition,synthetic
2026-09-16 05:44:24.293326+00:00,SYNTH_NORM_012,dev_001,Kitchen,899,24.46,51.53,127,87,90,NORMAL,0,Synthetic simulation of NORMAL condition,synthetic
2026-09-16 05:44:25.293326+00:00,SYNTH_NORM_012,dev_001,Kitchen,900,24.85,51.38,137,88,90,NORMAL,0,Synthetic simulation of NORMAL condition,synthetic
2026-09-16 05:44:26.293326+00:00,SYNTH_NORM_012,dev_001,Kitchen,897,24.65,52.12,127,92,90,NORMAL,0,Synthetic simulation of NORMAL condition,synthetic
2026-09-16 05:44:27.293326+00:00,SYNTH_NORM_012,dev_001,Kitchen,903,24.62,51.56,125,91,90,NORMAL,0,Synthetic simulation of NORMAL condition,synthetic
2026-09-16 05:44:28.293326+00:00,SYNTH_NORM_012,dev_001,Kitchen,895,24.27,51.71,132,88,90,NORMAL,0,Synthetic simulation of NORMAL condition,synthetic
2026-09-16 05:44:29.293326+00:00,SYNTH_NORM_012,dev_001,Kitchen,903,24.73,51.85,128,92,90,NORMAL,0,Synthetic simulation of NORMAL condition,synthetic
2026-09-16 05:44:30.293326+00:00,SYNTH_NORM_012,dev_001,Kitchen,900,24.61,52.06,133,88,90,NORMAL,0,Synthetic simulation of NORMAL condition,synthetic
2026-09-16 05:44:31.293326+00:00,SYNTH_NORM_012,dev_001,Kitchen,905,24.65,52.06,133,92,90,NORMAL,0,Synthetic simulation of NORMAL condition,synthetic
2026-09-16 05:44:32.293326+00:00,SYNTH_NORM_012,dev_001,Kitchen,897,24.46,52.13,134,89,90,NORMAL,0,Synthetic simulation of NORMAL condition,synthetic
2026-09-16 05:44:33.293326+00:00,SYNTH_NORM_012,dev_001,Kitchen,905,24.59,51.97,126,91,90,NORMAL,0,Synthetic simulation of NORMAL condition,synthetic
2026-09-16 05:44:34.293326+00:00,SYNTH_NORM_012,dev_001,Kitchen,889,24.71,51.78,128,89,90,NORMAL,0,Synthetic simulation of NORMAL condition,synthetic
2026-09-16 05:44:35.293326+00:00,SYNTH_NORM_012,dev_001,Kitchen,899,24.44,51.6,127,87,90,NORMAL,0,Synthetic simulation of NORMAL condition,synthetic
2026-09-16 05:44:36.293326+00:00,SYNTH_NORM_012,dev_001,Kitchen,898,24.52,52.42,125,91,90,NORMAL,0,Synthetic simulation of NORMAL condition,synthetic
2026-09-16 05:44:37.293326+00:00,SYNTH_NORM_012,dev_001,Kitchen,899,24.56,52.02,124,92,90,NORMAL,0,Synthetic simulation of NORMAL condition,synthetic
2026-09-16 05:44:38.293326+00:00,SYNTH_NORM_012,dev_001,Kitchen,900,24.67,52.1,130,89,90,NORMAL,0,Synthetic simulation of NORMAL condition,synthetic
2026-09-16 05:44:39.293326+00:00,SYNTH_NORM_012,dev_001,Kitchen,905,24.43,51.73,128,91,90,NORMAL,0,Synthetic simulation of NORMAL condition,synthetic
2026-09-16 05:44:40.293326+00:00,SYNTH_NORM_012,dev_001,Kitchen,903,24.81,52.21,134,91,90,NORMAL,0,Synthetic simulation of NORMAL condition,synthetic
2026-09-16 05:44:41.293326+00:00,SYNTH_NORM_012,dev_001,Kitchen,896,24.51,51.33,131,90,90,NORMAL,0,Synthetic simulation of NORMAL condition,synthetic
2026-09-16 05:44:42.293326+00:00,SYNTH_NORM_012,dev_001,Kitchen,904,24.57,51.84,136,92,90,NORMAL,0,Synthetic simulation of NORMAL condition,synthetic
2026-09-16 05:44:43.293326+00:00,SYNTH_NORM_012,dev_001,Kitchen,898,24.66,52.01,134,89,90,NORMAL,0,Synthetic simulation of NORMAL condition,synthetic
2026-09-16 05:44:44.293326+00:00,SYNTH_NORM_012,dev_001,Kitchen,893,24.68,52.0,127,91,90,NORMAL,0,Synthetic simulation of NORMAL condition,synthetic
2026-09-16 05:44:45.293326+00:00,SYNTH_NORM_012,dev_001,Kitchen,900,24.36,51.87,134,90,90,NORMAL,0,Synthetic simulation of NORMAL condition,synthetic
2026-09-16 05:44:46.293326+00:00,SYNTH_NORM_012,dev_001,Kitchen,902,24.38,51.99,131,88,90,NORMAL,0,Synthetic simulation of NORMAL condition,synthetic
2026-09-16 05:44:47.293326+00:00,SYNTH_NORM_012,dev_001,Kitchen,905,24.67,52.39,128,87,90,NORMAL,0,Synthetic simulation of NORMAL condition,synthetic
2026-09-16 05:44:48.293326+00:00,SYNTH_NORM_012,dev_001,Kitchen,898,24.67,51.72,133,89,90,NORMAL,0,Synthetic simulation of NORMAL condition,synthetic
2026-09-16 05:44:49.293326+00:00,SYNTH_NORM_012,dev_001,Kitchen,902,24.69,51.55,131,89,90,NORMAL,0,Synthetic simulation of NORMAL condition,synthetic
2026-09-16 05:44:50.293326+00:00,SYNTH_NORM_012,dev_001,Kitchen,896,24.58,51.66,129,90,90,NORMAL,0,Synthetic simulation of NORMAL condition,synthetic
2026-09-16 05:44:51.293326+00:00,SYNTH_NORM_012,dev_001,Kitchen,899,24.38,52.2,129,90,90,NORMAL,0,Synthetic simulation of NORMAL condition,synthetic
2026-09-16 05:44:52.293326+00:00,SYNTH_NORM_012,dev_001,Kitchen,907,24.51,51.9,129,93,90,NORMAL,0,Synthetic simulation of NORMAL condition,synthetic
2026-09-16 05:42:53.294322+00:00,SYNTH_NORM_013,dev_001,Kitchen,887,26.37,54.82,116,113,90,NORMAL,0,Synthetic simulation of NORMAL condition,synthetic
2026-09-16 05:42:54.294322+00:00,SYNTH_NORM_013,dev_001,Kitchen,882,26.31,55.3,112,110,90,NORMAL,0,Synthetic simulation of NORMAL condition,synthetic
2026-09-16 05:42:55.294322+00:00,SYNTH_NORM_013,dev_001,Kitchen,889,26.31,54.88,117,110,90,NORMAL,0,Synthetic simulation of NORMAL condition,synthetic
2026-09-16 05:42:56.294322+00:00,SYNTH_NORM_013,dev_001,Kitchen,886,26.44,54.35,121,111,90,NORMAL,0,Synthetic simulation of NORMAL condition,synthetic
2026-09-16 05:42:57.294322+00:00,SYNTH_NORM_013,dev_001,Kitchen,875,26.38,55.03,126,109,90,NORMAL,0,Synthetic simulation of NORMAL condition,synthetic
2026-09-16 05:42:58.294322+00:00,SYNTH_NORM_013,dev_001,Kitchen,884,26.19,54.69,118,112,90,NORMAL,0,Synthetic simulation of NORMAL condition,synthetic
2026-09-16 05:42:59.294322+00:00,SYNTH_NORM_013,dev_001,Kitchen,883,26.42,54.52,115,112,90,NORMAL,0,Synthetic simulation of NORMAL condition,synthetic
2026-09-16 05:43:00.294322+00:00,SYNTH_NORM_013,dev_001,Kitchen,888,26.71,54.57,120,111,90,NORMAL,0,Synthetic simulation of NORMAL condition,synthetic
2026-09-16 05:43:01.294322+00:00,SYNTH_NORM_013,dev_001,Kitchen,883,26.04,54.54,119,108,90,NORMAL,0,Synthetic simulation of NORMAL condition,synthetic
2026-09-16 05:43:02.294322+00:00,SYNTH_NORM_013,dev_001,Kitchen,889,26.42,54.6,117,110,90,NORMAL,0,Synthetic simulation of NORMAL condition,synthetic
2026-09-16 05:43:03.294322+00:00,SYNTH_NORM_013,dev_001,Kitchen,890,26.45,55.14,120,113,90,NORMAL,0,Synthetic simulation of NORMAL condition,synthetic
2026-09-16 05:43:04.294322+00:00,SYNTH_NORM_013,dev_001,Kitchen,885,26.31,55.04,119,108,90,NORMAL,0,Synthetic simulation of NORMAL condition,synthetic
2026-09-16 05:43:05.294322+00:00,SYNTH_NORM_013,dev_001,Kitchen,887,26.18,54.84,108,108,90,NORMAL,0,Synthetic simulation of NORMAL condition,synthetic
2026-09-16 05:43:06.294322+00:00,SYNTH_NORM_013,dev_001,Kitchen,883,26.44,54.67,121,111,90,NORMAL,0,Synthetic simulation of NORMAL condition,synthetic
2026-09-16 05:43:07.294322+00:00,SYNTH_NORM_013,dev_001,Kitchen,889,26.34,54.4,124,111,90,NORMAL,0,Synthetic simulation of NORMAL condition,synthetic
2026-09-16 05:43:08.294322+00:00,SYNTH_NORM_013,dev_001,Kitchen,888,26.5,54.89,120,112,90,NORMAL,0,Synthetic simulation of NORMAL condition,synthetic
2026-09-16 05:43:09.294322+00:00,SYNTH_NORM_013,dev_001,Kitchen,882,26.72,54.45,122,108,90,NORMAL,0,Synthetic simulation of NORMAL condition,synthetic
2026-09-16 05:43:10.294322+00:00,SYNTH_NORM_013,dev_001,Kitchen,889,26.39,54.95,124,111,90,NORMAL,0,Synthetic simulation of NORMAL condition,synthetic
2026-09-16 05:43:11.294322+00:00,SYNTH_NORM_013,dev_001,Kitchen,886,26.33,55.23,125,113,90,NORMAL,0,Synthetic simulation of NORMAL condition,synthetic
2026-09-16 05:43:12.294322+00:00,SYNTH_NORM_013,dev_001,Kitchen,883,26.57,55.0,119,112,90,NORMAL,0,Synthetic simulation of NORMAL condition,synthetic
2026-09-16 05:43:13.294322+00:00,SYNTH_NORM_013,dev_001,Kitchen,881,26.52,54.49,120,109,90,NORMAL,0,Synthetic simulation of NORMAL condition,synthetic
2026-09-16 05:43:14.294322+00:00,SYNTH_NORM_013,dev_001,Kitchen,881,26.27,55.33,123,111,90,NORMAL,0,Synthetic simulation of NORMAL condition,synthetic
2026-09-16 05:43:15.294322+00:00,SYNTH_NORM_013,dev_001,Kitchen,885,26.3,54.92,126,113,90,NORMAL,0,Synthetic simulation of NORMAL condition,synthetic
2026-09-16 05:43:16.294322+00:00,SYNTH_NORM_013,dev_001,Kitchen,885,26.31,55.02,122,110,90,NORMAL,0,Synthetic simulation of NORMAL condition,synthetic
2026-09-16 05:43:17.294322+00:00,SYNTH_NORM_013,dev_001,Kitchen,887,26.47,54.42,115,109,90,NORMAL,0,Synthetic simulation of NORMAL condition,synthetic
2026-09-16 05:43:18.294322+00:00,SYNTH_NORM_013,dev_001,Kitchen,884,26.21,54.9,117,110,90,NORMAL,0,Synthetic simulation of NORMAL condition,synthetic
2026-09-16 05:43:19.294322+00:00,SYNTH_NORM_013,dev_001,Kitchen,883,26.6,54.93,116,110,90,NORMAL,0,Synthetic simulation of NORMAL condition,synthetic
2026-09-16 05:43:20.294322+00:00,SYNTH_NORM_013,dev_001,Kitchen,885,26.25,54.86,120,112,90,NORMAL,0,Synthetic simulation of NORMAL condition,synthetic
2026-09-16 05:43:21.294322+00:00,SYNTH_NORM_013,dev_001,Kitchen,888,26.33,55.24,122,110,90,NORMAL,0,Synthetic simulation of NORMAL condition,synthetic
2026-09-16 05:43:22.294322+00:00,SYNTH_NORM_013,dev_001,Kitchen,882,26.44,54.69,124,111,90,NORMAL,0,Synthetic simulation of NORMAL condition,synthetic
2026-09-16 05:43:23.294322+00:00,SYNTH_NORM_013,dev_001,Kitchen,889,26.59,54.56,120,110,90,NORMAL,0,Synthetic simulation of NORMAL condition,synthetic
2026-09-16 05:43:24.294322+00:00,SYNTH_NORM_013,dev_001,Kitchen,890,26.24,54.4,122,108,90,NORMAL,0,Synthetic simulation of NORMAL condition,synthetic
2026-09-16 05:43:25.294322+00:00,SYNTH_NORM_013,dev_001,Kitchen,886,26.47,54.97,120,111,90,NORMAL,0,Synthetic simulation of NORMAL condition,synthetic
2026-09-16 05:43:26.294322+00:00,SYNTH_NORM_013,dev_001,Kitchen,889,26.29,54.6,115,109,90,NORMAL,0,Synthetic simulation of NORMAL condition,synthetic
2026-09-16 05:43:27.294322+00:00,SYNTH_NORM_013,dev_001,Kitchen,881,26.44,55.05,126,113,90,NORMAL,0,Synthetic simulation of NORMAL condition,synthetic
2026-09-16 05:43:28.294322+00:00,SYNTH_NORM_013,dev_001,Kitchen,878,26.42,54.56,113,108,90,NORMAL,0,Synthetic simulation of NORMAL condition,synthetic
2026-09-16 05:43:29.294322+00:00,SYNTH_NORM_013,dev_001,Kitchen,880,26.29,54.77,121,111,90,NORMAL,0,Synthetic simulation of NORMAL condition,synthetic
2026-09-16 05:43:30.294322+00:00,SYNTH_NORM_013,dev_001,Kitchen,882,26.49,54.34,118,110,90,NORMAL,0,Synthetic simulation of NORMAL condition,synthetic
2026-09-16 05:43:31.294322+00:00,SYNTH_NORM_013,dev_001,Kitchen,888,26.71,54.68,118,114,90,NORMAL,0,Synthetic simulation of NORMAL condition,synthetic
2026-09-16 05:43:32.294322+00:00,SYNTH_NORM_013,dev_001,Kitchen,879,26.41,54.7,118,108,90,NORMAL,0,Synthetic simulation of NORMAL condition,synthetic
2026-09-16 05:43:33.294322+00:00,SYNTH_NORM_013,dev_001,Kitchen,883,26.33,54.27,117,110,90,NORMAL,0,Synthetic simulation of NORMAL condition,synthetic
2026-09-16 05:43:34.294322+00:00,SYNTH_NORM_013,dev_001,Kitchen,886,26.36,54.7,117,107,90,NORMAL,0,Synthetic simulation of NORMAL condition,synthetic
2026-09-16 05:43:35.294322+00:00,SYNTH_NORM_013,dev_001,Kitchen,887,26.71,54.93,118,109,90,NORMAL,0,Synthetic simulation of NORMAL condition,synthetic
2026-09-16 05:43:36.294322+00:00,SYNTH_NORM_013,dev_001,Kitchen,886,26.59,54.44,120,109,90,NORMAL,0,Synthetic simulation of NORMAL condition,synthetic
2026-09-16 05:43:37.294322+00:00,SYNTH_NORM_013,dev_001,Kitchen,875,26.78,54.56,113,106,90,NORMAL,0,Synthetic simulation of NORMAL condition,synthetic
2026-09-16 05:43:38.294322+00:00,SYNTH_NORM_013,dev_001,Kitchen,887,26.6,54.92,118,111,90,NORMAL,0,Synthetic simulation of NORMAL condition,synthetic
2026-09-16 05:43:39.294322+00:00,SYNTH_NORM_013,dev_001,Kitchen,882,26.36,55.18,118,114,90,NORMAL,0,Synthetic simulation of NORMAL condition,synthetic
2026-09-16 05:43:40.294322+00:00,SYNTH_NORM_013,dev_001,Kitchen,882,26.38,55.13,121,111,90,NORMAL,0,Synthetic simulation of NORMAL condition,synthetic
2026-09-16 05:43:41.294322+00:00,SYNTH_NORM_013,dev_001,Kitchen,882,26.38,54.81,118,112,90,NORMAL,0,Synthetic simulation of NORMAL condition,synthetic
2026-09-16 05:43:42.294322+00:00,SYNTH_NORM_013,dev_001,Kitchen,883,26.17,54.64,119,114,90,NORMAL,0,Synthetic simulation of NORMAL condition,synthetic
2026-09-16 05:43:43.294322+00:00,SYNTH_NORM_013,dev_001,Kitchen,882,25.94,54.84,115,112,90,NORMAL,0,Synthetic simulation of NORMAL condition,synthetic
2026-09-16 05:43:44.294322+00:00,SYNTH_NORM_013,dev_001,Kitchen,885,26.2,54.93,116,108,90,NORMAL,0,Synthetic simulation of NORMAL condition,synthetic
2026-09-16 05:43:45.294322+00:00,SYNTH_NORM_013,dev_001,Kitchen,888,26.44,54.68,122,110,90,NORMAL,0,Synthetic simulation of NORMAL condition,synthetic
2026-09-16 05:43:46.294322+00:00,SYNTH_NORM_013,dev_001,Kitchen,880,26.4,55.0,121,111,90,NORMAL,0,Synthetic simulation of NORMAL condition,synthetic
2026-09-16 05:43:47.294322+00:00,SYNTH_NORM_013,dev_001,Kitchen,884,26.36,54.74,114,110,90,NORMAL,0,Synthetic simulation of NORMAL condition,synthetic
2026-09-16 05:43:48.294322+00:00,SYNTH_NORM_013,dev_001,Kitchen,887,26.27,55.09,123,107,90,NORMAL,0,Synthetic simulation of NORMAL condition,synthetic
2026-09-16 05:43:49.294322+00:00,SYNTH_NORM_013,dev_001,Kitchen,888,26.34,54.69,120,112,90,NORMAL,0,Synthetic simulation of NORMAL condition,synthetic
2026-09-16 05:43:50.294322+00:00,SYNTH_NORM_013,dev_001,Kitchen,886,26.09,54.61,119,108,90,NORMAL,0,Synthetic simulation of NORMAL condition,synthetic
2026-09-16 05:43:51.294322+00:00,SYNTH_NORM_013,dev_001,Kitchen,877,26.15,54.85,122,111,90,NORMAL,0,Synthetic simulation of NORMAL condition,synthetic
2026-09-16 05:43:52.294322+00:00,SYNTH_NORM_013,dev_001,Kitchen,883,26.69,54.85,119,110,90,NORMAL,0,Synthetic simulation of NORMAL condition,synthetic
2026-09-16 05:43:53.294322+00:00,SYNTH_NORM_013,dev_001,Kitchen,882,26.64,54.98,123,114,90,NORMAL,0,Synthetic simulation of NORMAL condition,synthetic
2026-09-16 05:43:54.294322+00:00,SYNTH_NORM_013,dev_001,Kitchen,885,26.58,55.08,118,111,90,NORMAL,0,Synthetic simulation of NORMAL condition,synthetic
2026-09-16 05:43:55.294322+00:00,SYNTH_NORM_013,dev_001,Kitchen,885,26.41,54.5,121,108,90,NORMAL,0,Synthetic simulation of NORMAL condition,synthetic
2026-09-16 05:43:56.294322+00:00,SYNTH_NORM_013,dev_001,Kitchen,879,26.35,54.86,119,112,90,NORMAL,0,Synthetic simulation of NORMAL condition,synthetic
2026-09-16 05:43:57.294322+00:00,SYNTH_NORM_013,dev_001,Kitchen,878,26.44,55.26,119,111,90,NORMAL,0,Synthetic simulation of NORMAL condition,synthetic
2026-09-16 05:43:58.294322+00:00,SYNTH_NORM_013,dev_001,Kitchen,886,26.33,54.86,117,108,90,NORMAL,0,Synthetic simulation of NORMAL condition,synthetic
2026-09-16 05:43:59.294322+00:00,SYNTH_NORM_013,dev_001,Kitchen,887,26.51,55.14,123,111,90,NORMAL,0,Synthetic simulation of NORMAL condition,synthetic
2026-09-16 05:44:00.294322+00:00,SYNTH_NORM_013,dev_001,Kitchen,887,26.08,54.9,117,109,90,NORMAL,0,Synthetic simulation of NORMAL condition,synthetic
2026-09-16 05:44:01.294322+00:00,SYNTH_NORM_013,dev_001,Kitchen,889,26.27,54.78,119,110,90,NORMAL,0,Synthetic simulation of NORMAL condition,synthetic
2026-09-16 05:44:02.294322+00:00,SYNTH_NORM_013,dev_001,Kitchen,877,26.55,55.15,124,113,90,NORMAL,0,Synthetic simulation of NORMAL condition,synthetic
2026-09-16 05:44:03.294322+00:00,SYNTH_NORM_013,dev_001,Kitchen,878,26.67,54.65,121,110,90,NORMAL,0,Synthetic simulation of NORMAL condition,synthetic
2026-09-16 05:44:04.294322+00:00,SYNTH_NORM_013,dev_001,Kitchen,888,26.5,54.76,121,108,90,NORMAL,0,Synthetic simulation of NORMAL condition,synthetic
2026-09-16 05:44:05.294322+00:00,SYNTH_NORM_013,dev_001,Kitchen,884,26.37,55.38,121,108,90,NORMAL,0,Synthetic simulation of NORMAL condition,synthetic
2026-09-16 05:44:06.294322+00:00,SYNTH_NORM_013,dev_001,Kitchen,887,26.23,54.7,119,113,90,NORMAL,0,Synthetic simulation of NORMAL condition,synthetic
2026-09-16 05:44:07.294322+00:00,SYNTH_NORM_013,dev_001,Kitchen,883,26.54,54.78,119,108,90,NORMAL,0,Synthetic simulation of NORMAL condition,synthetic
2026-09-16 05:44:08.294322+00:00,SYNTH_NORM_013,dev_001,Kitchen,885,26.44,54.94,116,113,90,NORMAL,0,Synthetic simulation of NORMAL condition,synthetic
2026-09-16 05:44:09.294322+00:00,SYNTH_NORM_013,dev_001,Kitchen,880,26.22,54.89,119,106,90,NORMAL,0,Synthetic simulation of NORMAL condition,synthetic
2026-09-16 05:44:10.294322+00:00,SYNTH_NORM_013,dev_001,Kitchen,880,26.6,54.85,119,111,90,NORMAL,0,Synthetic simulation of NORMAL condition,synthetic
2026-09-16 05:44:11.294322+00:00,SYNTH_NORM_013,dev_001,Kitchen,883,26.64,54.48,124,105,90,NORMAL,0,Synthetic simulation of NORMAL condition,synthetic
2026-09-16 05:44:12.294322+00:00,SYNTH_NORM_013,dev_001,Kitchen,895,26.58,55.04,122,110,90,NORMAL,0,Synthetic simulation of NORMAL condition,synthetic
2026-09-16 05:44:13.294322+00:00,SYNTH_NORM_013,dev_001,Kitchen,883,26.4,54.96,119,110,90,NORMAL,0,Synthetic simulation of NORMAL condition,synthetic
2026-09-16 05:44:14.294322+00:00,SYNTH_NORM_013,dev_001,Kitchen,886,26.22,54.36,122,111,90,NORMAL,0,Synthetic simulation of NORMAL condition,synthetic
2026-09-16 05:44:15.294322+00:00,SYNTH_NORM_013,dev_001,Kitchen,890,26.58,54.97,115,111,90,NORMAL,0,Synthetic simulation of NORMAL condition,synthetic
2026-09-16 05:44:16.294322+00:00,SYNTH_NORM_013,dev_001,Kitchen,894,26.39,54.56,118,110,90,NORMAL,0,Synthetic simulation of NORMAL condition,synthetic
2026-09-16 05:44:17.294322+00:00,SYNTH_NORM_013,dev_001,Kitchen,887,26.54,54.34,123,113,90,NORMAL,0,Synthetic simulation of NORMAL condition,synthetic
2026-09-16 05:44:18.294322+00:00,SYNTH_NORM_013,dev_001,Kitchen,884,26.28,54.81,123,110,90,NORMAL,0,Synthetic simulation of NORMAL condition,synthetic
2026-09-16 05:44:19.294322+00:00,SYNTH_NORM_013,dev_001,Kitchen,879,26.3,55.03,124,114,90,NORMAL,0,Synthetic simulation of NORMAL condition,synthetic
2026-09-16 05:44:20.294322+00:00,SYNTH_NORM_013,dev_001,Kitchen,891,26.42,54.76,122,112,90,NORMAL,0,Synthetic simulation of NORMAL condition,synthetic
2026-09-16 05:44:21.294322+00:00,SYNTH_NORM_013,dev_001,Kitchen,878,26.72,54.37,120,113,90,NORMAL,0,Synthetic simulation of NORMAL condition,synthetic
2026-09-16 05:44:22.294322+00:00,SYNTH_NORM_013,dev_001,Kitchen,883,26.44,55.01,118,111,90,NORMAL,0,Synthetic simulation of NORMAL condition,synthetic
2026-09-16 05:44:23.294322+00:00,SYNTH_NORM_013,dev_001,Kitchen,880,26.36,54.59,122,113,90,NORMAL,0,Synthetic simulation of NORMAL condition,synthetic
2026-09-16 05:44:24.294322+00:00,SYNTH_NORM_013,dev_001,Kitchen,880,26.41,55.14,120,108,90,NORMAL,0,Synthetic simulation of NORMAL condition,synthetic
2026-09-16 05:44:25.294322+00:00,SYNTH_NORM_013,dev_001,Kitchen,884,26.08,55.32,116,108,90,NORMAL,0,Synthetic simulation of NORMAL condition,synthetic
2026-09-16 05:44:26.294322+00:00,SYNTH_NORM_013,dev_001,Kitchen,891,26.47,55.27,121,118,90,NORMAL,0,Synthetic simulation of NORMAL condition,synthetic
2026-09-16 05:44:27.294322+00:00,SYNTH_NORM_013,dev_001,Kitchen,884,26.19,54.84,117,110,90,NORMAL,0,Synthetic simulation of NORMAL condition,synthetic
2026-09-16 05:44:28.294322+00:00,SYNTH_NORM_013,dev_001,Kitchen,882,26.37,55.23,118,109,90,NORMAL,0,Synthetic simulation of NORMAL condition,synthetic
2026-09-16 05:44:29.294322+00:00,SYNTH_NORM_013,dev_001,Kitchen,890,26.37,54.45,119,108,90,NORMAL,0,Synthetic simulation of NORMAL condition,synthetic
2026-09-16 05:44:30.294322+00:00,SYNTH_NORM_013,dev_001,Kitchen,881,26.3,54.66,121,110,90,NORMAL,0,Synthetic simulation of NORMAL condition,synthetic
2026-09-16 05:44:31.294322+00:00,SYNTH_NORM_013,dev_001,Kitchen,883,26.44,54.65,114,110,90,NORMAL,0,Synthetic simulation of NORMAL condition,synthetic
2026-09-16 05:44:32.294322+00:00,SYNTH_NORM_013,dev_001,Kitchen,885,26.54,54.53,117,110,90,NORMAL,0,Synthetic simulation of NORMAL condition,synthetic
2026-09-16 05:44:33.294322+00:00,SYNTH_NORM_013,dev_001,Kitchen,882,26.51,54.78,119,110,90,NORMAL,0,Synthetic simulation of NORMAL condition,synthetic
2026-09-16 05:44:34.294322+00:00,SYNTH_NORM_013,dev_001,Kitchen,885,26.19,54.87,123,109,90,NORMAL,0,Synthetic simulation of NORMAL condition,synthetic
2026-09-16 05:44:35.294322+00:00,SYNTH_NORM_013,dev_001,Kitchen,880,26.32,54.79,118,110,90,NORMAL,0,Synthetic simulation of NORMAL condition,synthetic
2026-09-16 05:44:36.294322+00:00,SYNTH_NORM_013,dev_001,Kitchen,890,26.51,54.51,117,114,90,NORMAL,0,Synthetic simulation of NORMAL condition,synthetic
2026-09-16 05:44:37.294322+00:00,SYNTH_NORM_013,dev_001,Kitchen,887,26.49,54.55,113,108,90,NORMAL,0,Synthetic simulation of NORMAL condition,synthetic
2026-09-16 05:44:38.294322+00:00,SYNTH_NORM_013,dev_001,Kitchen,882,26.49,54.63,116,108,90,NORMAL,0,Synthetic simulation of NORMAL condition,synthetic
2026-09-16 05:44:39.294322+00:00,SYNTH_NORM_013,dev_001,Kitchen,884,26.39,54.76,126,113,90,NORMAL,0,Synthetic simulation of NORMAL condition,synthetic
2026-09-16 05:44:40.294322+00:00,SYNTH_NORM_013,dev_001,Kitchen,885,26.53,55.23,121,107,90,NORMAL,0,Synthetic simulation of NORMAL condition,synthetic
2026-09-16 05:44:41.294322+00:00,SYNTH_NORM_013,dev_001,Kitchen,886,26.38,54.91,122,115,90,NORMAL,0,Synthetic simulation of NORMAL condition,synthetic
2026-09-16 05:44:42.294322+00:00,SYNTH_NORM_013,dev_001,Kitchen,870,26.22,54.57,121,110,90,NORMAL,0,Synthetic simulation of NORMAL condition,synthetic
2026-09-16 05:44:43.294322+00:00,SYNTH_NORM_013,dev_001,Kitchen,882,26.5,54.75,121,112,90,NORMAL,0,Synthetic simulation of NORMAL condition,synthetic
2026-09-16 05:44:44.294322+00:00,SYNTH_NORM_013,dev_001,Kitchen,883,26.48,55.13,117,107,90,NORMAL,0,Synthetic simulation of NORMAL condition,synthetic
2026-09-16 05:44:45.294322+00:00,SYNTH_NORM_013,dev_001,Kitchen,879,26.54,54.67,116,105,90,NORMAL,0,Synthetic simulation of NORMAL condition,synthetic
2026-09-16 05:44:46.294322+00:00,SYNTH_NORM_013,dev_001,Kitchen,882,26.56,54.68,119,111,90,NORMAL,0,Synthetic simulation of NORMAL condition,synthetic
2026-09-16 05:44:47.294322+00:00,SYNTH_NORM_013,dev_001,Kitchen,890,26.23,54.47,118,111,90,NORMAL,0,Synthetic simulation of NORMAL condition,synthetic
2026-09-16 05:44:48.294322+00:00,SYNTH_NORM_013,dev_001,Kitchen,893,26.84,54.71,124,110,90,NORMAL,0,Synthetic simulation of NORMAL condition,synthetic
2026-09-16 05:44:49.294322+00:00,SYNTH_NORM_013,dev_001,Kitchen,887,26.4,54.77,118,111,90,NORMAL,0,Synthetic simulation of NORMAL condition,synthetic
2026-09-16 05:44:50.294322+00:00,SYNTH_NORM_013,dev_001,Kitchen,885,26.35,54.62,118,111,90,NORMAL,0,Synthetic simulation of NORMAL condition,synthetic
2026-09-16 05:44:51.294322+00:00,SYNTH_NORM_013,dev_001,Kitchen,882,26.27,54.96,116,112,90,NORMAL,0,Synthetic simulation of NORMAL condition,synthetic
2026-09-16 05:44:52.294322+00:00,SYNTH_NORM_013,dev_001,Kitchen,882,26.34,54.74,124,113,90,NORMAL,0,Synthetic simulation of NORMAL condition,synthetic
2026-09-16 05:42:53.296668+00:00,SYNTH_NORM_014,dev_001,Kitchen,926,24.39,57.44,118,105,90,NORMAL,0,Synthetic simulation of NORMAL condition,synthetic
2026-09-16 05:42:54.296668+00:00,SYNTH_NORM_014,dev_001,Kitchen,932,24.44,57.0,120,103,90,NORMAL,0,Synthetic simulation of NORMAL condition,synthetic
2026-09-16 05:42:55.296668+00:00,SYNTH_NORM_014,dev_001,Kitchen,933,24.43,56.95,115,103,90,NORMAL,0,Synthetic simulation of NORMAL condition,synthetic
2026-09-16 05:42:56.296668+00:00,SYNTH_NORM_014,dev_001,Kitchen,928,24.37,56.87,116,103,90,NORMAL,0,Synthetic simulation of NORMAL condition,synthetic
2026-09-16 05:42:57.296668+00:00,SYNTH_NORM_014,dev_001,Kitchen,922,24.43,56.81,119,106,90,NORMAL,0,Synthetic simulation of NORMAL condition,synthetic
2026-09-16 05:42:58.296668+00:00,SYNTH_NORM_014,dev_001,Kitchen,925,24.67,56.57,117,103,90,NORMAL,0,Synthetic simulation of NORMAL condition,synthetic
2026-09-16 05:42:59.296668+00:00,SYNTH_NORM_014,dev_001,Kitchen,930,24.46,56.76,114,104,90,NORMAL,0,Synthetic simulation of NORMAL condition,synthetic
2026-09-16 05:43:00.296668+00:00,SYNTH_NORM_014,dev_001,Kitchen,926,24.44,56.89,117,107,90,NORMAL,0,Synthetic simulation of NORMAL condition,synthetic
2026-09-16 05:43:01.296668+00:00,SYNTH_NORM_014,dev_001,Kitchen,933,24.41,56.49,114,104,90,NORMAL,0,Synthetic simulation of NORMAL condition,synthetic
2026-09-16 05:43:02.296668+00:00,SYNTH_NORM_014,dev_001,Kitchen,929,24.48,56.63,115,106,90,NORMAL,0,Synthetic simulation of NORMAL condition,synthetic
2026-09-16 05:43:03.296668+00:00,SYNTH_NORM_014,dev_001,Kitchen,927,24.38,56.66,114,104,90,NORMAL,0,Synthetic simulation of NORMAL condition,synthetic
2026-09-16 05:43:04.296668+00:00,SYNTH_NORM_014,dev_001,Kitchen,922,24.38,57.1,118,105,90,NORMAL,0,Synthetic simulation of NORMAL condition,synthetic
2026-09-16 05:43:05.296668+00:00,SYNTH_NORM_014,dev_001,Kitchen,930,24.55,56.37,113,102,90,NORMAL,0,Synthetic simulation of NORMAL condition,synthetic
2026-09-16 05:43:06.296668+00:00,SYNTH_NORM_014,dev_001,Kitchen,931,24.21,57.1,119,106,90,NORMAL,0,Synthetic simulation of NORMAL condition,synthetic
2026-09-16 05:43:07.296668+00:00,SYNTH_NORM_014,dev_001,Kitchen,935,24.67,56.54,117,99,90,NORMAL,0,Synthetic simulation of NORMAL condition,synthetic
2026-09-16 05:43:08.296668+00:00,SYNTH_NORM_014,dev_001,Kitchen,930,24.41,56.57,114,104,90,NORMAL,0,Synthetic simulation of NORMAL condition,synthetic
2026-09-16 05:43:09.296668+00:00,SYNTH_NORM_014,dev_001,Kitchen,929,24.32,56.73,119,104,90,NORMAL,0,Synthetic simulation of NORMAL condition,synthetic
2026-09-16 05:43:10.296668+00:00,SYNTH_NORM_014,dev_001,Kitchen,931,24.21,56.33,115,105,90,NORMAL,0,Synthetic simulation of NORMAL condition,synthetic
2026-09-16 05:43:11.296668+00:00,SYNTH_NORM_014,dev_001,Kitchen,929,24.38,57.02,122,101,90,NORMAL,0,Synthetic simulation of NORMAL condition,synthetic
2026-09-16 05:43:12.296668+00:00,SYNTH_NORM_014,dev_001,Kitchen,930,24.61,56.54,116,108,90,NORMAL,0,Synthetic simulation of NORMAL condition,synthetic
2026-09-16 05:43:13.296668+00:00,SYNTH_NORM_014,dev_001,Kitchen,931,24.66,57.12,122,100,90,NORMAL,0,Synthetic simulation of NORMAL condition,synthetic
2026-09-16 05:43:14.296668+00:00,SYNTH_NORM_014,dev_001,Kitchen,928,24.29,56.95,117,109,90,NORMAL,0,Synthetic simulation of NORMAL condition,synthetic
2026-09-16 05:43:15.296668+00:00,SYNTH_NORM_014,dev_001,Kitchen,927,24.34,56.48,118,103,90,NORMAL,0,Synthetic simulation of NORMAL condition,synthetic
2026-09-16 05:43:16.296668+00:00,SYNTH_NORM_014,dev_001,Kitchen,923,24.58,56.76,114,104,90,NORMAL,0,Synthetic simulation of NORMAL condition,synthetic
2026-09-16 05:43:17.296668+00:00,SYNTH_NORM_014,dev_001,Kitchen,924,24.37,56.6,111,105,90,NORMAL,0,Synthetic simulation of NORMAL condition,synthetic
2026-09-16 05:43:18.296668+00:00,SYNTH_NORM_014,dev_001,Kitchen,928,24.69,57.04,115,107,90,NORMAL,0,Synthetic simulation of NORMAL condition,synthetic
2026-09-16 05:43:19.296668+00:00,SYNTH_NORM_014,dev_001,Kitchen,931,24.4,56.81,120,103,90,NORMAL,0,Synthetic simulation of NORMAL condition,synthetic
2026-09-16 05:43:20.296668+00:00,SYNTH_NORM_014,dev_001,Kitchen,935,24.51,56.91,123,105,90,NORMAL,0,Synthetic simulation of NORMAL condition,synthetic
2026-09-16 05:43:21.296668+00:00,SYNTH_NORM_014,dev_001,Kitchen,930,24.52,56.63,115,109,90,NORMAL,0,Synthetic simulation of NORMAL condition,synthetic
2026-09-16 05:43:22.296668+00:00,SYNTH_NORM_014,dev_001,Kitchen,927,24.3,56.87,119,100,90,NORMAL,0,Synthetic simulation of NORMAL condition,synthetic
2026-09-16 05:43:23.296668+00:00,SYNTH_NORM_014,dev_001,Kitchen,931,24.63,56.29,116,104,90,NORMAL,0,Synthetic simulation of NORMAL condition,synthetic
2026-09-16 05:43:24.296668+00:00,SYNTH_NORM_014,dev_001,Kitchen,926,24.49,57.04,116,106,90,NORMAL,0,Synthetic simulation of NORMAL condition,synthetic
2026-09-16 05:43:25.296668+00:00,SYNTH_NORM_014,dev_001,Kitchen,932,24.4,57.05,112,105,90,NORMAL,0,Synthetic simulation of NORMAL condition,synthetic
2026-09-16 05:43:26.296668+00:00,SYNTH_NORM_014,dev_001,Kitchen,925,24.49,56.57,115,107,90,NORMAL,0,Synthetic simulation of NORMAL condition,synthetic
2026-09-16 05:43:27.296668+00:00,SYNTH_NORM_014,dev_001,Kitchen,932,24.49,56.78,123,106,90,NORMAL,0,Synthetic simulation of NORMAL condition,synthetic
2026-09-16 05:43:28.296668+00:00,SYNTH_NORM_014,dev_001,Kitchen,927,24.23,56.65,110,100,90,NORMAL,0,Synthetic simulation of NORMAL condition,synthetic
2026-09-16 05:43:29.296668+00:00,SYNTH_NORM_014,dev_001,Kitchen,927,24.33,57.05,120,109,90,NORMAL,0,Synthetic simulation of NORMAL condition,synthetic
2026-09-16 05:43:30.296668+00:00,SYNTH_NORM_014,dev_001,Kitchen,920,24.35,56.96,121,104,90,NORMAL,0,Synthetic simulation of NORMAL condition,synthetic
2026-09-16 05:43:31.296668+00:00,SYNTH_NORM_014,dev_001,Kitchen,927,24.59,56.53,118,100,90,NORMAL,0,Synthetic simulation of NORMAL condition,synthetic
2026-09-16 05:43:32.296668+00:00,SYNTH_NORM_014,dev_001,Kitchen,927,24.55,56.73,113,104,90,NORMAL,0,Synthetic simulation of NORMAL condition,synthetic
2026-09-16 05:43:33.296668+00:00,SYNTH_NORM_014,dev_001,Kitchen,925,24.45,56.75,118,106,90,NORMAL,0,Synthetic simulation of NORMAL condition,synthetic
2026-09-16 05:43:34.296668+00:00,SYNTH_NORM_014,dev_001,Kitchen,930,24.52,56.75,124,105,90,NORMAL,0,Synthetic simulation of NORMAL condition,synthetic
2026-09-16 05:43:35.296668+00:00,SYNTH_NORM_014,dev_001,Kitchen,931,24.31,56.71,116,100,90,NORMAL,0,Synthetic simulation of NORMAL condition,synthetic
2026-09-16 05:43:36.296668+00:00,SYNTH_NORM_014,dev_001,Kitchen,929,24.19,56.67,118,104,90,NORMAL,0,Synthetic simulation of NORMAL condition,synthetic
2026-09-16 05:43:37.296668+00:00,SYNTH_NORM_014,dev_001,Kitchen,929,24.62,56.8,119,104,90,NORMAL,0,Synthetic simulation of NORMAL condition,synthetic
2026-09-16 05:43:38.296668+00:00,SYNTH_NORM_014,dev_001,Kitchen,929,24.32,56.63,119,100,90,NORMAL,0,Synthetic simulation of NORMAL condition,synthetic
2026-09-16 05:43:39.296668+00:00,SYNTH_NORM_014,dev_001,Kitchen,932,24.35,56.68,116,107,90,NORMAL,0,Synthetic simulation of NORMAL condition,synthetic
2026-09-16 05:43:40.296668+00:00,SYNTH_NORM_014,dev_001,Kitchen,927,24.46,56.65,117,102,90,NORMAL,0,Synthetic simulation of NORMAL condition,synthetic
2026-09-16 05:43:41.296668+00:00,SYNTH_NORM_014,dev_001,Kitchen,929,24.48,56.9,116,101,90,NORMAL,0,Synthetic simulation of NORMAL condition,synthetic
2026-09-16 05:43:42.296668+00:00,SYNTH_NORM_014,dev_001,Kitchen,927,24.51,56.95,120,106,90,NORMAL,0,Synthetic simulation of NORMAL condition,synthetic
2026-09-16 05:43:43.296668+00:00,SYNTH_NORM_014,dev_001,Kitchen,922,24.51,56.55,114,103,90,NORMAL,0,Synthetic simulation of NORMAL condition,synthetic
2026-09-16 05:43:44.296668+00:00,SYNTH_NORM_014,dev_001,Kitchen,925,24.75,56.63,112,103,90,NORMAL,0,Synthetic simulation of NORMAL condition,synthetic
2026-09-16 05:43:45.296668+00:00,SYNTH_NORM_014,dev_001,Kitchen,931,24.49,56.37,120,104,90,NORMAL,0,Synthetic simulation of NORMAL condition,synthetic
2026-09-16 05:43:46.296668+00:00,SYNTH_NORM_014,dev_001,Kitchen,920,24.67,56.46,115,107,90,NORMAL,0,Synthetic simulation of NORMAL condition,synthetic
2026-09-16 05:43:47.296668+00:00,SYNTH_NORM_014,dev_001,Kitchen,932,24.33,56.72,118,100,90,NORMAL,0,Synthetic simulation of NORMAL condition,synthetic
2026-09-16 05:43:48.296668+00:00,SYNTH_NORM_014,dev_001,Kitchen,933,24.46,56.89,119,105,90,NORMAL,0,Synthetic simulation of NORMAL condition,synthetic
2026-09-16 05:43:49.296668+00:00,SYNTH_NORM_014,dev_001,Kitchen,929,24.44,57.2,120,104,90,NORMAL,0,Synthetic simulation of NORMAL condition,synthetic
2026-09-16 05:43:50.296668+00:00,SYNTH_NORM_014,dev_001,Kitchen,932,24.47,56.47,115,99,90,NORMAL,0,Synthetic simulation of NORMAL condition,synthetic
2026-09-16 05:43:51.296668+00:00,SYNTH_NORM_014,dev_001,Kitchen,928,24.58,57.16,114,107,90,NORMAL,0,Synthetic simulation of NORMAL condition,synthetic
2026-09-16 05:43:52.296668+00:00,SYNTH_NORM_014,dev_001,Kitchen,937,24.48,56.72,120,105,90,NORMAL,0,Synthetic simulation of NORMAL condition,synthetic
2026-09-16 05:43:53.296668+00:00,SYNTH_NORM_014,dev_001,Kitchen,927,24.28,56.59,113,104,90,NORMAL,0,Synthetic simulation of NORMAL condition,synthetic
2026-09-16 05:43:54.296668+00:00,SYNTH_NORM_014,dev_001,Kitchen,923,24.49,56.58,120,110,90,NORMAL,0,Synthetic simulation of NORMAL condition,synthetic
2026-09-16 05:43:55.296668+00:00,SYNTH_NORM_014,dev_001,Kitchen,931,24.47,56.37,113,105,90,NORMAL,0,Synthetic simulation of NORMAL condition,synthetic
2026-09-16 05:43:56.296668+00:00,SYNTH_NORM_014,dev_001,Kitchen,929,24.4,56.85,120,103,90,NORMAL,0,Synthetic simulation of NORMAL condition,synthetic
2026-09-16 05:43:57.296668+00:00,SYNTH_NORM_014,dev_001,Kitchen,929,24.46,56.73,118,102,90,NORMAL,0,Synthetic simulation of NORMAL condition,synthetic
2026-09-16 05:43:58.296668+00:00,SYNTH_NORM_014,dev_001,Kitchen,923,24.6,57.2,121,102,90,NORMAL,0,Synthetic simulation of NORMAL condition,synthetic
2026-09-16 05:43:59.296668+00:00,SYNTH_NORM_014,dev_001,Kitchen,933,24.44,56.63,118,102,90,NORMAL,0,Synthetic simulation of NORMAL condition,synthetic
2026-09-16 05:44:00.296668+00:00,SYNTH_NORM_014,dev_001,Kitchen,929,24.37,56.89,116,103,90,NORMAL,0,Synthetic simulation of NORMAL condition,synthetic
2026-09-16 05:44:01.296668+00:00,SYNTH_NORM_014,dev_001,Kitchen,926,24.31,56.73,116,100,90,NORMAL,0,Synthetic simulation of NORMAL condition,synthetic
2026-09-16 05:44:02.296668+00:00,SYNTH_NORM_014,dev_001,Kitchen,936,24.4,56.99,118,107,90,NORMAL,0,Synthetic simulation of NORMAL condition,synthetic
2026-09-16 05:44:03.296668+00:00,SYNTH_NORM_014,dev_001,Kitchen,928,24.32,57.22,121,106,90,NORMAL,0,Synthetic simulation of NORMAL condition,synthetic
2026-09-16 05:44:04.296668+00:00,SYNTH_NORM_014,dev_001,Kitchen,929,24.45,57.13,111,102,90,NORMAL,0,Synthetic simulation of NORMAL condition,synthetic
2026-09-16 05:44:05.296668+00:00,SYNTH_NORM_014,dev_001,Kitchen,926,24.62,56.75,120,103,90,NORMAL,0,Synthetic simulation of NORMAL condition,synthetic
2026-09-16 05:44:06.296668+00:00,SYNTH_NORM_014,dev_001,Kitchen,930,24.63,56.66,118,101,90,NORMAL,0,Synthetic simulation of NORMAL condition,synthetic
2026-09-16 05:44:07.296668+00:00,SYNTH_NORM_014,dev_001,Kitchen,931,24.5,56.69,115,102,90,NORMAL,0,Synthetic simulation of NORMAL condition,synthetic
2026-09-16 05:44:08.296668+00:00,SYNTH_NORM_014,dev_001,Kitchen,933,24.52,56.9,119,106,90,NORMAL,0,Synthetic simulation of NORMAL condition,synthetic
2026-09-16 05:44:09.296668+00:00,SYNTH_NORM_014,dev_001,Kitchen,927,24.6,56.59,118,98,90,NORMAL,0,Synthetic simulation of NORMAL condition,synthetic
2026-09-16 05:44:10.296668+00:00,SYNTH_NORM_014,dev_001,Kitchen,928,24.61,56.61,118,105,90,NORMAL,0,Synthetic simulation of NORMAL condition,synthetic
2026-09-16 05:44:11.296668+00:00,SYNTH_NORM_014,dev_001,Kitchen,922,24.55,56.8,122,102,90,NORMAL,0,Synthetic simulation of NORMAL condition,synthetic
2026-09-16 05:44:12.296668+00:00,SYNTH_NORM_014,dev_001,Kitchen,929,24.49,56.71,120,105,90,NORMAL,0,Synthetic simulation of NORMAL condition,synthetic
2026-09-16 05:44:13.296668+00:00,SYNTH_NORM_014,dev_001,Kitchen,935,24.57,57.0,117,100,90,NORMAL,0,Synthetic simulation of NORMAL condition,synthetic
2026-09-16 05:44:14.296668+00:00,SYNTH_NORM_014,dev_001,Kitchen,937,24.72,56.76,123,102,90,NORMAL,0,Synthetic simulation of NORMAL condition,synthetic
2026-09-16 05:44:15.296668+00:00,SYNTH_NORM_014,dev_001,Kitchen,935,24.24,56.68,114,101,90,NORMAL,0,Synthetic simulation of NORMAL condition,synthetic
2026-09-16 05:44:16.296668+00:00,SYNTH_NORM_014,dev_001,Kitchen,932,24.53,56.64,122,101,90,NORMAL,0,Synthetic simulation of NORMAL condition,synthetic
2026-09-16 05:44:17.296668+00:00,SYNTH_NORM_014,dev_001,Kitchen,925,24.53,56.42,114,103,90,NORMAL,0,Synthetic simulation of NORMAL condition,synthetic
2026-09-16 05:44:18.296668+00:00,SYNTH_NORM_014,dev_001,Kitchen,932,24.76,56.6,118,104,90,NORMAL,0,Synthetic simulation of NORMAL condition,synthetic
2026-09-16 05:44:19.296668+00:00,SYNTH_NORM_014,dev_001,Kitchen,924,24.48,56.7,113,103,90,NORMAL,0,Synthetic simulation of NORMAL condition,synthetic
2026-09-16 05:44:20.296668+00:00,SYNTH_NORM_014,dev_001,Kitchen,930,24.13,56.89,115,101,90,NORMAL,0,Synthetic simulation of NORMAL condition,synthetic
2026-09-16 05:44:21.296668+00:00,SYNTH_NORM_014,dev_001,Kitchen,933,24.5,56.71,118,103,90,NORMAL,0,Synthetic simulation of NORMAL condition,synthetic
2026-09-16 05:44:22.296668+00:00,SYNTH_NORM_014,dev_001,Kitchen,923,24.46,56.35,117,101,90,NORMAL,0,Synthetic simulation of NORMAL condition,synthetic
2026-09-16 05:44:23.296668+00:00,SYNTH_NORM_014,dev_001,Kitchen,930,24.42,57.14,113,100,90,NORMAL,0,Synthetic simulation of NORMAL condition,synthetic
2026-09-16 05:44:24.296668+00:00,SYNTH_NORM_014,dev_001,Kitchen,928,24.39,56.9,112,107,90,NORMAL,0,Synthetic simulation of NORMAL condition,synthetic
2026-09-16 05:44:25.296668+00:00,SYNTH_NORM_014,dev_001,Kitchen,929,24.39,56.66,118,100,90,NORMAL,0,Synthetic simulation of NORMAL condition,synthetic
2026-09-16 05:44:26.296668+00:00,SYNTH_NORM_014,dev_001,Kitchen,926,24.68,56.67,119,102,90,NORMAL,0,Synthetic simulation of NORMAL condition,synthetic
2026-09-16 05:44:27.296668+00:00,SYNTH_NORM_014,dev_001,Kitchen,933,24.82,56.96,118,106,90,NORMAL,0,Synthetic simulation of NORMAL condition,synthetic
2026-09-16 05:44:28.296668+00:00,SYNTH_NORM_014,dev_001,Kitchen,932,24.53,56.65,120,102,90,NORMAL,0,Synthetic simulation of NORMAL condition,synthetic
2026-09-16 05:44:29.296668+00:00,SYNTH_NORM_014,dev_001,Kitchen,930,24.51,56.34,119,100,90,NORMAL,0,Synthetic simulation of NORMAL condition,synthetic
2026-09-16 05:44:30.296668+00:00,SYNTH_NORM_014,dev_001,Kitchen,937,24.59,56.95,116,103,90,NORMAL,0,Synthetic simulation of NORMAL condition,synthetic
2026-09-16 05:44:31.296668+00:00,SYNTH_NORM_014,dev_001,Kitchen,926,24.6,57.14,117,104,90,NORMAL,0,Synthetic simulation of NORMAL condition,synthetic
2026-09-16 05:44:32.296668+00:00,SYNTH_NORM_014,dev_001,Kitchen,927,24.44,56.75,119,105,90,NORMAL,0,Synthetic simulation of NORMAL condition,synthetic
2026-09-16 05:44:33.296668+00:00,SYNTH_NORM_014,dev_001,Kitchen,930,24.61,56.85,116,100,90,NORMAL,0,Synthetic simulation of NORMAL condition,synthetic
2026-09-16 05:44:34.296668+00:00,SYNTH_NORM_014,dev_001,Kitchen,925,24.33,56.23,120,104,90,NORMAL,0,Synthetic simulation of NORMAL condition,synthetic
2026-09-16 05:44:35.296668+00:00,SYNTH_NORM_014,dev_001,Kitchen,934,24.55,56.52,114,100,90,NORMAL,0,Synthetic simulation of NORMAL condition,synthetic
2026-09-16 05:44:36.296668+00:00,SYNTH_NORM_014,dev_001,Kitchen,922,24.55,56.88,116,104,90,NORMAL,0,Synthetic simulation of NORMAL condition,synthetic
2026-09-16 05:44:37.296668+00:00,SYNTH_NORM_014,dev_001,Kitchen,929,24.36,56.6,117,101,90,NORMAL,0,Synthetic simulation of NORMAL condition,synthetic
2026-09-16 05:44:38.296668+00:00,SYNTH_NORM_014,dev_001,Kitchen,933,24.2,56.78,117,104,90,NORMAL,0,Synthetic simulation of NORMAL condition,synthetic
2026-09-16 05:44:39.296668+00:00,SYNTH_NORM_014,dev_001,Kitchen,924,24.46,56.35,119,101,90,NORMAL,0,Synthetic simulation of NORMAL condition,synthetic
2026-09-16 05:44:40.296668+00:00,SYNTH_NORM_014,dev_001,Kitchen,934,24.59,57.3,119,103,90,NORMAL,0,Synthetic simulation of NORMAL condition,synthetic
2026-09-16 05:44:41.296668+00:00,SYNTH_NORM_014,dev_001,Kitchen,925,24.46,56.92,115,101,90,NORMAL,0,Synthetic simulation of NORMAL condition,synthetic
2026-09-16 05:44:42.296668+00:00,SYNTH_NORM_014,dev_001,Kitchen,926,24.44,56.38,121,102,90,NORMAL,0,Synthetic simulation of NORMAL condition,synthetic
2026-09-16 05:44:43.296668+00:00,SYNTH_NORM_014,dev_001,Kitchen,928,24.53,57.04,114,102,90,NORMAL,0,Synthetic simulation of NORMAL condition,synthetic
2026-09-16 05:44:44.296668+00:00,SYNTH_NORM_014,dev_001,Kitchen,930,24.39,57.07,115,102,90,NORMAL,0,Synthetic simulation of NORMAL condition,synthetic
2026-09-16 05:44:45.296668+00:00,SYNTH_NORM_014,dev_001,Kitchen,930,24.6,56.92,117,103,90,NORMAL,0,Synthetic simulation of NORMAL condition,synthetic
2026-09-16 05:44:46.296668+00:00,SYNTH_NORM_014,dev_001,Kitchen,931,24.58,56.75,113,103,90,NORMAL,0,Synthetic simulation of NORMAL condition,synthetic
2026-09-16 05:44:47.296668+00:00,SYNTH_NORM_014,dev_001,Kitchen,928,24.31,56.76,121,104,90,NORMAL,0,Synthetic simulation of NORMAL condition,synthetic
2026-09-16 05:44:48.296668+00:00,SYNTH_NORM_014,dev_001,Kitchen,927,24.69,56.42,118,104,90,NORMAL,0,Synthetic simulation of NORMAL condition,synthetic
2026-09-16 05:44:49.296668+00:00,SYNTH_NORM_014,dev_001,Kitchen,931,24.56,56.84,116,100,90,NORMAL,0,Synthetic simulation of NORMAL condition,synthetic
2026-09-16 05:44:50.296668+00:00,SYNTH_NORM_014,dev_001,Kitchen,930,24.59,56.84,120,104,90,NORMAL,0,Synthetic simulation of NORMAL condition,synthetic
2026-09-16 05:44:51.296668+00:00,SYNTH_NORM_014,dev_001,Kitchen,927,24.57,57.0,117,101,90,NORMAL,0,Synthetic simulation of NORMAL condition,synthetic
2026-09-16 05:44:52.296668+00:00,SYNTH_NORM_014,dev_001,Kitchen,927,24.18,56.66,120,107,90,NORMAL,0,Synthetic simulation of NORMAL condition,synthetic
2026-09-16 05:42:53.298682+00:00,SYNTH_NORM_015,dev_001,Kitchen,889,24.0,54.0,125,110,90,NORMAL,0,Synthetic simulation of NORMAL condition,synthetic
2026-09-16 05:42:54.298682+00:00,SYNTH_NORM_015,dev_001,Kitchen,885,23.98,53.94,124,115,90,NORMAL,0,Synthetic simulation of NORMAL condition,synthetic
2026-09-16 05:42:55.298682+00:00,SYNTH_NORM_015,dev_001,Kitchen,884,24.24,53.74,122,116,90,NORMAL,0,Synthetic simulation of NORMAL condition,synthetic
2026-09-16 05:42:56.298682+00:00,SYNTH_NORM_015,dev_001,Kitchen,887,24.25,54.38,118,116,90,NORMAL,0,Synthetic simulation of NORMAL condition,synthetic
2026-09-16 05:42:57.298682+00:00,SYNTH_NORM_015,dev_001,Kitchen,881,24.46,54.28,118,112,90,NORMAL,0,Synthetic simulation of NORMAL condition,synthetic
2026-09-16 05:42:58.298682+00:00,SYNTH_NORM_015,dev_001,Kitchen,883,24.15,54.12,122,114,90,NORMAL,0,Synthetic simulation of NORMAL condition,synthetic
2026-09-16 05:42:59.298682+00:00,SYNTH_NORM_015,dev_001,Kitchen,883,24.28,54.16,123,117,90,NORMAL,0,Synthetic simulation of NORMAL condition,synthetic
2026-09-16 05:43:00.298682+00:00,SYNTH_NORM_015,dev_001,Kitchen,887,24.07,54.37,127,113,90,NORMAL,0,Synthetic simulation of NORMAL condition,synthetic
2026-09-16 05:43:01.298682+00:00,SYNTH_NORM_015,dev_001,Kitchen,878,24.26,53.82,125,108,90,NORMAL,0,Synthetic simulation of NORMAL condition,synthetic
2026-09-16 05:43:02.298682+00:00,SYNTH_NORM_015,dev_001,Kitchen,885,24.19,54.46,120,111,90,NORMAL,0,Synthetic simulation of NORMAL condition,synthetic
2026-09-16 05:43:03.298682+00:00,SYNTH_NORM_015,dev_001,Kitchen,878,24.24,54.06,118,115,90,NORMAL,0,Synthetic simulation of NORMAL condition,synthetic
2026-09-16 05:43:04.298682+00:00,SYNTH_NORM_015,dev_001,Kitchen,874,24.22,54.09,120,116,90,NORMAL,0,Synthetic simulation of NORMAL condition,synthetic
2026-09-16 05:43:05.298682+00:00,SYNTH_NORM_015,dev_001,Kitchen,883,24.21,53.98,120,112,90,NORMAL,0,Synthetic simulation of NORMAL condition,synthetic
2026-09-16 05:43:06.298682+00:00,SYNTH_NORM_015,dev_001,Kitchen,880,24.16,54.45,120,112,90,NORMAL,0,Synthetic simulation of NORMAL condition,synthetic
2026-09-16 05:43:07.298682+00:00,SYNTH_NORM_015,dev_001,Kitchen,882,24.42,54.33,128,112,90,NORMAL,0,Synthetic simulation of NORMAL condition,synthetic
2026-09-16 05:43:08.298682+00:00,SYNTH_NORM_015,dev_001,Kitchen,877,24.25,54.9,122,112,90,NORMAL,0,Synthetic simulation of NORMAL condition,synthetic
2026-09-16 05:43:09.298682+00:00,SYNTH_NORM_015,dev_001,Kitchen,884,24.03,54.25,119,110,90,NORMAL,0,Synthetic simulation of NORMAL condition,synthetic
2026-09-16 05:43:10.298682+00:00,SYNTH_NORM_015,dev_001,Kitchen,882,24.17,54.44,120,112,90,NORMAL,0,Synthetic simulation of NORMAL condition,synthetic
2026-09-16 05:43:11.298682+00:00,SYNTH_NORM_015,dev_001,Kitchen,889,24.07,54.08,122,111,90,NORMAL,0,Synthetic simulation of NORMAL condition,synthetic
2026-09-16 05:43:12.298682+00:00,SYNTH_NORM_015,dev_001,Kitchen,889,24.0,53.91,115,105,90,NORMAL,0,Synthetic simulation of NORMAL condition,synthetic
2026-09-16 05:43:13.298682+00:00,SYNTH_NORM_015,dev_001,Kitchen,885,24.44,53.97,122,112,90,NORMAL,0,Synthetic simulation of NORMAL condition,synthetic
2026-09-16 05:43:14.298682+00:00,SYNTH_NORM_015,dev_001,Kitchen,885,24.25,54.08,121,108,90,NORMAL,0,Synthetic simulation of NORMAL condition,synthetic
2026-09-16 05:43:15.298682+00:00,SYNTH_NORM_015,dev_001,Kitchen,888,24.11,54.03,121,113,90,NORMAL,0,Synthetic simulation of NORMAL condition,synthetic
2026-09-16 05:43:16.298682+00:00,SYNTH_NORM_015,dev_001,Kitchen,886,24.32,53.71,126,112,90,NORMAL,0,Synthetic simulation of NORMAL condition,synthetic
2026-09-16 05:43:17.298682+00:00,SYNTH_NORM_015,dev_001,Kitchen,878,24.15,53.89,117,117,90,NORMAL,0,Synthetic simulation of NORMAL condition,synthetic
2026-09-16 05:43:18.298682+00:00,SYNTH_NORM_015,dev_001,Kitchen,885,24.13,53.65,118,113,90,NORMAL,0,Synthetic simulation of NORMAL condition,synthetic
2026-09-16 05:43:19.298682+00:00,SYNTH_NORM_015,dev_001,Kitchen,886,24.22,54.21,127,111,90,NORMAL,0,Synthetic simulation of NORMAL condition,synthetic
2026-09-16 05:43:20.298682+00:00,SYNTH_NORM_015,dev_001,Kitchen,896,24.3,54.33,128,110,90,NORMAL,0,Synthetic simulation of NORMAL condition,synthetic
2026-09-16 05:43:21.298682+00:00,SYNTH_NORM_015,dev_001,Kitchen,888,24.14,54.39,123,112,90,NORMAL,0,Synthetic simulation of NORMAL condition,synthetic
2026-09-16 05:43:22.298682+00:00,SYNTH_NORM_015,dev_001,Kitchen,879,24.14,54.08,123,110,90,NORMAL,0,Synthetic simulation of NORMAL condition,synthetic
2026-09-16 05:43:23.298682+00:00,SYNTH_NORM_015,dev_001,Kitchen,888,24.37,54.52,114,109,90,NORMAL,0,Synthetic simulation of NORMAL condition,synthetic
2026-09-16 05:43:24.298682+00:00,SYNTH_NORM_015,dev_001,Kitchen,888,23.95,54.48,123,113,90,NORMAL,0,Synthetic simulation of NORMAL condition,synthetic
2026-09-16 05:43:25.298682+00:00,SYNTH_NORM_015,dev_001,Kitchen,879,24.13,54.03,118,109,90,NORMAL,0,Synthetic simulation of NORMAL condition,synthetic
2026-09-16 05:43:26.298682+00:00,SYNTH_NORM_015,dev_001,Kitchen,886,23.84,53.95,124,118,90,NORMAL,0,Synthetic simulation of NORMAL condition,synthetic
2026-09-16 05:43:27.298682+00:00,SYNTH_NORM_015,dev_001,Kitchen,879,23.9,53.96,119,113,90,NORMAL,0,Synthetic simulation of NORMAL condition,synthetic
2026-09-16 05:43:28.298682+00:00,SYNTH_NORM_015,dev_001,Kitchen,888,24.04,53.95,122,116,90,NORMAL,0,Synthetic simulation of NORMAL condition,synthetic
2026-09-16 05:43:29.298682+00:00,SYNTH_NORM_015,dev_001,Kitchen,878,23.96,53.87,122,108,90,NORMAL,0,Synthetic simulation of NORMAL condition,synthetic
2026-09-16 05:43:30.298682+00:00,SYNTH_NORM_015,dev_001,Kitchen,880,24.13,54.24,124,112,90,NORMAL,0,Synthetic simulation of NORMAL condition,synthetic
2026-09-16 05:43:31.298682+00:00,SYNTH_NORM_015,dev_001,Kitchen,878,24.11,54.37,122,116,90,NORMAL,0,Synthetic simulation of NORMAL condition,synthetic
2026-09-16 05:43:32.298682+00:00,SYNTH_NORM_015,dev_001,Kitchen,887,24.15,54.04,129,111,90,NORMAL,0,Synthetic simulation of NORMAL condition,synthetic
2026-09-16 05:43:33.298682+00:00,SYNTH_NORM_015,dev_001,Kitchen,880,24.38,54.02,120,110,90,NORMAL,0,Synthetic simulation of NORMAL condition,synthetic
2026-09-16 05:43:34.298682+00:00,SYNTH_NORM_015,dev_001,Kitchen,885,24.25,54.22,125,112,90,NORMAL,0,Synthetic simulation of NORMAL condition,synthetic
2026-09-16 05:43:35.298682+00:00,SYNTH_NORM_015,dev_001,Kitchen,893,24.38,54.26,120,114,90,NORMAL,0,Synthetic simulation of NORMAL condition,synthetic
2026-09-16 05:43:36.298682+00:00,SYNTH_NORM_015,dev_001,Kitchen,884,23.67,54.41,122,112,90,NORMAL,0,Synthetic simulation of NORMAL condition,synthetic
2026-09-16 05:43:37.298682+00:00,SYNTH_NORM_015,dev_001,Kitchen,883,24.26,54.22,122,113,90,NORMAL,0,Synthetic simulation of NORMAL condition,synthetic
2026-09-16 05:43:38.298682+00:00,SYNTH_NORM_015,dev_001,Kitchen,889,24.28,54.25,122,114,90,NORMAL,0,Synthetic simulation of NORMAL condition,synthetic
2026-09-16 05:43:39.298682+00:00,SYNTH_NORM_015,dev_001,Kitchen,888,24.21,54.22,118,112,90,NORMAL,0,Synthetic simulation of NORMAL condition,synthetic
2026-09-16 05:43:40.298682+00:00,SYNTH_NORM_015,dev_001,Kitchen,888,24.26,53.95,124,111,90,NORMAL,0,Synthetic simulation of NORMAL condition,synthetic
2026-09-16 05:43:41.298682+00:00,SYNTH_NORM_015,dev_001,Kitchen,889,24.3,54.12,125,112,90,NORMAL,0,Synthetic simulation of NORMAL condition,synthetic
2026-09-16 05:43:42.298682+00:00,SYNTH_NORM_015,dev_001,Kitchen,877,24.15,53.75,121,111,90,NORMAL,0,Synthetic simulation of NORMAL condition,synthetic
2026-09-16 05:43:43.298682+00:00,SYNTH_NORM_015,dev_001,Kitchen,880,23.98,54.04,122,114,90,NORMAL,0,Synthetic simulation of NORMAL condition,synthetic
2026-09-16 05:43:44.298682+00:00,SYNTH_NORM_015,dev_001,Kitchen,885,24.15,54.12,118,113,90,NORMAL,0,Synthetic simulation of NORMAL condition,synthetic
2026-09-16 05:43:45.298682+00:00,SYNTH_NORM_015,dev_001,Kitchen,887,24.23,54.05,121,112,90,NORMAL,0,Synthetic simulation of NORMAL condition,synthetic
2026-09-16 05:43:46.298682+00:00,SYNTH_NORM_015,dev_001,Kitchen,891,24.42,54.35,124,113,90,NORMAL,0,Synthetic simulation of NORMAL condition,synthetic
2026-09-16 05:43:47.298682+00:00,SYNTH_NORM_015,dev_001,Kitchen,880,24.19,53.95,127,115,90,NORMAL,0,Synthetic simulation of NORMAL condition,synthetic
2026-09-16 05:43:48.298682+00:00,SYNTH_NORM_015,dev_001,Kitchen,878,24.17,54.05,119,114,90,NORMAL,0,Synthetic simulation of NORMAL condition,synthetic
2026-09-16 05:43:49.298682+00:00,SYNTH_NORM_015,dev_001,Kitchen,887,23.96,54.12,117,110,90,NORMAL,0,Synthetic simulation of NORMAL condition,synthetic
2026-09-16 05:43:50.298682+00:00,SYNTH_NORM_015,dev_001,Kitchen,883,24.03,54.4,119,108,90,NORMAL,0,Synthetic simulation of NORMAL condition,synthetic
2026-09-16 05:43:51.298682+00:00,SYNTH_NORM_015,dev_001,Kitchen,888,24.38,54.16,124,110,90,NORMAL,0,Synthetic simulation of NORMAL condition,synthetic
2026-09-16 05:43:52.298682+00:00,SYNTH_NORM_015,dev_001,Kitchen,879,24.15,54.1,121,107,90,NORMAL,0,Synthetic simulation of NORMAL condition,synthetic
2026-09-16 05:43:53.298682+00:00,SYNTH_NORM_015,dev_001,Kitchen,882,24.19,54.16,118,108,90,NORMAL,0,Synthetic simulation of NORMAL condition,synthetic
2026-09-16 05:43:54.298682+00:00,SYNTH_NORM_015,dev_001,Kitchen,882,24.38,54.24,121,114,90,NORMAL,0,Synthetic simulation of NORMAL condition,synthetic
2026-09-16 05:43:55.298682+00:00,SYNTH_NORM_015,dev_001,Kitchen,885,24.33,53.97,125,116,90,NORMAL,0,Synthetic simulation of NORMAL condition,synthetic
2026-09-16 05:43:56.298682+00:00,SYNTH_NORM_015,dev_001,Kitchen,882,24.39,53.77,119,111,90,NORMAL,0,Synthetic simulation of NORMAL condition,synthetic
2026-09-16 05:43:57.298682+00:00,SYNTH_NORM_015,dev_001,Kitchen,886,23.88,54.01,121,117,90,NORMAL,0,Synthetic simulation of NORMAL condition,synthetic
2026-09-16 05:43:58.298682+00:00,SYNTH_NORM_015,dev_001,Kitchen,876,24.07,53.85,124,112,90,NORMAL,0,Synthetic simulation of NORMAL condition,synthetic
2026-09-16 05:43:59.298682+00:00,SYNTH_NORM_015,dev_001,Kitchen,879,24.06,53.89,122,113,90,NORMAL,0,Synthetic simulation of NORMAL condition,synthetic
2026-09-16 05:44:00.298682+00:00,SYNTH_NORM_015,dev_001,Kitchen,883,24.0,53.83,122,114,90,NORMAL,0,Synthetic simulation of NORMAL condition,synthetic
2026-09-16 05:44:01.298682+00:00,SYNTH_NORM_015,dev_001,Kitchen,885,24.15,53.85,120,113,90,NORMAL,0,Synthetic simulation of NORMAL condition,synthetic
2026-09-16 05:44:02.298682+00:00,SYNTH_NORM_015,dev_001,Kitchen,877,24.06,54.1,121,113,90,NORMAL,0,Synthetic simulation of NORMAL condition,synthetic
2026-09-16 05:44:03.298682+00:00,SYNTH_NORM_015,dev_001,Kitchen,886,24.04,54.04,122,113,90,NORMAL,0,Synthetic simulation of NORMAL condition,synthetic
2026-09-16 05:44:04.298682+00:00,SYNTH_NORM_015,dev_001,Kitchen,885,23.87,54.29,117,114,90,NORMAL,0,Synthetic simulation of NORMAL condition,synthetic
2026-09-16 05:44:05.298682+00:00,SYNTH_NORM_015,dev_001,Kitchen,880,24.27,53.99,123,111,90,NORMAL,0,Synthetic simulation of NORMAL condition,synthetic
2026-09-16 05:44:06.298682+00:00,SYNTH_NORM_015,dev_001,Kitchen,894,24.47,53.9,124,114,90,NORMAL,0,Synthetic simulation of NORMAL condition,synthetic
2026-09-16 05:44:07.298682+00:00,SYNTH_NORM_015,dev_001,Kitchen,887,24.16,54.01,125,111,90,NORMAL,0,Synthetic simulation of NORMAL condition,synthetic
2026-09-16 05:44:08.298682+00:00,SYNTH_NORM_015,dev_001,Kitchen,886,24.32,54.25,127,112,90,NORMAL,0,Synthetic simulation of NORMAL condition,synthetic
2026-09-16 05:44:09.298682+00:00,SYNTH_NORM_015,dev_001,Kitchen,886,24.27,53.99,123,110,90,NORMAL,0,Synthetic simulation of NORMAL condition,synthetic
2026-09-16 05:44:10.298682+00:00,SYNTH_NORM_015,dev_001,Kitchen,880,24.38,54.03,123,111,90,NORMAL,0,Synthetic simulation of NORMAL condition,synthetic
2026-09-16 05:44:11.298682+00:00,SYNTH_NORM_015,dev_001,Kitchen,876,24.19,54.26,121,114,90,NORMAL,0,Synthetic simulation of NORMAL condition,synthetic
2026-09-16 05:44:12.298682+00:00,SYNTH_NORM_015,dev_001,Kitchen,888,24.17,54.3,121,116,90,NORMAL,0,Synthetic simulation of NORMAL condition,synthetic
2026-09-16 05:44:13.298682+00:00,SYNTH_NORM_015,dev_001,Kitchen,882,24.29,54.36,122,112,90,NORMAL,0,Synthetic simulation of NORMAL condition,synthetic
2026-09-16 05:44:14.298682+00:00,SYNTH_NORM_015,dev_001,Kitchen,877,24.08,53.92,123,112,90,NORMAL,0,Synthetic simulation of NORMAL condition,synthetic
2026-09-16 05:44:15.298682+00:00,SYNTH_NORM_015,dev_001,Kitchen,883,24.43,54.2,118,114,90,NORMAL,0,Synthetic simulation of NORMAL condition,synthetic
2026-09-16 05:44:16.298682+00:00,SYNTH_NORM_015,dev_001,Kitchen,885,24.27,54.24,122,112,90,NORMAL,0,Synthetic simulation of NORMAL condition,synthetic
2026-09-16 05:44:17.298682+00:00,SYNTH_NORM_015,dev_001,Kitchen,893,23.99,53.82,125,114,90,NORMAL,0,Synthetic simulation of NORMAL condition,synthetic
2026-09-16 05:44:18.298682+00:00,SYNTH_NORM_015,dev_001,Kitchen,882,24.38,54.03,119,111,90,NORMAL,0,Synthetic simulation of NORMAL condition,synthetic
2026-09-16 05:44:19.298682+00:00,SYNTH_NORM_015,dev_001,Kitchen,887,24.47,53.62,129,110,90,NORMAL,0,Synthetic simulation of NORMAL condition,synthetic
2026-09-16 05:44:20.298682+00:00,SYNTH_NORM_015,dev_001,Kitchen,890,24.08,53.82,120,112,90,NORMAL,0,Synthetic simulation of NORMAL condition,synthetic
2026-09-16 05:44:21.298682+00:00,SYNTH_NORM_015,dev_001,Kitchen,869,24.18,54.39,123,112,90,NORMAL,0,Synthetic simulation of NORMAL condition,synthetic
2026-09-16 05:44:22.298682+00:00,SYNTH_NORM_015,dev_001,Kitchen,890,24.09,54.22,120,112,90,NORMAL,0,Synthetic simulation of NORMAL condition,synthetic
2026-09-16 05:44:23.298682+00:00,SYNTH_NORM_015,dev_001,Kitchen,888,24.21,53.75,121,109,90,NORMAL,0,Synthetic simulation of NORMAL condition,synthetic
2026-09-16 05:44:24.298682+00:00,SYNTH_NORM_015,dev_001,Kitchen,889,24.2,53.96,124,113,90,NORMAL,0,Synthetic simulation of NORMAL condition,synthetic
2026-09-16 05:44:25.298682+00:00,SYNTH_NORM_015,dev_001,Kitchen,884,24.15,54.05,119,115,90,NORMAL,0,Synthetic simulation of NORMAL condition,synthetic
2026-09-16 05:44:26.298682+00:00,SYNTH_NORM_015,dev_001,Kitchen,883,24.4,54.04,128,112,90,NORMAL,0,Synthetic simulation of NORMAL condition,synthetic
2026-09-16 05:44:27.298682+00:00,SYNTH_NORM_015,dev_001,Kitchen,884,24.31,53.64,122,117,90,NORMAL,0,Synthetic simulation of NORMAL condition,synthetic
2026-09-16 05:44:28.298682+00:00,SYNTH_NORM_015,dev_001,Kitchen,881,24.1,53.84,122,113,90,NORMAL,0,Synthetic simulation of NORMAL condition,synthetic
2026-09-16 05:44:29.298682+00:00,SYNTH_NORM_015,dev_001,Kitchen,883,24.04,54.02,123,114,90,NORMAL,0,Synthetic simulation of NORMAL condition,synthetic
2026-09-16 05:44:30.298682+00:00,SYNTH_NORM_015,dev_001,Kitchen,881,24.18,53.94,128,112,90,NORMAL,0,Synthetic simulation of NORMAL condition,synthetic
2026-09-16 05:44:31.298682+00:00,SYNTH_NORM_015,dev_001,Kitchen,881,24.49,53.87,125,105,90,NORMAL,0,Synthetic simulation of NORMAL condition,synthetic
2026-09-16 05:44:32.298682+00:00,SYNTH_NORM_015,dev_001,Kitchen,889,24.03,54.03,122,114,90,NORMAL,0,Synthetic simulation of NORMAL condition,synthetic
2026-09-16 05:44:33.298682+00:00,SYNTH_NORM_015,dev_001,Kitchen,890,24.48,54.18,126,113,90,NORMAL,0,Synthetic simulation of NORMAL condition,synthetic
2026-09-16 05:44:34.298682+00:00,SYNTH_NORM_015,dev_001,Kitchen,879,24.13,53.8,120,107,90,NORMAL,0,Synthetic simulation of NORMAL condition,synthetic
2026-09-16 05:44:35.298682+00:00,SYNTH_NORM_015,dev_001,Kitchen,890,23.99,54.21,124,115,90,NORMAL,0,Synthetic simulation of NORMAL condition,synthetic
2026-09-16 05:44:36.298682+00:00,SYNTH_NORM_015,dev_001,Kitchen,874,24.43,53.84,122,105,90,NORMAL,0,Synthetic simulation of NORMAL condition,synthetic
2026-09-16 05:44:37.298682+00:00,SYNTH_NORM_015,dev_001,Kitchen,885,23.93,54.35,122,117,90,NORMAL,0,Synthetic simulation of NORMAL condition,synthetic
2026-09-16 05:44:38.298682+00:00,SYNTH_NORM_015,dev_001,Kitchen,881,24.19,54.1,122,114,90,NORMAL,0,Synthetic simulation of NORMAL condition,synthetic
2026-09-16 05:44:39.298682+00:00,SYNTH_NORM_015,dev_001,Kitchen,881,24.3,54.13,120,115,90,NORMAL,0,Synthetic simulation of NORMAL condition,synthetic
2026-09-16 05:44:40.298682+00:00,SYNTH_NORM_015,dev_001,Kitchen,882,24.17,54.19,120,113,90,NORMAL,0,Synthetic simulation of NORMAL condition,synthetic
2026-09-16 05:44:41.298682+00:00,SYNTH_NORM_015,dev_001,Kitchen,878,24.14,53.58,125,110,90,NORMAL,0,Synthetic simulation of NORMAL condition,synthetic
2026-09-16 05:44:42.298682+00:00,SYNTH_NORM_015,dev_001,Kitchen,891,24.34,53.51,127,113,90,NORMAL,0,Synthetic simulation of NORMAL condition,synthetic
2026-09-16 05:44:43.298682+00:00,SYNTH_NORM_015,dev_001,Kitchen,878,24.23,53.82,126,109,90,NORMAL,0,Synthetic simulation of NORMAL condition,synthetic
2026-09-16 05:44:44.298682+00:00,SYNTH_NORM_015,dev_001,Kitchen,874,24.26,54.07,122,113,90,NORMAL,0,Synthetic simulation of NORMAL condition,synthetic
2026-09-16 05:44:45.298682+00:00,SYNTH_NORM_015,dev_001,Kitchen,879,24.36,54.02,125,113,90,NORMAL,0,Synthetic simulation of NORMAL condition,synthetic
2026-09-16 05:44:46.298682+00:00,SYNTH_NORM_015,dev_001,Kitchen,882,24.33,53.5,117,114,90,NORMAL,0,Synthetic simulation of NORMAL condition,synthetic
2026-09-16 05:44:47.298682+00:00,SYNTH_NORM_015,dev_001,Kitchen,882,24.01,53.95,125,113,90,NORMAL,0,Synthetic simulation of NORMAL condition,synthetic
2026-09-16 05:44:48.298682+00:00,SYNTH_NORM_015,dev_001,Kitchen,885,24.16,54.33,120,110,90,NORMAL,0,Synthetic simulation of NORMAL condition,synthetic
2026-09-16 05:44:49.298682+00:00,SYNTH_NORM_015,dev_001,Kitchen,882,24.38,53.81,127,112,90,NORMAL,0,Synthetic simulation of NORMAL condition,synthetic
2026-09-16 05:44:50.298682+00:00,SYNTH_NORM_015,dev_001,Kitchen,887,24.11,54.43,122,114,90,NORMAL,0,Synthetic simulation of NORMAL condition,synthetic
2026-09-16 05:44:51.298682+00:00,SYNTH_NORM_015,dev_001,Kitchen,884,24.35,53.92,121,115,90,NORMAL,0,Synthetic simulation of NORMAL condition,synthetic
2026-09-16 05:44:52.298682+00:00,SYNTH_NORM_015,dev_001,Kitchen,887,24.29,54.64,118,118,90,NORMAL,0,Synthetic simulation of NORMAL condition,synthetic
